id,split,landmark_id,landmark_name,new_path
train_10363_1,train,10363,"Pham Ngu Lao Street, Ho Chi Minh City",../../data/landmark_vietnam_dataset_split\train\10363\train_10363_1.jpg
train_10363_2,train,10363,"Pham Ngu Lao Street, Ho Chi Minh City",../../data/landmark_vietnam_dataset_split\train\10363\train_10363_2.jpg
train_10363_3,train,10363,"Pham Ngu Lao Street, Ho Chi Minh City",../../data/landmark_vietnam_dataset_split\train\10363\train_10363_3.jpg
train_10363_4,train,10363,"Pham Ngu Lao Street, Ho Chi Minh City",../../data/landmark_vietnam_dataset_split\train\10363\train_10363_4.jpg
train_10363_5,train,10363,"Pham Ngu Lao Street, Ho Chi Minh City",../../data/landmark_vietnam_dataset_split\train\10363\train_10363_5.jpg
train_10363_6,train,10363,"Pham Ngu Lao Street, Ho Chi Minh City",../../data/landmark_vietnam_dataset_split\train\10363\train_10363_6.jpg
train_10363_7,train,10363,"Pham Ngu Lao Street, Ho Chi Minh City",../../data/landmark_vietnam_dataset_split\train\10363\train_10363_7.jpg
train_10363_8,train,10363,"Pham Ngu Lao Street, Ho Chi Minh City",../../data/landmark_vietnam_dataset_split\train\10363\train_10363_8.jpg
train_10363_9,train,10363,"Pham Ngu Lao Street, Ho Chi Minh City",../../data/landmark_vietnam_dataset_split\train\10363\train_10363_9.jpg
train_10363_10,train,10363,"Pham Ngu Lao Street, Ho Chi Minh City",../../data/landmark_vietnam_dataset_split\train\10363\train_10363_10.jpg
train_10363_11,train,10363,"Pham Ngu Lao Street, Ho Chi Minh City",../../data/landmark_vietnam_dataset_split\train\10363\train_10363_11.jpg
train_10363_12,train,10363,"Pham Ngu Lao Street, Ho Chi Minh City",../../data/landmark_vietnam_dataset_split\train\10363\train_10363_12.jpg
train_10363_13,train,10363,"Pham Ngu Lao Street, Ho Chi Minh City",../../data/landmark_vietnam_dataset_split\train\10363\train_10363_13.jpg
train_10363_14,train,10363,"Pham Ngu Lao Street, Ho Chi Minh City",../../data/landmark_vietnam_dataset_split\train\10363\train_10363_14.jpg
train_10363_15,train,10363,"Pham Ngu Lao Street, Ho Chi Minh City",../../data/landmark_vietnam_dataset_split\train\10363\train_10363_15.jpg
train_10363_16,train,10363,"Pham Ngu Lao Street, Ho Chi Minh City",../../data/landmark_vietnam_dataset_split\train\10363\train_10363_16.jpg
train_10363_17,train,10363,"Pham Ngu Lao Street, Ho Chi Minh City",../../data/landmark_vietnam_dataset_split\train\10363\train_10363_17.jpg
train_10363_18,train,10363,"Pham Ngu Lao Street, Ho Chi Minh City",../../data/landmark_vietnam_dataset_split\train\10363\train_10363_18.jpg
train_10363_19,train,10363,"Pham Ngu Lao Street, Ho Chi Minh City",../../data/landmark_vietnam_dataset_split\train\10363\train_10363_19.jpg
train_10363_20,train,10363,"Pham Ngu Lao Street, Ho Chi Minh City",../../data/landmark_vietnam_dataset_split\train\10363\train_10363_20.jpg
train_10363_21,train,10363,"Pham Ngu Lao Street, Ho Chi Minh City",../../data/landmark_vietnam_dataset_split\train\10363\train_10363_21.jpg
train_10363_22,train,10363,"Pham Ngu Lao Street, Ho Chi Minh City",../../data/landmark_vietnam_dataset_split\train\10363\train_10363_22.jpg
train_10363_23,train,10363,"Pham Ngu Lao Street, Ho Chi Minh City",../../data/landmark_vietnam_dataset_split\train\10363\train_10363_23.jpg
train_10363_24,train,10363,"Pham Ngu Lao Street, Ho Chi Minh City",../../data/landmark_vietnam_dataset_split\train\10363\train_10363_24.jpg
train_10363_25,train,10363,"Pham Ngu Lao Street, Ho Chi Minh City",../../data/landmark_vietnam_dataset_split\train\10363\train_10363_25.jpg
train_10363_26,train,10363,"Pham Ngu Lao Street, Ho Chi Minh City",../../data/landmark_vietnam_dataset_split\train\10363\train_10363_26.jpg
train_10363_27,train,10363,"Pham Ngu Lao Street, Ho Chi Minh City",../../data/landmark_vietnam_dataset_split\train\10363\train_10363_27.jpg
train_104622_1,train,104622,Kim Lien shrine,../../data/landmark_vietnam_dataset_split\train\104622\train_104622_1.jpg
train_104622_2,train,104622,Kim Lien shrine,../../data/landmark_vietnam_dataset_split\train\104622\train_104622_2.jpg
train_104622_3,train,104622,Kim Lien shrine,../../data/landmark_vietnam_dataset_split\train\104622\train_104622_3.jpg
train_104622_4,train,104622,Kim Lien shrine,../../data/landmark_vietnam_dataset_split\train\104622\train_104622_4.jpg
train_104622_5,train,104622,Kim Lien shrine,../../data/landmark_vietnam_dataset_split\train\104622\train_104622_5.jpg
train_104622_6,train,104622,Kim Lien shrine,../../data/landmark_vietnam_dataset_split\train\104622\train_104622_6.jpg
train_104622_7,train,104622,Kim Lien shrine,../../data/landmark_vietnam_dataset_split\train\104622\train_104622_7.jpg
train_104622_8,train,104622,Kim Lien shrine,../../data/landmark_vietnam_dataset_split\train\104622\train_104622_8.jpg
train_104622_9,train,104622,Kim Lien shrine,../../data/landmark_vietnam_dataset_split\train\104622\train_104622_9.jpg
train_104622_10,train,104622,Kim Lien shrine,../../data/landmark_vietnam_dataset_split\train\104622\train_104622_10.jpg
train_104622_11,train,104622,Kim Lien shrine,../../data/landmark_vietnam_dataset_split\train\104622\train_104622_11.jpg
train_104622_12,train,104622,Kim Lien shrine,../../data/landmark_vietnam_dataset_split\train\104622\train_104622_12.jpg
train_104622_13,train,104622,Kim Lien shrine,../../data/landmark_vietnam_dataset_split\train\104622\train_104622_13.jpg
train_104622_14,train,104622,Kim Lien shrine,../../data/landmark_vietnam_dataset_split\train\104622\train_104622_14.jpg
train_104622_15,train,104622,Kim Lien shrine,../../data/landmark_vietnam_dataset_split\train\104622\train_104622_15.jpg
train_104622_16,train,104622,Kim Lien shrine,../../data/landmark_vietnam_dataset_split\train\104622\train_104622_16.jpg
train_104622_17,train,104622,Kim Lien shrine,../../data/landmark_vietnam_dataset_split\train\104622\train_104622_17.jpg
train_104622_18,train,104622,Kim Lien shrine,../../data/landmark_vietnam_dataset_split\train\104622\train_104622_18.jpg
train_104622_19,train,104622,Kim Lien shrine,../../data/landmark_vietnam_dataset_split\train\104622\train_104622_19.jpg
train_104622_20,train,104622,Kim Lien shrine,../../data/landmark_vietnam_dataset_split\train\104622\train_104622_20.jpg
train_104622_21,train,104622,Kim Lien shrine,../../data/landmark_vietnam_dataset_split\train\104622\train_104622_21.jpg
train_104627_1,train,104627,Pavilion of Splendour (Citadel of Huế),../../data/landmark_vietnam_dataset_split\train\104627\train_104627_1.jpg
train_104627_2,train,104627,Pavilion of Splendour (Citadel of Huế),../../data/landmark_vietnam_dataset_split\train\104627\train_104627_2.jpg
train_104627_3,train,104627,Pavilion of Splendour (Citadel of Huế),../../data/landmark_vietnam_dataset_split\train\104627\train_104627_3.jpg
train_104627_4,train,104627,Pavilion of Splendour (Citadel of Huế),../../data/landmark_vietnam_dataset_split\train\104627\train_104627_4.jpg
train_104627_5,train,104627,Pavilion of Splendour (Citadel of Huế),../../data/landmark_vietnam_dataset_split\train\104627\train_104627_5.jpg
train_104627_6,train,104627,Pavilion of Splendour (Citadel of Huế),../../data/landmark_vietnam_dataset_split\train\104627\train_104627_6.jpg
train_104627_7,train,104627,Pavilion of Splendour (Citadel of Huế),../../data/landmark_vietnam_dataset_split\train\104627\train_104627_7.jpg
train_104627_8,train,104627,Pavilion of Splendour (Citadel of Huế),../../data/landmark_vietnam_dataset_split\train\104627\train_104627_8.jpg
train_104627_9,train,104627,Pavilion of Splendour (Citadel of Huế),../../data/landmark_vietnam_dataset_split\train\104627\train_104627_9.jpg
train_104627_10,train,104627,Pavilion of Splendour (Citadel of Huế),../../data/landmark_vietnam_dataset_split\train\104627\train_104627_10.jpg
train_104627_11,train,104627,Pavilion of Splendour (Citadel of Huế),../../data/landmark_vietnam_dataset_split\train\104627\train_104627_11.jpg
train_104627_12,train,104627,Pavilion of Splendour (Citadel of Huế),../../data/landmark_vietnam_dataset_split\train\104627\train_104627_12.jpg
train_104627_13,train,104627,Pavilion of Splendour (Citadel of Huế),../../data/landmark_vietnam_dataset_split\train\104627\train_104627_13.jpg
train_104627_14,train,104627,Pavilion of Splendour (Citadel of Huế),../../data/landmark_vietnam_dataset_split\train\104627\train_104627_14.jpg
train_104627_15,train,104627,Pavilion of Splendour (Citadel of Huế),../../data/landmark_vietnam_dataset_split\train\104627\train_104627_15.jpg
train_104627_16,train,104627,Pavilion of Splendour (Citadel of Huế),../../data/landmark_vietnam_dataset_split\train\104627\train_104627_16.jpg
train_104627_17,train,104627,Pavilion of Splendour (Citadel of Huế),../../data/landmark_vietnam_dataset_split\train\104627\train_104627_17.jpg
train_104627_18,train,104627,Pavilion of Splendour (Citadel of Huế),../../data/landmark_vietnam_dataset_split\train\104627\train_104627_18.jpg
train_104627_19,train,104627,Pavilion of Splendour (Citadel of Huế),../../data/landmark_vietnam_dataset_split\train\104627\train_104627_19.jpg
train_104627_20,train,104627,Pavilion of Splendour (Citadel of Huế),../../data/landmark_vietnam_dataset_split\train\104627\train_104627_20.jpg
train_104627_21,train,104627,Pavilion of Splendour (Citadel of Huế),../../data/landmark_vietnam_dataset_split\train\104627\train_104627_21.jpg
train_104627_22,train,104627,Pavilion of Splendour (Citadel of Huế),../../data/landmark_vietnam_dataset_split\train\104627\train_104627_22.jpg
train_104627_23,train,104627,Pavilion of Splendour (Citadel of Huế),../../data/landmark_vietnam_dataset_split\train\104627\train_104627_23.jpg
train_104627_24,train,104627,Pavilion of Splendour (Citadel of Huế),../../data/landmark_vietnam_dataset_split\train\104627\train_104627_24.jpg
train_104627_25,train,104627,Pavilion of Splendour (Citadel of Huế),../../data/landmark_vietnam_dataset_split\train\104627\train_104627_25.jpg
train_104627_26,train,104627,Pavilion of Splendour (Citadel of Huế),../../data/landmark_vietnam_dataset_split\train\104627\train_104627_26.jpg
train_104627_27,train,104627,Pavilion of Splendour (Citadel of Huế),../../data/landmark_vietnam_dataset_split\train\104627\train_104627_27.jpg
train_104896_1,train,104896,Angkorajaborey Pagoda,../../data/landmark_vietnam_dataset_split\train\104896\train_104896_1.jpg
train_104896_2,train,104896,Angkorajaborey Pagoda,../../data/landmark_vietnam_dataset_split\train\104896\train_104896_2.jpg
train_104896_3,train,104896,Angkorajaborey Pagoda,../../data/landmark_vietnam_dataset_split\train\104896\train_104896_3.jpg
train_104896_4,train,104896,Angkorajaborey Pagoda,../../data/landmark_vietnam_dataset_split\train\104896\train_104896_4.jpg
train_104896_5,train,104896,Angkorajaborey Pagoda,../../data/landmark_vietnam_dataset_split\train\104896\train_104896_5.jpg
train_104896_6,train,104896,Angkorajaborey Pagoda,../../data/landmark_vietnam_dataset_split\train\104896\train_104896_6.jpg
train_104896_7,train,104896,Angkorajaborey Pagoda,../../data/landmark_vietnam_dataset_split\train\104896\train_104896_7.jpg
train_104896_8,train,104896,Angkorajaborey Pagoda,../../data/landmark_vietnam_dataset_split\train\104896\train_104896_8.jpg
train_104896_9,train,104896,Angkorajaborey Pagoda,../../data/landmark_vietnam_dataset_split\train\104896\train_104896_9.jpg
train_104896_10,train,104896,Angkorajaborey Pagoda,../../data/landmark_vietnam_dataset_split\train\104896\train_104896_10.jpg
train_104896_11,train,104896,Angkorajaborey Pagoda,../../data/landmark_vietnam_dataset_split\train\104896\train_104896_11.jpg
train_104896_12,train,104896,Angkorajaborey Pagoda,../../data/landmark_vietnam_dataset_split\train\104896\train_104896_12.jpg
train_104896_13,train,104896,Angkorajaborey Pagoda,../../data/landmark_vietnam_dataset_split\train\104896\train_104896_13.jpg
train_104896_14,train,104896,Angkorajaborey Pagoda,../../data/landmark_vietnam_dataset_split\train\104896\train_104896_14.jpg
train_104896_15,train,104896,Angkorajaborey Pagoda,../../data/landmark_vietnam_dataset_split\train\104896\train_104896_15.jpg
train_104896_16,train,104896,Angkorajaborey Pagoda,../../data/landmark_vietnam_dataset_split\train\104896\train_104896_16.jpg
train_104896_17,train,104896,Angkorajaborey Pagoda,../../data/landmark_vietnam_dataset_split\train\104896\train_104896_17.jpg
train_104896_18,train,104896,Angkorajaborey Pagoda,../../data/landmark_vietnam_dataset_split\train\104896\train_104896_18.jpg
train_107747_1,train,107747,"Imperial City, Huế",../../data/landmark_vietnam_dataset_split\train\107747\train_107747_1.jpg
train_107747_2,train,107747,"Imperial City, Huế",../../data/landmark_vietnam_dataset_split\train\107747\train_107747_2.jpg
train_107747_3,train,107747,"Imperial City, Huế",../../data/landmark_vietnam_dataset_split\train\107747\train_107747_3.jpg
train_107747_4,train,107747,"Imperial City, Huế",../../data/landmark_vietnam_dataset_split\train\107747\train_107747_4.jpg
train_107747_5,train,107747,"Imperial City, Huế",../../data/landmark_vietnam_dataset_split\train\107747\train_107747_5.jpg
train_107747_6,train,107747,"Imperial City, Huế",../../data/landmark_vietnam_dataset_split\train\107747\train_107747_6.jpg
train_107747_7,train,107747,"Imperial City, Huế",../../data/landmark_vietnam_dataset_split\train\107747\train_107747_7.jpg
train_107747_8,train,107747,"Imperial City, Huế",../../data/landmark_vietnam_dataset_split\train\107747\train_107747_8.jpg
train_107747_9,train,107747,"Imperial City, Huế",../../data/landmark_vietnam_dataset_split\train\107747\train_107747_9.jpg
train_107747_10,train,107747,"Imperial City, Huế",../../data/landmark_vietnam_dataset_split\train\107747\train_107747_10.jpg
train_107747_11,train,107747,"Imperial City, Huế",../../data/landmark_vietnam_dataset_split\train\107747\train_107747_11.jpg
train_107747_12,train,107747,"Imperial City, Huế",../../data/landmark_vietnam_dataset_split\train\107747\train_107747_12.jpg
train_107747_13,train,107747,"Imperial City, Huế",../../data/landmark_vietnam_dataset_split\train\107747\train_107747_13.jpg
train_107747_14,train,107747,"Imperial City, Huế",../../data/landmark_vietnam_dataset_split\train\107747\train_107747_14.jpg
train_107747_15,train,107747,"Imperial City, Huế",../../data/landmark_vietnam_dataset_split\train\107747\train_107747_15.jpg
train_107747_16,train,107747,"Imperial City, Huế",../../data/landmark_vietnam_dataset_split\train\107747\train_107747_16.jpg
train_107747_17,train,107747,"Imperial City, Huế",../../data/landmark_vietnam_dataset_split\train\107747\train_107747_17.jpg
train_107747_18,train,107747,"Imperial City, Huế",../../data/landmark_vietnam_dataset_split\train\107747\train_107747_18.jpg
train_10877_1,train,10877,Phat Tich pagoda,../../data/landmark_vietnam_dataset_split\train\10877\train_10877_1.jpg
train_10877_2,train,10877,Phat Tich pagoda,../../data/landmark_vietnam_dataset_split\train\10877\train_10877_2.jpg
train_10877_3,train,10877,Phat Tich pagoda,../../data/landmark_vietnam_dataset_split\train\10877\train_10877_3.jpg
train_10877_4,train,10877,Phat Tich pagoda,../../data/landmark_vietnam_dataset_split\train\10877\train_10877_4.jpg
train_10877_5,train,10877,Phat Tich pagoda,../../data/landmark_vietnam_dataset_split\train\10877\train_10877_5.jpg
train_10877_6,train,10877,Phat Tich pagoda,../../data/landmark_vietnam_dataset_split\train\10877\train_10877_6.jpg
train_10877_7,train,10877,Phat Tich pagoda,../../data/landmark_vietnam_dataset_split\train\10877\train_10877_7.jpg
train_10877_8,train,10877,Phat Tich pagoda,../../data/landmark_vietnam_dataset_split\train\10877\train_10877_8.jpg
train_10877_9,train,10877,Phat Tich pagoda,../../data/landmark_vietnam_dataset_split\train\10877\train_10877_9.jpg
train_10877_10,train,10877,Phat Tich pagoda,../../data/landmark_vietnam_dataset_split\train\10877\train_10877_10.jpg
train_10877_11,train,10877,Phat Tich pagoda,../../data/landmark_vietnam_dataset_split\train\10877\train_10877_11.jpg
train_10877_12,train,10877,Phat Tich pagoda,../../data/landmark_vietnam_dataset_split\train\10877\train_10877_12.jpg
train_10877_13,train,10877,Phat Tich pagoda,../../data/landmark_vietnam_dataset_split\train\10877\train_10877_13.jpg
train_10877_14,train,10877,Phat Tich pagoda,../../data/landmark_vietnam_dataset_split\train\10877\train_10877_14.jpg
train_10877_15,train,10877,Phat Tich pagoda,../../data/landmark_vietnam_dataset_split\train\10877\train_10877_15.jpg
train_10877_16,train,10877,Phat Tich pagoda,../../data/landmark_vietnam_dataset_split\train\10877\train_10877_16.jpg
train_10877_17,train,10877,Phat Tich pagoda,../../data/landmark_vietnam_dataset_split\train\10877\train_10877_17.jpg
train_10877_18,train,10877,Phat Tich pagoda,../../data/landmark_vietnam_dataset_split\train\10877\train_10877_18.jpg
train_10877_19,train,10877,Phat Tich pagoda,../../data/landmark_vietnam_dataset_split\train\10877\train_10877_19.jpg
train_10877_20,train,10877,Phat Tich pagoda,../../data/landmark_vietnam_dataset_split\train\10877\train_10877_20.jpg
train_10877_21,train,10877,Phat Tich pagoda,../../data/landmark_vietnam_dataset_split\train\10877\train_10877_21.jpg
train_10877_22,train,10877,Phat Tich pagoda,../../data/landmark_vietnam_dataset_split\train\10877\train_10877_22.jpg
train_10877_23,train,10877,Phat Tich pagoda,../../data/landmark_vietnam_dataset_split\train\10877\train_10877_23.jpg
train_10877_24,train,10877,Phat Tich pagoda,../../data/landmark_vietnam_dataset_split\train\10877\train_10877_24.jpg
train_10877_25,train,10877,Phat Tich pagoda,../../data/landmark_vietnam_dataset_split\train\10877\train_10877_25.jpg
train_10877_26,train,10877,Phat Tich pagoda,../../data/landmark_vietnam_dataset_split\train\10877\train_10877_26.jpg
train_10877_27,train,10877,Phat Tich pagoda,../../data/landmark_vietnam_dataset_split\train\10877\train_10877_27.jpg
train_109509_1,train,109509,Bach Ma,../../data/landmark_vietnam_dataset_split\train\109509\train_109509_1.jpg
train_109509_2,train,109509,Bach Ma,../../data/landmark_vietnam_dataset_split\train\109509\train_109509_2.jpg
train_109509_3,train,109509,Bach Ma,../../data/landmark_vietnam_dataset_split\train\109509\train_109509_3.jpg
train_109509_4,train,109509,Bach Ma,../../data/landmark_vietnam_dataset_split\train\109509\train_109509_4.jpg
train_109509_5,train,109509,Bach Ma,../../data/landmark_vietnam_dataset_split\train\109509\train_109509_5.jpg
train_109509_6,train,109509,Bach Ma,../../data/landmark_vietnam_dataset_split\train\109509\train_109509_6.jpg
train_109509_7,train,109509,Bach Ma,../../data/landmark_vietnam_dataset_split\train\109509\train_109509_7.jpg
train_109509_8,train,109509,Bach Ma,../../data/landmark_vietnam_dataset_split\train\109509\train_109509_8.jpg
train_109509_9,train,109509,Bach Ma,../../data/landmark_vietnam_dataset_split\train\109509\train_109509_9.jpg
train_109509_10,train,109509,Bach Ma,../../data/landmark_vietnam_dataset_split\train\109509\train_109509_10.jpg
train_109509_11,train,109509,Bach Ma,../../data/landmark_vietnam_dataset_split\train\109509\train_109509_11.jpg
train_109509_12,train,109509,Bach Ma,../../data/landmark_vietnam_dataset_split\train\109509\train_109509_12.jpg
train_109509_13,train,109509,Bach Ma,../../data/landmark_vietnam_dataset_split\train\109509\train_109509_13.jpg
train_109509_14,train,109509,Bach Ma,../../data/landmark_vietnam_dataset_split\train\109509\train_109509_14.jpg
train_109509_15,train,109509,Bach Ma,../../data/landmark_vietnam_dataset_split\train\109509\train_109509_15.jpg
train_109993_1,train,109993,Nui Coc Lake,../../data/landmark_vietnam_dataset_split\train\109993\train_109993_1.jpg
train_109993_2,train,109993,Nui Coc Lake,../../data/landmark_vietnam_dataset_split\train\109993\train_109993_2.jpg
train_109993_3,train,109993,Nui Coc Lake,../../data/landmark_vietnam_dataset_split\train\109993\train_109993_3.jpg
train_109993_4,train,109993,Nui Coc Lake,../../data/landmark_vietnam_dataset_split\train\109993\train_109993_4.jpg
train_109993_5,train,109993,Nui Coc Lake,../../data/landmark_vietnam_dataset_split\train\109993\train_109993_5.jpg
train_109993_6,train,109993,Nui Coc Lake,../../data/landmark_vietnam_dataset_split\train\109993\train_109993_6.jpg
train_109993_7,train,109993,Nui Coc Lake,../../data/landmark_vietnam_dataset_split\train\109993\train_109993_7.jpg
train_109993_8,train,109993,Nui Coc Lake,../../data/landmark_vietnam_dataset_split\train\109993\train_109993_8.jpg
train_109993_9,train,109993,Nui Coc Lake,../../data/landmark_vietnam_dataset_split\train\109993\train_109993_9.jpg
train_109993_10,train,109993,Nui Coc Lake,../../data/landmark_vietnam_dataset_split\train\109993\train_109993_10.jpg
train_109993_11,train,109993,Nui Coc Lake,../../data/landmark_vietnam_dataset_split\train\109993\train_109993_11.jpg
train_109993_12,train,109993,Nui Coc Lake,../../data/landmark_vietnam_dataset_split\train\109993\train_109993_12.jpg
train_109993_13,train,109993,Nui Coc Lake,../../data/landmark_vietnam_dataset_split\train\109993\train_109993_13.jpg
train_109993_14,train,109993,Nui Coc Lake,../../data/landmark_vietnam_dataset_split\train\109993\train_109993_14.jpg
train_109993_15,train,109993,Nui Coc Lake,../../data/landmark_vietnam_dataset_split\train\109993\train_109993_15.jpg
train_110950_1,train,110950,Pagoda of the Celestial Lady,../../data/landmark_vietnam_dataset_split\train\110950\train_110950_1.jpg
train_110950_2,train,110950,Pagoda of the Celestial Lady,../../data/landmark_vietnam_dataset_split\train\110950\train_110950_2.jpg
train_110950_3,train,110950,Pagoda of the Celestial Lady,../../data/landmark_vietnam_dataset_split\train\110950\train_110950_3.jpg
train_110950_4,train,110950,Pagoda of the Celestial Lady,../../data/landmark_vietnam_dataset_split\train\110950\train_110950_4.jpg
train_110950_5,train,110950,Pagoda of the Celestial Lady,../../data/landmark_vietnam_dataset_split\train\110950\train_110950_5.jpg
train_110950_6,train,110950,Pagoda of the Celestial Lady,../../data/landmark_vietnam_dataset_split\train\110950\train_110950_6.jpg
train_110950_7,train,110950,Pagoda of the Celestial Lady,../../data/landmark_vietnam_dataset_split\train\110950\train_110950_7.jpg
train_110950_8,train,110950,Pagoda of the Celestial Lady,../../data/landmark_vietnam_dataset_split\train\110950\train_110950_8.jpg
train_110950_9,train,110950,Pagoda of the Celestial Lady,../../data/landmark_vietnam_dataset_split\train\110950\train_110950_9.jpg
train_110950_10,train,110950,Pagoda of the Celestial Lady,../../data/landmark_vietnam_dataset_split\train\110950\train_110950_10.jpg
train_110950_11,train,110950,Pagoda of the Celestial Lady,../../data/landmark_vietnam_dataset_split\train\110950\train_110950_11.jpg
train_110950_12,train,110950,Pagoda of the Celestial Lady,../../data/landmark_vietnam_dataset_split\train\110950\train_110950_12.jpg
train_110950_13,train,110950,Pagoda of the Celestial Lady,../../data/landmark_vietnam_dataset_split\train\110950\train_110950_13.jpg
train_110950_14,train,110950,Pagoda of the Celestial Lady,../../data/landmark_vietnam_dataset_split\train\110950\train_110950_14.jpg
train_110950_15,train,110950,Pagoda of the Celestial Lady,../../data/landmark_vietnam_dataset_split\train\110950\train_110950_15.jpg
train_110950_16,train,110950,Pagoda of the Celestial Lady,../../data/landmark_vietnam_dataset_split\train\110950\train_110950_16.jpg
train_110950_17,train,110950,Pagoda of the Celestial Lady,../../data/landmark_vietnam_dataset_split\train\110950\train_110950_17.jpg
train_110950_18,train,110950,Pagoda of the Celestial Lady,../../data/landmark_vietnam_dataset_split\train\110950\train_110950_18.jpg
train_110950_19,train,110950,Pagoda of the Celestial Lady,../../data/landmark_vietnam_dataset_split\train\110950\train_110950_19.jpg
train_110950_20,train,110950,Pagoda of the Celestial Lady,../../data/landmark_vietnam_dataset_split\train\110950\train_110950_20.jpg
train_110950_21,train,110950,Pagoda of the Celestial Lady,../../data/landmark_vietnam_dataset_split\train\110950\train_110950_21.jpg
train_110950_22,train,110950,Pagoda of the Celestial Lady,../../data/landmark_vietnam_dataset_split\train\110950\train_110950_22.jpg
train_110950_23,train,110950,Pagoda of the Celestial Lady,../../data/landmark_vietnam_dataset_split\train\110950\train_110950_23.jpg
train_110950_24,train,110950,Pagoda of the Celestial Lady,../../data/landmark_vietnam_dataset_split\train\110950\train_110950_24.jpg
train_110950_25,train,110950,Pagoda of the Celestial Lady,../../data/landmark_vietnam_dataset_split\train\110950\train_110950_25.jpg
train_110950_26,train,110950,Pagoda of the Celestial Lady,../../data/landmark_vietnam_dataset_split\train\110950\train_110950_26.jpg
train_110950_27,train,110950,Pagoda of the Celestial Lady,../../data/landmark_vietnam_dataset_split\train\110950\train_110950_27.jpg
train_111065_1,train,111065,Flag Tower of Huế,../../data/landmark_vietnam_dataset_split\train\111065\train_111065_1.jpg
train_111065_2,train,111065,Flag Tower of Huế,../../data/landmark_vietnam_dataset_split\train\111065\train_111065_2.jpg
train_111065_3,train,111065,Flag Tower of Huế,../../data/landmark_vietnam_dataset_split\train\111065\train_111065_3.jpg
train_111065_4,train,111065,Flag Tower of Huế,../../data/landmark_vietnam_dataset_split\train\111065\train_111065_4.jpg
train_111065_5,train,111065,Flag Tower of Huế,../../data/landmark_vietnam_dataset_split\train\111065\train_111065_5.jpg
train_111065_6,train,111065,Flag Tower of Huế,../../data/landmark_vietnam_dataset_split\train\111065\train_111065_6.jpg
train_111065_7,train,111065,Flag Tower of Huế,../../data/landmark_vietnam_dataset_split\train\111065\train_111065_7.jpg
train_111065_8,train,111065,Flag Tower of Huế,../../data/landmark_vietnam_dataset_split\train\111065\train_111065_8.jpg
train_111065_9,train,111065,Flag Tower of Huế,../../data/landmark_vietnam_dataset_split\train\111065\train_111065_9.jpg
train_111065_10,train,111065,Flag Tower of Huế,../../data/landmark_vietnam_dataset_split\train\111065\train_111065_10.jpg
train_111065_11,train,111065,Flag Tower of Huế,../../data/landmark_vietnam_dataset_split\train\111065\train_111065_11.jpg
train_111065_12,train,111065,Flag Tower of Huế,../../data/landmark_vietnam_dataset_split\train\111065\train_111065_12.jpg
train_111065_13,train,111065,Flag Tower of Huế,../../data/landmark_vietnam_dataset_split\train\111065\train_111065_13.jpg
train_111065_14,train,111065,Flag Tower of Huế,../../data/landmark_vietnam_dataset_split\train\111065\train_111065_14.jpg
train_111065_15,train,111065,Flag Tower of Huế,../../data/landmark_vietnam_dataset_split\train\111065\train_111065_15.jpg
train_111065_16,train,111065,Flag Tower of Huế,../../data/landmark_vietnam_dataset_split\train\111065\train_111065_16.jpg
train_111065_17,train,111065,Flag Tower of Huế,../../data/landmark_vietnam_dataset_split\train\111065\train_111065_17.jpg
train_111065_18,train,111065,Flag Tower of Huế,../../data/landmark_vietnam_dataset_split\train\111065\train_111065_18.jpg
train_111065_19,train,111065,Flag Tower of Huế,../../data/landmark_vietnam_dataset_split\train\111065\train_111065_19.jpg
train_111065_20,train,111065,Flag Tower of Huế,../../data/landmark_vietnam_dataset_split\train\111065\train_111065_20.jpg
train_111065_21,train,111065,Flag Tower of Huế,../../data/landmark_vietnam_dataset_split\train\111065\train_111065_21.jpg
train_111065_22,train,111065,Flag Tower of Huế,../../data/landmark_vietnam_dataset_split\train\111065\train_111065_22.jpg
train_111065_23,train,111065,Flag Tower of Huế,../../data/landmark_vietnam_dataset_split\train\111065\train_111065_23.jpg
train_111065_24,train,111065,Flag Tower of Huế,../../data/landmark_vietnam_dataset_split\train\111065\train_111065_24.jpg
train_111065_25,train,111065,Flag Tower of Huế,../../data/landmark_vietnam_dataset_split\train\111065\train_111065_25.jpg
train_111065_26,train,111065,Flag Tower of Huế,../../data/landmark_vietnam_dataset_split\train\111065\train_111065_26.jpg
train_111065_27,train,111065,Flag Tower of Huế,../../data/landmark_vietnam_dataset_split\train\111065\train_111065_27.jpg
train_112557_1,train,112557,Tinh Xa Trung Tam,../../data/landmark_vietnam_dataset_split\train\112557\train_112557_1.jpg
train_112557_2,train,112557,Tinh Xa Trung Tam,../../data/landmark_vietnam_dataset_split\train\112557\train_112557_2.jpg
train_112557_3,train,112557,Tinh Xa Trung Tam,../../data/landmark_vietnam_dataset_split\train\112557\train_112557_3.jpg
train_112557_4,train,112557,Tinh Xa Trung Tam,../../data/landmark_vietnam_dataset_split\train\112557\train_112557_4.jpg
train_112557_5,train,112557,Tinh Xa Trung Tam,../../data/landmark_vietnam_dataset_split\train\112557\train_112557_5.jpg
train_112557_6,train,112557,Tinh Xa Trung Tam,../../data/landmark_vietnam_dataset_split\train\112557\train_112557_6.jpg
train_112557_7,train,112557,Tinh Xa Trung Tam,../../data/landmark_vietnam_dataset_split\train\112557\train_112557_7.jpg
train_112557_8,train,112557,Tinh Xa Trung Tam,../../data/landmark_vietnam_dataset_split\train\112557\train_112557_8.jpg
train_112557_9,train,112557,Tinh Xa Trung Tam,../../data/landmark_vietnam_dataset_split\train\112557\train_112557_9.jpg
train_112557_10,train,112557,Tinh Xa Trung Tam,../../data/landmark_vietnam_dataset_split\train\112557\train_112557_10.jpg
train_112557_11,train,112557,Tinh Xa Trung Tam,../../data/landmark_vietnam_dataset_split\train\112557\train_112557_11.jpg
train_112557_12,train,112557,Tinh Xa Trung Tam,../../data/landmark_vietnam_dataset_split\train\112557\train_112557_12.jpg
train_112557_13,train,112557,Tinh Xa Trung Tam,../../data/landmark_vietnam_dataset_split\train\112557\train_112557_13.jpg
train_112557_14,train,112557,Tinh Xa Trung Tam,../../data/landmark_vietnam_dataset_split\train\112557\train_112557_14.jpg
train_112557_15,train,112557,Tinh Xa Trung Tam,../../data/landmark_vietnam_dataset_split\train\112557\train_112557_15.jpg
train_112557_16,train,112557,Tinh Xa Trung Tam,../../data/landmark_vietnam_dataset_split\train\112557\train_112557_16.jpg
train_112557_17,train,112557,Tinh Xa Trung Tam,../../data/landmark_vietnam_dataset_split\train\112557\train_112557_17.jpg
train_112557_18,train,112557,Tinh Xa Trung Tam,../../data/landmark_vietnam_dataset_split\train\112557\train_112557_18.jpg
train_112557_19,train,112557,Tinh Xa Trung Tam,../../data/landmark_vietnam_dataset_split\train\112557\train_112557_19.jpg
train_112557_20,train,112557,Tinh Xa Trung Tam,../../data/landmark_vietnam_dataset_split\train\112557\train_112557_20.jpg
train_112557_21,train,112557,Tinh Xa Trung Tam,../../data/landmark_vietnam_dataset_split\train\112557\train_112557_21.jpg
train_113331_1,train,113331,Phu My Bridge,../../data/landmark_vietnam_dataset_split\train\113331\train_113331_1.jpg
train_113331_2,train,113331,Phu My Bridge,../../data/landmark_vietnam_dataset_split\train\113331\train_113331_2.jpg
train_113331_3,train,113331,Phu My Bridge,../../data/landmark_vietnam_dataset_split\train\113331\train_113331_3.jpg
train_113331_4,train,113331,Phu My Bridge,../../data/landmark_vietnam_dataset_split\train\113331\train_113331_4.jpg
train_113331_5,train,113331,Phu My Bridge,../../data/landmark_vietnam_dataset_split\train\113331\train_113331_5.jpg
train_113331_6,train,113331,Phu My Bridge,../../data/landmark_vietnam_dataset_split\train\113331\train_113331_6.jpg
train_113331_7,train,113331,Phu My Bridge,../../data/landmark_vietnam_dataset_split\train\113331\train_113331_7.jpg
train_113331_8,train,113331,Phu My Bridge,../../data/landmark_vietnam_dataset_split\train\113331\train_113331_8.jpg
train_113331_9,train,113331,Phu My Bridge,../../data/landmark_vietnam_dataset_split\train\113331\train_113331_9.jpg
train_113331_10,train,113331,Phu My Bridge,../../data/landmark_vietnam_dataset_split\train\113331\train_113331_10.jpg
train_113331_11,train,113331,Phu My Bridge,../../data/landmark_vietnam_dataset_split\train\113331\train_113331_11.jpg
train_113331_12,train,113331,Phu My Bridge,../../data/landmark_vietnam_dataset_split\train\113331\train_113331_12.jpg
train_113331_13,train,113331,Phu My Bridge,../../data/landmark_vietnam_dataset_split\train\113331\train_113331_13.jpg
train_113331_14,train,113331,Phu My Bridge,../../data/landmark_vietnam_dataset_split\train\113331\train_113331_14.jpg
train_113331_15,train,113331,Phu My Bridge,../../data/landmark_vietnam_dataset_split\train\113331\train_113331_15.jpg
train_113331_16,train,113331,Phu My Bridge,../../data/landmark_vietnam_dataset_split\train\113331\train_113331_16.jpg
train_113331_17,train,113331,Phu My Bridge,../../data/landmark_vietnam_dataset_split\train\113331\train_113331_17.jpg
train_113331_18,train,113331,Phu My Bridge,../../data/landmark_vietnam_dataset_split\train\113331\train_113331_18.jpg
train_113331_19,train,113331,Phu My Bridge,../../data/landmark_vietnam_dataset_split\train\113331\train_113331_19.jpg
train_113331_20,train,113331,Phu My Bridge,../../data/landmark_vietnam_dataset_split\train\113331\train_113331_20.jpg
train_113331_21,train,113331,Phu My Bridge,../../data/landmark_vietnam_dataset_split\train\113331\train_113331_21.jpg
train_113331_22,train,113331,Phu My Bridge,../../data/landmark_vietnam_dataset_split\train\113331\train_113331_22.jpg
train_113331_23,train,113331,Phu My Bridge,../../data/landmark_vietnam_dataset_split\train\113331\train_113331_23.jpg
train_113331_24,train,113331,Phu My Bridge,../../data/landmark_vietnam_dataset_split\train\113331\train_113331_24.jpg
train_113331_25,train,113331,Phu My Bridge,../../data/landmark_vietnam_dataset_split\train\113331\train_113331_25.jpg
train_113331_26,train,113331,Phu My Bridge,../../data/landmark_vietnam_dataset_split\train\113331\train_113331_26.jpg
train_113331_27,train,113331,Phu My Bridge,../../data/landmark_vietnam_dataset_split\train\113331\train_113331_27.jpg
train_115883_1,train,115883,Phat Diem Church,../../data/landmark_vietnam_dataset_split\train\115883\train_115883_1.jpg
train_115883_2,train,115883,Phat Diem Church,../../data/landmark_vietnam_dataset_split\train\115883\train_115883_2.jpg
train_115883_3,train,115883,Phat Diem Church,../../data/landmark_vietnam_dataset_split\train\115883\train_115883_3.jpg
train_115883_4,train,115883,Phat Diem Church,../../data/landmark_vietnam_dataset_split\train\115883\train_115883_4.jpg
train_115883_5,train,115883,Phat Diem Church,../../data/landmark_vietnam_dataset_split\train\115883\train_115883_5.jpg
train_115883_6,train,115883,Phat Diem Church,../../data/landmark_vietnam_dataset_split\train\115883\train_115883_6.jpg
train_115883_7,train,115883,Phat Diem Church,../../data/landmark_vietnam_dataset_split\train\115883\train_115883_7.jpg
train_115883_8,train,115883,Phat Diem Church,../../data/landmark_vietnam_dataset_split\train\115883\train_115883_8.jpg
train_115883_9,train,115883,Phat Diem Church,../../data/landmark_vietnam_dataset_split\train\115883\train_115883_9.jpg
train_115883_10,train,115883,Phat Diem Church,../../data/landmark_vietnam_dataset_split\train\115883\train_115883_10.jpg
train_115883_11,train,115883,Phat Diem Church,../../data/landmark_vietnam_dataset_split\train\115883\train_115883_11.jpg
train_115883_12,train,115883,Phat Diem Church,../../data/landmark_vietnam_dataset_split\train\115883\train_115883_12.jpg
train_115883_13,train,115883,Phat Diem Church,../../data/landmark_vietnam_dataset_split\train\115883\train_115883_13.jpg
train_115883_14,train,115883,Phat Diem Church,../../data/landmark_vietnam_dataset_split\train\115883\train_115883_14.jpg
train_115883_15,train,115883,Phat Diem Church,../../data/landmark_vietnam_dataset_split\train\115883\train_115883_15.jpg
train_115883_16,train,115883,Phat Diem Church,../../data/landmark_vietnam_dataset_split\train\115883\train_115883_16.jpg
train_115883_17,train,115883,Phat Diem Church,../../data/landmark_vietnam_dataset_split\train\115883\train_115883_17.jpg
train_115883_18,train,115883,Phat Diem Church,../../data/landmark_vietnam_dataset_split\train\115883\train_115883_18.jpg
train_115883_19,train,115883,Phat Diem Church,../../data/landmark_vietnam_dataset_split\train\115883\train_115883_19.jpg
train_115883_20,train,115883,Phat Diem Church,../../data/landmark_vietnam_dataset_split\train\115883\train_115883_20.jpg
train_115883_21,train,115883,Phat Diem Church,../../data/landmark_vietnam_dataset_split\train\115883\train_115883_21.jpg
train_115883_22,train,115883,Phat Diem Church,../../data/landmark_vietnam_dataset_split\train\115883\train_115883_22.jpg
train_115883_23,train,115883,Phat Diem Church,../../data/landmark_vietnam_dataset_split\train\115883\train_115883_23.jpg
train_115883_24,train,115883,Phat Diem Church,../../data/landmark_vietnam_dataset_split\train\115883\train_115883_24.jpg
train_115883_25,train,115883,Phat Diem Church,../../data/landmark_vietnam_dataset_split\train\115883\train_115883_25.jpg
train_115883_26,train,115883,Phat Diem Church,../../data/landmark_vietnam_dataset_split\train\115883\train_115883_26.jpg
train_115883_27,train,115883,Phat Diem Church,../../data/landmark_vietnam_dataset_split\train\115883\train_115883_27.jpg
train_116334_1,train,116334,"Thien Hau Temple, Ho Chi Minh City",../../data/landmark_vietnam_dataset_split\train\116334\train_116334_1.jpg
train_116334_2,train,116334,"Thien Hau Temple, Ho Chi Minh City",../../data/landmark_vietnam_dataset_split\train\116334\train_116334_2.jpg
train_116334_3,train,116334,"Thien Hau Temple, Ho Chi Minh City",../../data/landmark_vietnam_dataset_split\train\116334\train_116334_3.jpg
train_116334_4,train,116334,"Thien Hau Temple, Ho Chi Minh City",../../data/landmark_vietnam_dataset_split\train\116334\train_116334_4.jpg
train_116334_5,train,116334,"Thien Hau Temple, Ho Chi Minh City",../../data/landmark_vietnam_dataset_split\train\116334\train_116334_5.jpg
train_116334_6,train,116334,"Thien Hau Temple, Ho Chi Minh City",../../data/landmark_vietnam_dataset_split\train\116334\train_116334_6.jpg
train_116334_7,train,116334,"Thien Hau Temple, Ho Chi Minh City",../../data/landmark_vietnam_dataset_split\train\116334\train_116334_7.jpg
train_116334_8,train,116334,"Thien Hau Temple, Ho Chi Minh City",../../data/landmark_vietnam_dataset_split\train\116334\train_116334_8.jpg
train_116334_9,train,116334,"Thien Hau Temple, Ho Chi Minh City",../../data/landmark_vietnam_dataset_split\train\116334\train_116334_9.jpg
train_116334_10,train,116334,"Thien Hau Temple, Ho Chi Minh City",../../data/landmark_vietnam_dataset_split\train\116334\train_116334_10.jpg
train_116334_11,train,116334,"Thien Hau Temple, Ho Chi Minh City",../../data/landmark_vietnam_dataset_split\train\116334\train_116334_11.jpg
train_116334_12,train,116334,"Thien Hau Temple, Ho Chi Minh City",../../data/landmark_vietnam_dataset_split\train\116334\train_116334_12.jpg
train_116334_13,train,116334,"Thien Hau Temple, Ho Chi Minh City",../../data/landmark_vietnam_dataset_split\train\116334\train_116334_13.jpg
train_116334_14,train,116334,"Thien Hau Temple, Ho Chi Minh City",../../data/landmark_vietnam_dataset_split\train\116334\train_116334_14.jpg
train_116334_15,train,116334,"Thien Hau Temple, Ho Chi Minh City",../../data/landmark_vietnam_dataset_split\train\116334\train_116334_15.jpg
train_116334_16,train,116334,"Thien Hau Temple, Ho Chi Minh City",../../data/landmark_vietnam_dataset_split\train\116334\train_116334_16.jpg
train_116334_17,train,116334,"Thien Hau Temple, Ho Chi Minh City",../../data/landmark_vietnam_dataset_split\train\116334\train_116334_17.jpg
train_116334_18,train,116334,"Thien Hau Temple, Ho Chi Minh City",../../data/landmark_vietnam_dataset_split\train\116334\train_116334_18.jpg
train_116334_19,train,116334,"Thien Hau Temple, Ho Chi Minh City",../../data/landmark_vietnam_dataset_split\train\116334\train_116334_19.jpg
train_116334_20,train,116334,"Thien Hau Temple, Ho Chi Minh City",../../data/landmark_vietnam_dataset_split\train\116334\train_116334_20.jpg
train_116334_21,train,116334,"Thien Hau Temple, Ho Chi Minh City",../../data/landmark_vietnam_dataset_split\train\116334\train_116334_21.jpg
train_116334_22,train,116334,"Thien Hau Temple, Ho Chi Minh City",../../data/landmark_vietnam_dataset_split\train\116334\train_116334_22.jpg
train_116334_23,train,116334,"Thien Hau Temple, Ho Chi Minh City",../../data/landmark_vietnam_dataset_split\train\116334\train_116334_23.jpg
train_116334_24,train,116334,"Thien Hau Temple, Ho Chi Minh City",../../data/landmark_vietnam_dataset_split\train\116334\train_116334_24.jpg
train_116334_25,train,116334,"Thien Hau Temple, Ho Chi Minh City",../../data/landmark_vietnam_dataset_split\train\116334\train_116334_25.jpg
train_116334_26,train,116334,"Thien Hau Temple, Ho Chi Minh City",../../data/landmark_vietnam_dataset_split\train\116334\train_116334_26.jpg
train_116334_27,train,116334,"Thien Hau Temple, Ho Chi Minh City",../../data/landmark_vietnam_dataset_split\train\116334\train_116334_27.jpg
train_117500_1,train,117500,Chùa Đại Giác,../../data/landmark_vietnam_dataset_split\train\117500\train_117500_1.jpg
train_117500_2,train,117500,Chùa Đại Giác,../../data/landmark_vietnam_dataset_split\train\117500\train_117500_2.jpg
train_117500_3,train,117500,Chùa Đại Giác,../../data/landmark_vietnam_dataset_split\train\117500\train_117500_3.jpg
train_117500_4,train,117500,Chùa Đại Giác,../../data/landmark_vietnam_dataset_split\train\117500\train_117500_4.jpg
train_117500_5,train,117500,Chùa Đại Giác,../../data/landmark_vietnam_dataset_split\train\117500\train_117500_5.jpg
train_117500_6,train,117500,Chùa Đại Giác,../../data/landmark_vietnam_dataset_split\train\117500\train_117500_6.jpg
train_117500_7,train,117500,Chùa Đại Giác,../../data/landmark_vietnam_dataset_split\train\117500\train_117500_7.jpg
train_117500_8,train,117500,Chùa Đại Giác,../../data/landmark_vietnam_dataset_split\train\117500\train_117500_8.jpg
train_117500_9,train,117500,Chùa Đại Giác,../../data/landmark_vietnam_dataset_split\train\117500\train_117500_9.jpg
train_117500_10,train,117500,Chùa Đại Giác,../../data/landmark_vietnam_dataset_split\train\117500\train_117500_10.jpg
train_117500_11,train,117500,Chùa Đại Giác,../../data/landmark_vietnam_dataset_split\train\117500\train_117500_11.jpg
train_117500_12,train,117500,Chùa Đại Giác,../../data/landmark_vietnam_dataset_split\train\117500\train_117500_12.jpg
train_117500_13,train,117500,Chùa Đại Giác,../../data/landmark_vietnam_dataset_split\train\117500\train_117500_13.jpg
train_117500_14,train,117500,Chùa Đại Giác,../../data/landmark_vietnam_dataset_split\train\117500\train_117500_14.jpg
train_117500_15,train,117500,Chùa Đại Giác,../../data/landmark_vietnam_dataset_split\train\117500\train_117500_15.jpg
train_117500_16,train,117500,Chùa Đại Giác,../../data/landmark_vietnam_dataset_split\train\117500\train_117500_16.jpg
train_117500_17,train,117500,Chùa Đại Giác,../../data/landmark_vietnam_dataset_split\train\117500\train_117500_17.jpg
train_117500_18,train,117500,Chùa Đại Giác,../../data/landmark_vietnam_dataset_split\train\117500\train_117500_18.jpg
train_117500_19,train,117500,Chùa Đại Giác,../../data/landmark_vietnam_dataset_split\train\117500\train_117500_19.jpg
train_117500_20,train,117500,Chùa Đại Giác,../../data/landmark_vietnam_dataset_split\train\117500\train_117500_20.jpg
train_117500_21,train,117500,Chùa Đại Giác,../../data/landmark_vietnam_dataset_split\train\117500\train_117500_21.jpg
train_117745_1,train,117745,Miếu Nhị Phủ,../../data/landmark_vietnam_dataset_split\train\117745\train_117745_1.jpg
train_117745_2,train,117745,Miếu Nhị Phủ,../../data/landmark_vietnam_dataset_split\train\117745\train_117745_2.jpg
train_117745_3,train,117745,Miếu Nhị Phủ,../../data/landmark_vietnam_dataset_split\train\117745\train_117745_3.jpg
train_117745_4,train,117745,Miếu Nhị Phủ,../../data/landmark_vietnam_dataset_split\train\117745\train_117745_4.jpg
train_117745_5,train,117745,Miếu Nhị Phủ,../../data/landmark_vietnam_dataset_split\train\117745\train_117745_5.jpg
train_117745_6,train,117745,Miếu Nhị Phủ,../../data/landmark_vietnam_dataset_split\train\117745\train_117745_6.jpg
train_117745_7,train,117745,Miếu Nhị Phủ,../../data/landmark_vietnam_dataset_split\train\117745\train_117745_7.jpg
train_117745_8,train,117745,Miếu Nhị Phủ,../../data/landmark_vietnam_dataset_split\train\117745\train_117745_8.jpg
train_117745_9,train,117745,Miếu Nhị Phủ,../../data/landmark_vietnam_dataset_split\train\117745\train_117745_9.jpg
train_117745_10,train,117745,Miếu Nhị Phủ,../../data/landmark_vietnam_dataset_split\train\117745\train_117745_10.jpg
train_117745_11,train,117745,Miếu Nhị Phủ,../../data/landmark_vietnam_dataset_split\train\117745\train_117745_11.jpg
train_117745_12,train,117745,Miếu Nhị Phủ,../../data/landmark_vietnam_dataset_split\train\117745\train_117745_12.jpg
train_117745_13,train,117745,Miếu Nhị Phủ,../../data/landmark_vietnam_dataset_split\train\117745\train_117745_13.jpg
train_117745_14,train,117745,Miếu Nhị Phủ,../../data/landmark_vietnam_dataset_split\train\117745\train_117745_14.jpg
train_117745_15,train,117745,Miếu Nhị Phủ,../../data/landmark_vietnam_dataset_split\train\117745\train_117745_15.jpg
train_117745_16,train,117745,Miếu Nhị Phủ,../../data/landmark_vietnam_dataset_split\train\117745\train_117745_16.jpg
train_117745_17,train,117745,Miếu Nhị Phủ,../../data/landmark_vietnam_dataset_split\train\117745\train_117745_17.jpg
train_117745_18,train,117745,Miếu Nhị Phủ,../../data/landmark_vietnam_dataset_split\train\117745\train_117745_18.jpg
train_117745_19,train,117745,Miếu Nhị Phủ,../../data/landmark_vietnam_dataset_split\train\117745\train_117745_19.jpg
train_117745_20,train,117745,Miếu Nhị Phủ,../../data/landmark_vietnam_dataset_split\train\117745\train_117745_20.jpg
train_117745_21,train,117745,Miếu Nhị Phủ,../../data/landmark_vietnam_dataset_split\train\117745\train_117745_21.jpg
train_117745_22,train,117745,Miếu Nhị Phủ,../../data/landmark_vietnam_dataset_split\train\117745\train_117745_22.jpg
train_117745_23,train,117745,Miếu Nhị Phủ,../../data/landmark_vietnam_dataset_split\train\117745\train_117745_23.jpg
train_117745_24,train,117745,Miếu Nhị Phủ,../../data/landmark_vietnam_dataset_split\train\117745\train_117745_24.jpg
train_117745_25,train,117745,Miếu Nhị Phủ,../../data/landmark_vietnam_dataset_split\train\117745\train_117745_25.jpg
train_117745_26,train,117745,Miếu Nhị Phủ,../../data/landmark_vietnam_dataset_split\train\117745\train_117745_26.jpg
train_117745_27,train,117745,Miếu Nhị Phủ,../../data/landmark_vietnam_dataset_split\train\117745\train_117745_27.jpg
train_118748_1,train,118748,Cu Chi Tunnel,../../data/landmark_vietnam_dataset_split\train\118748\train_118748_1.jpg
train_118748_2,train,118748,Cu Chi Tunnel,../../data/landmark_vietnam_dataset_split\train\118748\train_118748_2.jpg
train_118748_3,train,118748,Cu Chi Tunnel,../../data/landmark_vietnam_dataset_split\train\118748\train_118748_3.jpg
train_118748_4,train,118748,Cu Chi Tunnel,../../data/landmark_vietnam_dataset_split\train\118748\train_118748_4.jpg
train_118748_5,train,118748,Cu Chi Tunnel,../../data/landmark_vietnam_dataset_split\train\118748\train_118748_5.jpg
train_118748_6,train,118748,Cu Chi Tunnel,../../data/landmark_vietnam_dataset_split\train\118748\train_118748_6.jpg
train_118748_7,train,118748,Cu Chi Tunnel,../../data/landmark_vietnam_dataset_split\train\118748\train_118748_7.jpg
train_118748_8,train,118748,Cu Chi Tunnel,../../data/landmark_vietnam_dataset_split\train\118748\train_118748_8.jpg
train_118748_9,train,118748,Cu Chi Tunnel,../../data/landmark_vietnam_dataset_split\train\118748\train_118748_9.jpg
train_118748_10,train,118748,Cu Chi Tunnel,../../data/landmark_vietnam_dataset_split\train\118748\train_118748_10.jpg
train_118748_11,train,118748,Cu Chi Tunnel,../../data/landmark_vietnam_dataset_split\train\118748\train_118748_11.jpg
train_118748_12,train,118748,Cu Chi Tunnel,../../data/landmark_vietnam_dataset_split\train\118748\train_118748_12.jpg
train_118748_13,train,118748,Cu Chi Tunnel,../../data/landmark_vietnam_dataset_split\train\118748\train_118748_13.jpg
train_118748_14,train,118748,Cu Chi Tunnel,../../data/landmark_vietnam_dataset_split\train\118748\train_118748_14.jpg
train_118748_15,train,118748,Cu Chi Tunnel,../../data/landmark_vietnam_dataset_split\train\118748\train_118748_15.jpg
train_118748_16,train,118748,Cu Chi Tunnel,../../data/landmark_vietnam_dataset_split\train\118748\train_118748_16.jpg
train_118748_17,train,118748,Cu Chi Tunnel,../../data/landmark_vietnam_dataset_split\train\118748\train_118748_17.jpg
train_118748_18,train,118748,Cu Chi Tunnel,../../data/landmark_vietnam_dataset_split\train\118748\train_118748_18.jpg
train_118748_19,train,118748,Cu Chi Tunnel,../../data/landmark_vietnam_dataset_split\train\118748\train_118748_19.jpg
train_118748_20,train,118748,Cu Chi Tunnel,../../data/landmark_vietnam_dataset_split\train\118748\train_118748_20.jpg
train_118748_21,train,118748,Cu Chi Tunnel,../../data/landmark_vietnam_dataset_split\train\118748\train_118748_21.jpg
train_118748_22,train,118748,Cu Chi Tunnel,../../data/landmark_vietnam_dataset_split\train\118748\train_118748_22.jpg
train_118748_23,train,118748,Cu Chi Tunnel,../../data/landmark_vietnam_dataset_split\train\118748\train_118748_23.jpg
train_118748_24,train,118748,Cu Chi Tunnel,../../data/landmark_vietnam_dataset_split\train\118748\train_118748_24.jpg
train_119206_1,train,119206,Thánh thất Đa Phước,../../data/landmark_vietnam_dataset_split\train\119206\train_119206_1.jpg
train_119206_2,train,119206,Thánh thất Đa Phước,../../data/landmark_vietnam_dataset_split\train\119206\train_119206_2.jpg
train_119206_3,train,119206,Thánh thất Đa Phước,../../data/landmark_vietnam_dataset_split\train\119206\train_119206_3.jpg
train_119206_4,train,119206,Thánh thất Đa Phước,../../data/landmark_vietnam_dataset_split\train\119206\train_119206_4.jpg
train_119206_5,train,119206,Thánh thất Đa Phước,../../data/landmark_vietnam_dataset_split\train\119206\train_119206_5.jpg
train_119206_6,train,119206,Thánh thất Đa Phước,../../data/landmark_vietnam_dataset_split\train\119206\train_119206_6.jpg
train_119206_7,train,119206,Thánh thất Đa Phước,../../data/landmark_vietnam_dataset_split\train\119206\train_119206_7.jpg
train_119206_8,train,119206,Thánh thất Đa Phước,../../data/landmark_vietnam_dataset_split\train\119206\train_119206_8.jpg
train_119206_9,train,119206,Thánh thất Đa Phước,../../data/landmark_vietnam_dataset_split\train\119206\train_119206_9.jpg
train_119206_10,train,119206,Thánh thất Đa Phước,../../data/landmark_vietnam_dataset_split\train\119206\train_119206_10.jpg
train_119206_11,train,119206,Thánh thất Đa Phước,../../data/landmark_vietnam_dataset_split\train\119206\train_119206_11.jpg
train_119206_12,train,119206,Thánh thất Đa Phước,../../data/landmark_vietnam_dataset_split\train\119206\train_119206_12.jpg
train_119206_13,train,119206,Thánh thất Đa Phước,../../data/landmark_vietnam_dataset_split\train\119206\train_119206_13.jpg
train_119206_14,train,119206,Thánh thất Đa Phước,../../data/landmark_vietnam_dataset_split\train\119206\train_119206_14.jpg
train_119206_15,train,119206,Thánh thất Đa Phước,../../data/landmark_vietnam_dataset_split\train\119206\train_119206_15.jpg
train_119206_16,train,119206,Thánh thất Đa Phước,../../data/landmark_vietnam_dataset_split\train\119206\train_119206_16.jpg
train_119206_17,train,119206,Thánh thất Đa Phước,../../data/landmark_vietnam_dataset_split\train\119206\train_119206_17.jpg
train_119206_18,train,119206,Thánh thất Đa Phước,../../data/landmark_vietnam_dataset_split\train\119206\train_119206_18.jpg
train_119206_19,train,119206,Thánh thất Đa Phước,../../data/landmark_vietnam_dataset_split\train\119206\train_119206_19.jpg
train_119206_20,train,119206,Thánh thất Đa Phước,../../data/landmark_vietnam_dataset_split\train\119206\train_119206_20.jpg
train_119206_21,train,119206,Thánh thất Đa Phước,../../data/landmark_vietnam_dataset_split\train\119206\train_119206_21.jpg
train_119206_22,train,119206,Thánh thất Đa Phước,../../data/landmark_vietnam_dataset_split\train\119206\train_119206_22.jpg
train_119206_23,train,119206,Thánh thất Đa Phước,../../data/landmark_vietnam_dataset_split\train\119206\train_119206_23.jpg
train_119206_24,train,119206,Thánh thất Đa Phước,../../data/landmark_vietnam_dataset_split\train\119206\train_119206_24.jpg
train_119243_1,train,119243,Bạch Dinh,../../data/landmark_vietnam_dataset_split\train\119243\train_119243_1.jpg
train_119243_2,train,119243,Bạch Dinh,../../data/landmark_vietnam_dataset_split\train\119243\train_119243_2.jpg
train_119243_3,train,119243,Bạch Dinh,../../data/landmark_vietnam_dataset_split\train\119243\train_119243_3.jpg
train_119243_4,train,119243,Bạch Dinh,../../data/landmark_vietnam_dataset_split\train\119243\train_119243_4.jpg
train_119243_5,train,119243,Bạch Dinh,../../data/landmark_vietnam_dataset_split\train\119243\train_119243_5.jpg
train_119243_6,train,119243,Bạch Dinh,../../data/landmark_vietnam_dataset_split\train\119243\train_119243_6.jpg
train_119243_7,train,119243,Bạch Dinh,../../data/landmark_vietnam_dataset_split\train\119243\train_119243_7.jpg
train_119243_8,train,119243,Bạch Dinh,../../data/landmark_vietnam_dataset_split\train\119243\train_119243_8.jpg
train_119243_9,train,119243,Bạch Dinh,../../data/landmark_vietnam_dataset_split\train\119243\train_119243_9.jpg
train_119243_10,train,119243,Bạch Dinh,../../data/landmark_vietnam_dataset_split\train\119243\train_119243_10.jpg
train_119243_11,train,119243,Bạch Dinh,../../data/landmark_vietnam_dataset_split\train\119243\train_119243_11.jpg
train_119243_12,train,119243,Bạch Dinh,../../data/landmark_vietnam_dataset_split\train\119243\train_119243_12.jpg
train_119243_13,train,119243,Bạch Dinh,../../data/landmark_vietnam_dataset_split\train\119243\train_119243_13.jpg
train_119243_14,train,119243,Bạch Dinh,../../data/landmark_vietnam_dataset_split\train\119243\train_119243_14.jpg
train_119243_15,train,119243,Bạch Dinh,../../data/landmark_vietnam_dataset_split\train\119243\train_119243_15.jpg
train_119243_16,train,119243,Bạch Dinh,../../data/landmark_vietnam_dataset_split\train\119243\train_119243_16.jpg
train_119243_17,train,119243,Bạch Dinh,../../data/landmark_vietnam_dataset_split\train\119243\train_119243_17.jpg
train_119243_18,train,119243,Bạch Dinh,../../data/landmark_vietnam_dataset_split\train\119243\train_119243_18.jpg
train_119243_19,train,119243,Bạch Dinh,../../data/landmark_vietnam_dataset_split\train\119243\train_119243_19.jpg
train_119243_20,train,119243,Bạch Dinh,../../data/landmark_vietnam_dataset_split\train\119243\train_119243_20.jpg
train_119243_21,train,119243,Bạch Dinh,../../data/landmark_vietnam_dataset_split\train\119243\train_119243_21.jpg
train_120976_1,train,120976,Kim Liên Pagoda,../../data/landmark_vietnam_dataset_split\train\120976\train_120976_1.jpg
train_120976_2,train,120976,Kim Liên Pagoda,../../data/landmark_vietnam_dataset_split\train\120976\train_120976_2.jpg
train_120976_3,train,120976,Kim Liên Pagoda,../../data/landmark_vietnam_dataset_split\train\120976\train_120976_3.jpg
train_120976_4,train,120976,Kim Liên Pagoda,../../data/landmark_vietnam_dataset_split\train\120976\train_120976_4.jpg
train_120976_5,train,120976,Kim Liên Pagoda,../../data/landmark_vietnam_dataset_split\train\120976\train_120976_5.jpg
train_120976_6,train,120976,Kim Liên Pagoda,../../data/landmark_vietnam_dataset_split\train\120976\train_120976_6.jpg
train_120976_7,train,120976,Kim Liên Pagoda,../../data/landmark_vietnam_dataset_split\train\120976\train_120976_7.jpg
train_120976_8,train,120976,Kim Liên Pagoda,../../data/landmark_vietnam_dataset_split\train\120976\train_120976_8.jpg
train_120976_9,train,120976,Kim Liên Pagoda,../../data/landmark_vietnam_dataset_split\train\120976\train_120976_9.jpg
train_120976_10,train,120976,Kim Liên Pagoda,../../data/landmark_vietnam_dataset_split\train\120976\train_120976_10.jpg
train_120976_11,train,120976,Kim Liên Pagoda,../../data/landmark_vietnam_dataset_split\train\120976\train_120976_11.jpg
train_120976_12,train,120976,Kim Liên Pagoda,../../data/landmark_vietnam_dataset_split\train\120976\train_120976_12.jpg
train_120976_13,train,120976,Kim Liên Pagoda,../../data/landmark_vietnam_dataset_split\train\120976\train_120976_13.jpg
train_120976_14,train,120976,Kim Liên Pagoda,../../data/landmark_vietnam_dataset_split\train\120976\train_120976_14.jpg
train_120976_15,train,120976,Kim Liên Pagoda,../../data/landmark_vietnam_dataset_split\train\120976\train_120976_15.jpg
train_120976_16,train,120976,Kim Liên Pagoda,../../data/landmark_vietnam_dataset_split\train\120976\train_120976_16.jpg
train_120976_17,train,120976,Kim Liên Pagoda,../../data/landmark_vietnam_dataset_split\train\120976\train_120976_17.jpg
train_120976_18,train,120976,Kim Liên Pagoda,../../data/landmark_vietnam_dataset_split\train\120976\train_120976_18.jpg
train_120976_19,train,120976,Kim Liên Pagoda,../../data/landmark_vietnam_dataset_split\train\120976\train_120976_19.jpg
train_120976_20,train,120976,Kim Liên Pagoda,../../data/landmark_vietnam_dataset_split\train\120976\train_120976_20.jpg
train_120976_21,train,120976,Kim Liên Pagoda,../../data/landmark_vietnam_dataset_split\train\120976\train_120976_21.jpg
train_121100_1,train,121100,Son Doong Cave,../../data/landmark_vietnam_dataset_split\train\121100\train_121100_1.jpg
train_121100_2,train,121100,Son Doong Cave,../../data/landmark_vietnam_dataset_split\train\121100\train_121100_2.jpg
train_121100_3,train,121100,Son Doong Cave,../../data/landmark_vietnam_dataset_split\train\121100\train_121100_3.jpg
train_121100_4,train,121100,Son Doong Cave,../../data/landmark_vietnam_dataset_split\train\121100\train_121100_4.jpg
train_121100_5,train,121100,Son Doong Cave,../../data/landmark_vietnam_dataset_split\train\121100\train_121100_5.jpg
train_121100_6,train,121100,Son Doong Cave,../../data/landmark_vietnam_dataset_split\train\121100\train_121100_6.jpg
train_121100_7,train,121100,Son Doong Cave,../../data/landmark_vietnam_dataset_split\train\121100\train_121100_7.jpg
train_121100_8,train,121100,Son Doong Cave,../../data/landmark_vietnam_dataset_split\train\121100\train_121100_8.jpg
train_121100_9,train,121100,Son Doong Cave,../../data/landmark_vietnam_dataset_split\train\121100\train_121100_9.jpg
train_121100_10,train,121100,Son Doong Cave,../../data/landmark_vietnam_dataset_split\train\121100\train_121100_10.jpg
train_121100_11,train,121100,Son Doong Cave,../../data/landmark_vietnam_dataset_split\train\121100\train_121100_11.jpg
train_121100_12,train,121100,Son Doong Cave,../../data/landmark_vietnam_dataset_split\train\121100\train_121100_12.jpg
train_121100_13,train,121100,Son Doong Cave,../../data/landmark_vietnam_dataset_split\train\121100\train_121100_13.jpg
train_121100_14,train,121100,Son Doong Cave,../../data/landmark_vietnam_dataset_split\train\121100\train_121100_14.jpg
train_121100_15,train,121100,Son Doong Cave,../../data/landmark_vietnam_dataset_split\train\121100\train_121100_15.jpg
train_121100_16,train,121100,Son Doong Cave,../../data/landmark_vietnam_dataset_split\train\121100\train_121100_16.jpg
train_121100_17,train,121100,Son Doong Cave,../../data/landmark_vietnam_dataset_split\train\121100\train_121100_17.jpg
train_121100_18,train,121100,Son Doong Cave,../../data/landmark_vietnam_dataset_split\train\121100\train_121100_18.jpg
train_121100_19,train,121100,Son Doong Cave,../../data/landmark_vietnam_dataset_split\train\121100\train_121100_19.jpg
train_121100_20,train,121100,Son Doong Cave,../../data/landmark_vietnam_dataset_split\train\121100\train_121100_20.jpg
train_121100_21,train,121100,Son Doong Cave,../../data/landmark_vietnam_dataset_split\train\121100\train_121100_21.jpg
train_121481_1,train,121481,One Pillar Pagoda,../../data/landmark_vietnam_dataset_split\train\121481\train_121481_1.jpg
train_121481_2,train,121481,One Pillar Pagoda,../../data/landmark_vietnam_dataset_split\train\121481\train_121481_2.jpg
train_121481_3,train,121481,One Pillar Pagoda,../../data/landmark_vietnam_dataset_split\train\121481\train_121481_3.jpg
train_121481_4,train,121481,One Pillar Pagoda,../../data/landmark_vietnam_dataset_split\train\121481\train_121481_4.jpg
train_121481_5,train,121481,One Pillar Pagoda,../../data/landmark_vietnam_dataset_split\train\121481\train_121481_5.jpg
train_121481_6,train,121481,One Pillar Pagoda,../../data/landmark_vietnam_dataset_split\train\121481\train_121481_6.jpg
train_121481_7,train,121481,One Pillar Pagoda,../../data/landmark_vietnam_dataset_split\train\121481\train_121481_7.jpg
train_121481_8,train,121481,One Pillar Pagoda,../../data/landmark_vietnam_dataset_split\train\121481\train_121481_8.jpg
train_121481_9,train,121481,One Pillar Pagoda,../../data/landmark_vietnam_dataset_split\train\121481\train_121481_9.jpg
train_121481_10,train,121481,One Pillar Pagoda,../../data/landmark_vietnam_dataset_split\train\121481\train_121481_10.jpg
train_121481_11,train,121481,One Pillar Pagoda,../../data/landmark_vietnam_dataset_split\train\121481\train_121481_11.jpg
train_121481_12,train,121481,One Pillar Pagoda,../../data/landmark_vietnam_dataset_split\train\121481\train_121481_12.jpg
train_121481_13,train,121481,One Pillar Pagoda,../../data/landmark_vietnam_dataset_split\train\121481\train_121481_13.jpg
train_121481_14,train,121481,One Pillar Pagoda,../../data/landmark_vietnam_dataset_split\train\121481\train_121481_14.jpg
train_121481_15,train,121481,One Pillar Pagoda,../../data/landmark_vietnam_dataset_split\train\121481\train_121481_15.jpg
train_121481_16,train,121481,One Pillar Pagoda,../../data/landmark_vietnam_dataset_split\train\121481\train_121481_16.jpg
train_121481_17,train,121481,One Pillar Pagoda,../../data/landmark_vietnam_dataset_split\train\121481\train_121481_17.jpg
train_121481_18,train,121481,One Pillar Pagoda,../../data/landmark_vietnam_dataset_split\train\121481\train_121481_18.jpg
train_121481_19,train,121481,One Pillar Pagoda,../../data/landmark_vietnam_dataset_split\train\121481\train_121481_19.jpg
train_121481_20,train,121481,One Pillar Pagoda,../../data/landmark_vietnam_dataset_split\train\121481\train_121481_20.jpg
train_121481_21,train,121481,One Pillar Pagoda,../../data/landmark_vietnam_dataset_split\train\121481\train_121481_21.jpg
train_121481_22,train,121481,One Pillar Pagoda,../../data/landmark_vietnam_dataset_split\train\121481\train_121481_22.jpg
train_121481_23,train,121481,One Pillar Pagoda,../../data/landmark_vietnam_dataset_split\train\121481\train_121481_23.jpg
train_121481_24,train,121481,One Pillar Pagoda,../../data/landmark_vietnam_dataset_split\train\121481\train_121481_24.jpg
train_121481_25,train,121481,One Pillar Pagoda,../../data/landmark_vietnam_dataset_split\train\121481\train_121481_25.jpg
train_121481_26,train,121481,One Pillar Pagoda,../../data/landmark_vietnam_dataset_split\train\121481\train_121481_26.jpg
train_121481_27,train,121481,One Pillar Pagoda,../../data/landmark_vietnam_dataset_split\train\121481\train_121481_27.jpg
train_121533_1,train,121533,Keangnam Hanoi Landmark Tower,../../data/landmark_vietnam_dataset_split\train\121533\train_121533_1.jpg
train_121533_2,train,121533,Keangnam Hanoi Landmark Tower,../../data/landmark_vietnam_dataset_split\train\121533\train_121533_2.jpg
train_121533_3,train,121533,Keangnam Hanoi Landmark Tower,../../data/landmark_vietnam_dataset_split\train\121533\train_121533_3.jpg
train_121533_4,train,121533,Keangnam Hanoi Landmark Tower,../../data/landmark_vietnam_dataset_split\train\121533\train_121533_4.jpg
train_121533_5,train,121533,Keangnam Hanoi Landmark Tower,../../data/landmark_vietnam_dataset_split\train\121533\train_121533_5.jpg
train_121533_6,train,121533,Keangnam Hanoi Landmark Tower,../../data/landmark_vietnam_dataset_split\train\121533\train_121533_6.jpg
train_121533_7,train,121533,Keangnam Hanoi Landmark Tower,../../data/landmark_vietnam_dataset_split\train\121533\train_121533_7.jpg
train_121533_8,train,121533,Keangnam Hanoi Landmark Tower,../../data/landmark_vietnam_dataset_split\train\121533\train_121533_8.jpg
train_121533_9,train,121533,Keangnam Hanoi Landmark Tower,../../data/landmark_vietnam_dataset_split\train\121533\train_121533_9.jpg
train_121533_10,train,121533,Keangnam Hanoi Landmark Tower,../../data/landmark_vietnam_dataset_split\train\121533\train_121533_10.jpg
train_121533_11,train,121533,Keangnam Hanoi Landmark Tower,../../data/landmark_vietnam_dataset_split\train\121533\train_121533_11.jpg
train_121533_12,train,121533,Keangnam Hanoi Landmark Tower,../../data/landmark_vietnam_dataset_split\train\121533\train_121533_12.jpg
train_121533_13,train,121533,Keangnam Hanoi Landmark Tower,../../data/landmark_vietnam_dataset_split\train\121533\train_121533_13.jpg
train_121533_14,train,121533,Keangnam Hanoi Landmark Tower,../../data/landmark_vietnam_dataset_split\train\121533\train_121533_14.jpg
train_121533_15,train,121533,Keangnam Hanoi Landmark Tower,../../data/landmark_vietnam_dataset_split\train\121533\train_121533_15.jpg
train_121533_16,train,121533,Keangnam Hanoi Landmark Tower,../../data/landmark_vietnam_dataset_split\train\121533\train_121533_16.jpg
train_121533_17,train,121533,Keangnam Hanoi Landmark Tower,../../data/landmark_vietnam_dataset_split\train\121533\train_121533_17.jpg
train_121533_18,train,121533,Keangnam Hanoi Landmark Tower,../../data/landmark_vietnam_dataset_split\train\121533\train_121533_18.jpg
train_121533_19,train,121533,Keangnam Hanoi Landmark Tower,../../data/landmark_vietnam_dataset_split\train\121533\train_121533_19.jpg
train_121533_20,train,121533,Keangnam Hanoi Landmark Tower,../../data/landmark_vietnam_dataset_split\train\121533\train_121533_20.jpg
train_121533_21,train,121533,Keangnam Hanoi Landmark Tower,../../data/landmark_vietnam_dataset_split\train\121533\train_121533_21.jpg
train_121533_22,train,121533,Keangnam Hanoi Landmark Tower,../../data/landmark_vietnam_dataset_split\train\121533\train_121533_22.jpg
train_121533_23,train,121533,Keangnam Hanoi Landmark Tower,../../data/landmark_vietnam_dataset_split\train\121533\train_121533_23.jpg
train_121533_24,train,121533,Keangnam Hanoi Landmark Tower,../../data/landmark_vietnam_dataset_split\train\121533\train_121533_24.jpg
train_121721_1,train,121721,Thien Duong Cave,../../data/landmark_vietnam_dataset_split\train\121721\train_121721_1.jpg
train_121721_2,train,121721,Thien Duong Cave,../../data/landmark_vietnam_dataset_split\train\121721\train_121721_2.jpg
train_121721_3,train,121721,Thien Duong Cave,../../data/landmark_vietnam_dataset_split\train\121721\train_121721_3.jpg
train_121721_4,train,121721,Thien Duong Cave,../../data/landmark_vietnam_dataset_split\train\121721\train_121721_4.jpg
train_121721_5,train,121721,Thien Duong Cave,../../data/landmark_vietnam_dataset_split\train\121721\train_121721_5.jpg
train_121721_6,train,121721,Thien Duong Cave,../../data/landmark_vietnam_dataset_split\train\121721\train_121721_6.jpg
train_121721_7,train,121721,Thien Duong Cave,../../data/landmark_vietnam_dataset_split\train\121721\train_121721_7.jpg
train_121721_8,train,121721,Thien Duong Cave,../../data/landmark_vietnam_dataset_split\train\121721\train_121721_8.jpg
train_121721_9,train,121721,Thien Duong Cave,../../data/landmark_vietnam_dataset_split\train\121721\train_121721_9.jpg
train_121721_10,train,121721,Thien Duong Cave,../../data/landmark_vietnam_dataset_split\train\121721\train_121721_10.jpg
train_121721_11,train,121721,Thien Duong Cave,../../data/landmark_vietnam_dataset_split\train\121721\train_121721_11.jpg
train_121721_12,train,121721,Thien Duong Cave,../../data/landmark_vietnam_dataset_split\train\121721\train_121721_12.jpg
train_121721_13,train,121721,Thien Duong Cave,../../data/landmark_vietnam_dataset_split\train\121721\train_121721_13.jpg
train_121721_14,train,121721,Thien Duong Cave,../../data/landmark_vietnam_dataset_split\train\121721\train_121721_14.jpg
train_121721_15,train,121721,Thien Duong Cave,../../data/landmark_vietnam_dataset_split\train\121721\train_121721_15.jpg
train_121721_16,train,121721,Thien Duong Cave,../../data/landmark_vietnam_dataset_split\train\121721\train_121721_16.jpg
train_121721_17,train,121721,Thien Duong Cave,../../data/landmark_vietnam_dataset_split\train\121721\train_121721_17.jpg
train_121721_18,train,121721,Thien Duong Cave,../../data/landmark_vietnam_dataset_split\train\121721\train_121721_18.jpg
train_121721_19,train,121721,Thien Duong Cave,../../data/landmark_vietnam_dataset_split\train\121721\train_121721_19.jpg
train_121721_20,train,121721,Thien Duong Cave,../../data/landmark_vietnam_dataset_split\train\121721\train_121721_20.jpg
train_121721_21,train,121721,Thien Duong Cave,../../data/landmark_vietnam_dataset_split\train\121721\train_121721_21.jpg
train_122786_1,train,122786,Regina Pacis Cathedral (Long Xuyen),../../data/landmark_vietnam_dataset_split\train\122786\train_122786_1.jpg
train_122786_2,train,122786,Regina Pacis Cathedral (Long Xuyen),../../data/landmark_vietnam_dataset_split\train\122786\train_122786_2.jpg
train_122786_3,train,122786,Regina Pacis Cathedral (Long Xuyen),../../data/landmark_vietnam_dataset_split\train\122786\train_122786_3.jpg
train_122786_4,train,122786,Regina Pacis Cathedral (Long Xuyen),../../data/landmark_vietnam_dataset_split\train\122786\train_122786_4.jpg
train_122786_5,train,122786,Regina Pacis Cathedral (Long Xuyen),../../data/landmark_vietnam_dataset_split\train\122786\train_122786_5.jpg
train_122786_6,train,122786,Regina Pacis Cathedral (Long Xuyen),../../data/landmark_vietnam_dataset_split\train\122786\train_122786_6.jpg
train_122786_7,train,122786,Regina Pacis Cathedral (Long Xuyen),../../data/landmark_vietnam_dataset_split\train\122786\train_122786_7.jpg
train_122786_8,train,122786,Regina Pacis Cathedral (Long Xuyen),../../data/landmark_vietnam_dataset_split\train\122786\train_122786_8.jpg
train_122786_9,train,122786,Regina Pacis Cathedral (Long Xuyen),../../data/landmark_vietnam_dataset_split\train\122786\train_122786_9.jpg
train_122786_10,train,122786,Regina Pacis Cathedral (Long Xuyen),../../data/landmark_vietnam_dataset_split\train\122786\train_122786_10.jpg
train_122786_11,train,122786,Regina Pacis Cathedral (Long Xuyen),../../data/landmark_vietnam_dataset_split\train\122786\train_122786_11.jpg
train_122786_12,train,122786,Regina Pacis Cathedral (Long Xuyen),../../data/landmark_vietnam_dataset_split\train\122786\train_122786_12.jpg
train_122786_13,train,122786,Regina Pacis Cathedral (Long Xuyen),../../data/landmark_vietnam_dataset_split\train\122786\train_122786_13.jpg
train_122786_14,train,122786,Regina Pacis Cathedral (Long Xuyen),../../data/landmark_vietnam_dataset_split\train\122786\train_122786_14.jpg
train_122786_15,train,122786,Regina Pacis Cathedral (Long Xuyen),../../data/landmark_vietnam_dataset_split\train\122786\train_122786_15.jpg
train_122786_16,train,122786,Regina Pacis Cathedral (Long Xuyen),../../data/landmark_vietnam_dataset_split\train\122786\train_122786_16.jpg
train_122786_17,train,122786,Regina Pacis Cathedral (Long Xuyen),../../data/landmark_vietnam_dataset_split\train\122786\train_122786_17.jpg
train_122786_18,train,122786,Regina Pacis Cathedral (Long Xuyen),../../data/landmark_vietnam_dataset_split\train\122786\train_122786_18.jpg
train_122786_19,train,122786,Regina Pacis Cathedral (Long Xuyen),../../data/landmark_vietnam_dataset_split\train\122786\train_122786_19.jpg
train_122786_20,train,122786,Regina Pacis Cathedral (Long Xuyen),../../data/landmark_vietnam_dataset_split\train\122786\train_122786_20.jpg
train_122786_21,train,122786,Regina Pacis Cathedral (Long Xuyen),../../data/landmark_vietnam_dataset_split\train\122786\train_122786_21.jpg
train_124454_1,train,124454,Hanoi Botanical Garden,../../data/landmark_vietnam_dataset_split\train\124454\train_124454_1.jpg
train_124454_2,train,124454,Hanoi Botanical Garden,../../data/landmark_vietnam_dataset_split\train\124454\train_124454_2.jpg
train_124454_3,train,124454,Hanoi Botanical Garden,../../data/landmark_vietnam_dataset_split\train\124454\train_124454_3.jpg
train_124454_4,train,124454,Hanoi Botanical Garden,../../data/landmark_vietnam_dataset_split\train\124454\train_124454_4.jpg
train_124454_5,train,124454,Hanoi Botanical Garden,../../data/landmark_vietnam_dataset_split\train\124454\train_124454_5.jpg
train_124454_6,train,124454,Hanoi Botanical Garden,../../data/landmark_vietnam_dataset_split\train\124454\train_124454_6.jpg
train_124454_7,train,124454,Hanoi Botanical Garden,../../data/landmark_vietnam_dataset_split\train\124454\train_124454_7.jpg
train_124454_8,train,124454,Hanoi Botanical Garden,../../data/landmark_vietnam_dataset_split\train\124454\train_124454_8.jpg
train_124454_9,train,124454,Hanoi Botanical Garden,../../data/landmark_vietnam_dataset_split\train\124454\train_124454_9.jpg
train_124454_10,train,124454,Hanoi Botanical Garden,../../data/landmark_vietnam_dataset_split\train\124454\train_124454_10.jpg
train_124454_11,train,124454,Hanoi Botanical Garden,../../data/landmark_vietnam_dataset_split\train\124454\train_124454_11.jpg
train_124454_12,train,124454,Hanoi Botanical Garden,../../data/landmark_vietnam_dataset_split\train\124454\train_124454_12.jpg
train_125300_1,train,125300,Chùa Cầu,../../data/landmark_vietnam_dataset_split\train\125300\train_125300_1.jpg
train_125300_2,train,125300,Chùa Cầu,../../data/landmark_vietnam_dataset_split\train\125300\train_125300_2.jpg
train_125300_3,train,125300,Chùa Cầu,../../data/landmark_vietnam_dataset_split\train\125300\train_125300_3.jpg
train_125300_4,train,125300,Chùa Cầu,../../data/landmark_vietnam_dataset_split\train\125300\train_125300_4.jpg
train_125300_5,train,125300,Chùa Cầu,../../data/landmark_vietnam_dataset_split\train\125300\train_125300_5.jpg
train_125300_6,train,125300,Chùa Cầu,../../data/landmark_vietnam_dataset_split\train\125300\train_125300_6.jpg
train_125300_7,train,125300,Chùa Cầu,../../data/landmark_vietnam_dataset_split\train\125300\train_125300_7.jpg
train_125300_8,train,125300,Chùa Cầu,../../data/landmark_vietnam_dataset_split\train\125300\train_125300_8.jpg
train_125300_9,train,125300,Chùa Cầu,../../data/landmark_vietnam_dataset_split\train\125300\train_125300_9.jpg
train_125300_10,train,125300,Chùa Cầu,../../data/landmark_vietnam_dataset_split\train\125300\train_125300_10.jpg
train_125300_11,train,125300,Chùa Cầu,../../data/landmark_vietnam_dataset_split\train\125300\train_125300_11.jpg
train_125300_12,train,125300,Chùa Cầu,../../data/landmark_vietnam_dataset_split\train\125300\train_125300_12.jpg
train_125300_13,train,125300,Chùa Cầu,../../data/landmark_vietnam_dataset_split\train\125300\train_125300_13.jpg
train_125300_14,train,125300,Chùa Cầu,../../data/landmark_vietnam_dataset_split\train\125300\train_125300_14.jpg
train_125300_15,train,125300,Chùa Cầu,../../data/landmark_vietnam_dataset_split\train\125300\train_125300_15.jpg
train_125300_16,train,125300,Chùa Cầu,../../data/landmark_vietnam_dataset_split\train\125300\train_125300_16.jpg
train_125300_17,train,125300,Chùa Cầu,../../data/landmark_vietnam_dataset_split\train\125300\train_125300_17.jpg
train_125300_18,train,125300,Chùa Cầu,../../data/landmark_vietnam_dataset_split\train\125300\train_125300_18.jpg
train_125300_19,train,125300,Chùa Cầu,../../data/landmark_vietnam_dataset_split\train\125300\train_125300_19.jpg
train_125300_20,train,125300,Chùa Cầu,../../data/landmark_vietnam_dataset_split\train\125300\train_125300_20.jpg
train_125300_21,train,125300,Chùa Cầu,../../data/landmark_vietnam_dataset_split\train\125300\train_125300_21.jpg
train_128015_1,train,128015,Cam Ranh Bay,../../data/landmark_vietnam_dataset_split\train\128015\train_128015_1.jpg
train_128015_2,train,128015,Cam Ranh Bay,../../data/landmark_vietnam_dataset_split\train\128015\train_128015_2.jpg
train_128015_3,train,128015,Cam Ranh Bay,../../data/landmark_vietnam_dataset_split\train\128015\train_128015_3.jpg
train_128015_4,train,128015,Cam Ranh Bay,../../data/landmark_vietnam_dataset_split\train\128015\train_128015_4.jpg
train_128015_5,train,128015,Cam Ranh Bay,../../data/landmark_vietnam_dataset_split\train\128015\train_128015_5.jpg
train_128015_6,train,128015,Cam Ranh Bay,../../data/landmark_vietnam_dataset_split\train\128015\train_128015_6.jpg
train_128015_7,train,128015,Cam Ranh Bay,../../data/landmark_vietnam_dataset_split\train\128015\train_128015_7.jpg
train_128015_8,train,128015,Cam Ranh Bay,../../data/landmark_vietnam_dataset_split\train\128015\train_128015_8.jpg
train_128015_9,train,128015,Cam Ranh Bay,../../data/landmark_vietnam_dataset_split\train\128015\train_128015_9.jpg
train_128015_10,train,128015,Cam Ranh Bay,../../data/landmark_vietnam_dataset_split\train\128015\train_128015_10.jpg
train_128015_11,train,128015,Cam Ranh Bay,../../data/landmark_vietnam_dataset_split\train\128015\train_128015_11.jpg
train_128015_12,train,128015,Cam Ranh Bay,../../data/landmark_vietnam_dataset_split\train\128015\train_128015_12.jpg
train_128015_13,train,128015,Cam Ranh Bay,../../data/landmark_vietnam_dataset_split\train\128015\train_128015_13.jpg
train_128015_14,train,128015,Cam Ranh Bay,../../data/landmark_vietnam_dataset_split\train\128015\train_128015_14.jpg
train_128015_15,train,128015,Cam Ranh Bay,../../data/landmark_vietnam_dataset_split\train\128015\train_128015_15.jpg
train_128228_1,train,128228,Thac Ba Lake,../../data/landmark_vietnam_dataset_split\train\128228\train_128228_1.jpg
train_128228_2,train,128228,Thac Ba Lake,../../data/landmark_vietnam_dataset_split\train\128228\train_128228_2.jpg
train_128228_3,train,128228,Thac Ba Lake,../../data/landmark_vietnam_dataset_split\train\128228\train_128228_3.jpg
train_128228_4,train,128228,Thac Ba Lake,../../data/landmark_vietnam_dataset_split\train\128228\train_128228_4.jpg
train_128228_5,train,128228,Thac Ba Lake,../../data/landmark_vietnam_dataset_split\train\128228\train_128228_5.jpg
train_128228_6,train,128228,Thac Ba Lake,../../data/landmark_vietnam_dataset_split\train\128228\train_128228_6.jpg
train_128228_7,train,128228,Thac Ba Lake,../../data/landmark_vietnam_dataset_split\train\128228\train_128228_7.jpg
train_128228_8,train,128228,Thac Ba Lake,../../data/landmark_vietnam_dataset_split\train\128228\train_128228_8.jpg
train_128228_9,train,128228,Thac Ba Lake,../../data/landmark_vietnam_dataset_split\train\128228\train_128228_9.jpg
train_128228_10,train,128228,Thac Ba Lake,../../data/landmark_vietnam_dataset_split\train\128228\train_128228_10.jpg
train_128228_11,train,128228,Thac Ba Lake,../../data/landmark_vietnam_dataset_split\train\128228\train_128228_11.jpg
train_128228_12,train,128228,Thac Ba Lake,../../data/landmark_vietnam_dataset_split\train\128228\train_128228_12.jpg
train_128310_1,train,128310,Chi Lang Stadium,../../data/landmark_vietnam_dataset_split\train\128310\train_128310_1.jpg
train_128310_2,train,128310,Chi Lang Stadium,../../data/landmark_vietnam_dataset_split\train\128310\train_128310_2.jpg
train_128310_3,train,128310,Chi Lang Stadium,../../data/landmark_vietnam_dataset_split\train\128310\train_128310_3.jpg
train_128310_4,train,128310,Chi Lang Stadium,../../data/landmark_vietnam_dataset_split\train\128310\train_128310_4.jpg
train_128310_5,train,128310,Chi Lang Stadium,../../data/landmark_vietnam_dataset_split\train\128310\train_128310_5.jpg
train_128310_6,train,128310,Chi Lang Stadium,../../data/landmark_vietnam_dataset_split\train\128310\train_128310_6.jpg
train_128310_7,train,128310,Chi Lang Stadium,../../data/landmark_vietnam_dataset_split\train\128310\train_128310_7.jpg
train_128310_8,train,128310,Chi Lang Stadium,../../data/landmark_vietnam_dataset_split\train\128310\train_128310_8.jpg
train_128310_9,train,128310,Chi Lang Stadium,../../data/landmark_vietnam_dataset_split\train\128310\train_128310_9.jpg
train_128310_10,train,128310,Chi Lang Stadium,../../data/landmark_vietnam_dataset_split\train\128310\train_128310_10.jpg
train_128310_11,train,128310,Chi Lang Stadium,../../data/landmark_vietnam_dataset_split\train\128310\train_128310_11.jpg
train_128310_12,train,128310,Chi Lang Stadium,../../data/landmark_vietnam_dataset_split\train\128310\train_128310_12.jpg
train_128374_1,train,128374,Vung Tau lighthouse,../../data/landmark_vietnam_dataset_split\train\128374\train_128374_1.jpg
train_128374_2,train,128374,Vung Tau lighthouse,../../data/landmark_vietnam_dataset_split\train\128374\train_128374_2.jpg
train_128374_3,train,128374,Vung Tau lighthouse,../../data/landmark_vietnam_dataset_split\train\128374\train_128374_3.jpg
train_128374_4,train,128374,Vung Tau lighthouse,../../data/landmark_vietnam_dataset_split\train\128374\train_128374_4.jpg
train_128374_5,train,128374,Vung Tau lighthouse,../../data/landmark_vietnam_dataset_split\train\128374\train_128374_5.jpg
train_128374_6,train,128374,Vung Tau lighthouse,../../data/landmark_vietnam_dataset_split\train\128374\train_128374_6.jpg
train_128374_7,train,128374,Vung Tau lighthouse,../../data/landmark_vietnam_dataset_split\train\128374\train_128374_7.jpg
train_128374_8,train,128374,Vung Tau lighthouse,../../data/landmark_vietnam_dataset_split\train\128374\train_128374_8.jpg
train_128374_9,train,128374,Vung Tau lighthouse,../../data/landmark_vietnam_dataset_split\train\128374\train_128374_9.jpg
train_128374_10,train,128374,Vung Tau lighthouse,../../data/landmark_vietnam_dataset_split\train\128374\train_128374_10.jpg
train_128374_11,train,128374,Vung Tau lighthouse,../../data/landmark_vietnam_dataset_split\train\128374\train_128374_11.jpg
train_128374_12,train,128374,Vung Tau lighthouse,../../data/landmark_vietnam_dataset_split\train\128374\train_128374_12.jpg
train_128374_13,train,128374,Vung Tau lighthouse,../../data/landmark_vietnam_dataset_split\train\128374\train_128374_13.jpg
train_128374_14,train,128374,Vung Tau lighthouse,../../data/landmark_vietnam_dataset_split\train\128374\train_128374_14.jpg
train_128374_15,train,128374,Vung Tau lighthouse,../../data/landmark_vietnam_dataset_split\train\128374\train_128374_15.jpg
train_128374_16,train,128374,Vung Tau lighthouse,../../data/landmark_vietnam_dataset_split\train\128374\train_128374_16.jpg
train_128374_17,train,128374,Vung Tau lighthouse,../../data/landmark_vietnam_dataset_split\train\128374\train_128374_17.jpg
train_128374_18,train,128374,Vung Tau lighthouse,../../data/landmark_vietnam_dataset_split\train\128374\train_128374_18.jpg
train_128374_19,train,128374,Vung Tau lighthouse,../../data/landmark_vietnam_dataset_split\train\128374\train_128374_19.jpg
train_128374_20,train,128374,Vung Tau lighthouse,../../data/landmark_vietnam_dataset_split\train\128374\train_128374_20.jpg
train_128374_21,train,128374,Vung Tau lighthouse,../../data/landmark_vietnam_dataset_split\train\128374\train_128374_21.jpg
train_129798_1,train,129798,Vietnamese Women's Museum,../../data/landmark_vietnam_dataset_split\train\129798\train_129798_1.jpg
train_129798_2,train,129798,Vietnamese Women's Museum,../../data/landmark_vietnam_dataset_split\train\129798\train_129798_2.jpg
train_129798_3,train,129798,Vietnamese Women's Museum,../../data/landmark_vietnam_dataset_split\train\129798\train_129798_3.jpg
train_129798_4,train,129798,Vietnamese Women's Museum,../../data/landmark_vietnam_dataset_split\train\129798\train_129798_4.jpg
train_129798_5,train,129798,Vietnamese Women's Museum,../../data/landmark_vietnam_dataset_split\train\129798\train_129798_5.jpg
train_129798_6,train,129798,Vietnamese Women's Museum,../../data/landmark_vietnam_dataset_split\train\129798\train_129798_6.jpg
train_129798_7,train,129798,Vietnamese Women's Museum,../../data/landmark_vietnam_dataset_split\train\129798\train_129798_7.jpg
train_129798_8,train,129798,Vietnamese Women's Museum,../../data/landmark_vietnam_dataset_split\train\129798\train_129798_8.jpg
train_129798_9,train,129798,Vietnamese Women's Museum,../../data/landmark_vietnam_dataset_split\train\129798\train_129798_9.jpg
train_129798_10,train,129798,Vietnamese Women's Museum,../../data/landmark_vietnam_dataset_split\train\129798\train_129798_10.jpg
train_129798_11,train,129798,Vietnamese Women's Museum,../../data/landmark_vietnam_dataset_split\train\129798\train_129798_11.jpg
train_129798_12,train,129798,Vietnamese Women's Museum,../../data/landmark_vietnam_dataset_split\train\129798\train_129798_12.jpg
train_129798_13,train,129798,Vietnamese Women's Museum,../../data/landmark_vietnam_dataset_split\train\129798\train_129798_13.jpg
train_129798_14,train,129798,Vietnamese Women's Museum,../../data/landmark_vietnam_dataset_split\train\129798\train_129798_14.jpg
train_129798_15,train,129798,Vietnamese Women's Museum,../../data/landmark_vietnam_dataset_split\train\129798\train_129798_15.jpg
train_129798_16,train,129798,Vietnamese Women's Museum,../../data/landmark_vietnam_dataset_split\train\129798\train_129798_16.jpg
train_129798_17,train,129798,Vietnamese Women's Museum,../../data/landmark_vietnam_dataset_split\train\129798\train_129798_17.jpg
train_129798_18,train,129798,Vietnamese Women's Museum,../../data/landmark_vietnam_dataset_split\train\129798\train_129798_18.jpg
train_129798_19,train,129798,Vietnamese Women's Museum,../../data/landmark_vietnam_dataset_split\train\129798\train_129798_19.jpg
train_129798_20,train,129798,Vietnamese Women's Museum,../../data/landmark_vietnam_dataset_split\train\129798\train_129798_20.jpg
train_129798_21,train,129798,Vietnamese Women's Museum,../../data/landmark_vietnam_dataset_split\train\129798\train_129798_21.jpg
train_129798_22,train,129798,Vietnamese Women's Museum,../../data/landmark_vietnam_dataset_split\train\129798\train_129798_22.jpg
train_129798_23,train,129798,Vietnamese Women's Museum,../../data/landmark_vietnam_dataset_split\train\129798\train_129798_23.jpg
train_129798_24,train,129798,Vietnamese Women's Museum,../../data/landmark_vietnam_dataset_split\train\129798\train_129798_24.jpg
train_129798_25,train,129798,Vietnamese Women's Museum,../../data/landmark_vietnam_dataset_split\train\129798\train_129798_25.jpg
train_129798_26,train,129798,Vietnamese Women's Museum,../../data/landmark_vietnam_dataset_split\train\129798\train_129798_26.jpg
train_129798_27,train,129798,Vietnamese Women's Museum,../../data/landmark_vietnam_dataset_split\train\129798\train_129798_27.jpg
train_130230_1,train,130230,Museum of Cham Sculpture,../../data/landmark_vietnam_dataset_split\train\130230\train_130230_1.jpg
train_130230_2,train,130230,Museum of Cham Sculpture,../../data/landmark_vietnam_dataset_split\train\130230\train_130230_2.jpg
train_130230_3,train,130230,Museum of Cham Sculpture,../../data/landmark_vietnam_dataset_split\train\130230\train_130230_3.jpg
train_130230_4,train,130230,Museum of Cham Sculpture,../../data/landmark_vietnam_dataset_split\train\130230\train_130230_4.jpg
train_130230_5,train,130230,Museum of Cham Sculpture,../../data/landmark_vietnam_dataset_split\train\130230\train_130230_5.jpg
train_130230_6,train,130230,Museum of Cham Sculpture,../../data/landmark_vietnam_dataset_split\train\130230\train_130230_6.jpg
train_130230_7,train,130230,Museum of Cham Sculpture,../../data/landmark_vietnam_dataset_split\train\130230\train_130230_7.jpg
train_130230_8,train,130230,Museum of Cham Sculpture,../../data/landmark_vietnam_dataset_split\train\130230\train_130230_8.jpg
train_130230_9,train,130230,Museum of Cham Sculpture,../../data/landmark_vietnam_dataset_split\train\130230\train_130230_9.jpg
train_130230_10,train,130230,Museum of Cham Sculpture,../../data/landmark_vietnam_dataset_split\train\130230\train_130230_10.jpg
train_130230_11,train,130230,Museum of Cham Sculpture,../../data/landmark_vietnam_dataset_split\train\130230\train_130230_11.jpg
train_130230_12,train,130230,Museum of Cham Sculpture,../../data/landmark_vietnam_dataset_split\train\130230\train_130230_12.jpg
train_130230_13,train,130230,Museum of Cham Sculpture,../../data/landmark_vietnam_dataset_split\train\130230\train_130230_13.jpg
train_130230_14,train,130230,Museum of Cham Sculpture,../../data/landmark_vietnam_dataset_split\train\130230\train_130230_14.jpg
train_130230_15,train,130230,Museum of Cham Sculpture,../../data/landmark_vietnam_dataset_split\train\130230\train_130230_15.jpg
train_131182_1,train,131182,National Library of Vietnam,../../data/landmark_vietnam_dataset_split\train\131182\train_131182_1.jpg
train_131182_2,train,131182,National Library of Vietnam,../../data/landmark_vietnam_dataset_split\train\131182\train_131182_2.jpg
train_131182_3,train,131182,National Library of Vietnam,../../data/landmark_vietnam_dataset_split\train\131182\train_131182_3.jpg
train_131182_4,train,131182,National Library of Vietnam,../../data/landmark_vietnam_dataset_split\train\131182\train_131182_4.jpg
train_131182_5,train,131182,National Library of Vietnam,../../data/landmark_vietnam_dataset_split\train\131182\train_131182_5.jpg
train_131182_6,train,131182,National Library of Vietnam,../../data/landmark_vietnam_dataset_split\train\131182\train_131182_6.jpg
train_131182_7,train,131182,National Library of Vietnam,../../data/landmark_vietnam_dataset_split\train\131182\train_131182_7.jpg
train_131182_8,train,131182,National Library of Vietnam,../../data/landmark_vietnam_dataset_split\train\131182\train_131182_8.jpg
train_131182_9,train,131182,National Library of Vietnam,../../data/landmark_vietnam_dataset_split\train\131182\train_131182_9.jpg
train_131182_10,train,131182,National Library of Vietnam,../../data/landmark_vietnam_dataset_split\train\131182\train_131182_10.jpg
train_131182_11,train,131182,National Library of Vietnam,../../data/landmark_vietnam_dataset_split\train\131182\train_131182_11.jpg
train_131182_12,train,131182,National Library of Vietnam,../../data/landmark_vietnam_dataset_split\train\131182\train_131182_12.jpg
train_131182_13,train,131182,National Library of Vietnam,../../data/landmark_vietnam_dataset_split\train\131182\train_131182_13.jpg
train_131182_14,train,131182,National Library of Vietnam,../../data/landmark_vietnam_dataset_split\train\131182\train_131182_14.jpg
train_131182_15,train,131182,National Library of Vietnam,../../data/landmark_vietnam_dataset_split\train\131182\train_131182_15.jpg
train_131182_16,train,131182,National Library of Vietnam,../../data/landmark_vietnam_dataset_split\train\131182\train_131182_16.jpg
train_131182_17,train,131182,National Library of Vietnam,../../data/landmark_vietnam_dataset_split\train\131182\train_131182_17.jpg
train_131182_18,train,131182,National Library of Vietnam,../../data/landmark_vietnam_dataset_split\train\131182\train_131182_18.jpg
train_131182_19,train,131182,National Library of Vietnam,../../data/landmark_vietnam_dataset_split\train\131182\train_131182_19.jpg
train_131182_20,train,131182,National Library of Vietnam,../../data/landmark_vietnam_dataset_split\train\131182\train_131182_20.jpg
train_131182_21,train,131182,National Library of Vietnam,../../data/landmark_vietnam_dataset_split\train\131182\train_131182_21.jpg
train_131182_22,train,131182,National Library of Vietnam,../../data/landmark_vietnam_dataset_split\train\131182\train_131182_22.jpg
train_131182_23,train,131182,National Library of Vietnam,../../data/landmark_vietnam_dataset_split\train\131182\train_131182_23.jpg
train_131182_24,train,131182,National Library of Vietnam,../../data/landmark_vietnam_dataset_split\train\131182\train_131182_24.jpg
train_133325_1,train,133325,Bai Chay Bridge,../../data/landmark_vietnam_dataset_split\train\133325\train_133325_1.jpg
train_133325_2,train,133325,Bai Chay Bridge,../../data/landmark_vietnam_dataset_split\train\133325\train_133325_2.jpg
train_133325_3,train,133325,Bai Chay Bridge,../../data/landmark_vietnam_dataset_split\train\133325\train_133325_3.jpg
train_133325_4,train,133325,Bai Chay Bridge,../../data/landmark_vietnam_dataset_split\train\133325\train_133325_4.jpg
train_133325_5,train,133325,Bai Chay Bridge,../../data/landmark_vietnam_dataset_split\train\133325\train_133325_5.jpg
train_133325_6,train,133325,Bai Chay Bridge,../../data/landmark_vietnam_dataset_split\train\133325\train_133325_6.jpg
train_133325_7,train,133325,Bai Chay Bridge,../../data/landmark_vietnam_dataset_split\train\133325\train_133325_7.jpg
train_133325_8,train,133325,Bai Chay Bridge,../../data/landmark_vietnam_dataset_split\train\133325\train_133325_8.jpg
train_133325_9,train,133325,Bai Chay Bridge,../../data/landmark_vietnam_dataset_split\train\133325\train_133325_9.jpg
train_133325_10,train,133325,Bai Chay Bridge,../../data/landmark_vietnam_dataset_split\train\133325\train_133325_10.jpg
train_133325_11,train,133325,Bai Chay Bridge,../../data/landmark_vietnam_dataset_split\train\133325\train_133325_11.jpg
train_133325_12,train,133325,Bai Chay Bridge,../../data/landmark_vietnam_dataset_split\train\133325\train_133325_12.jpg
train_133325_13,train,133325,Bai Chay Bridge,../../data/landmark_vietnam_dataset_split\train\133325\train_133325_13.jpg
train_133325_14,train,133325,Bai Chay Bridge,../../data/landmark_vietnam_dataset_split\train\133325\train_133325_14.jpg
train_133325_15,train,133325,Bai Chay Bridge,../../data/landmark_vietnam_dataset_split\train\133325\train_133325_15.jpg
train_133325_16,train,133325,Bai Chay Bridge,../../data/landmark_vietnam_dataset_split\train\133325\train_133325_16.jpg
train_133325_17,train,133325,Bai Chay Bridge,../../data/landmark_vietnam_dataset_split\train\133325\train_133325_17.jpg
train_133325_18,train,133325,Bai Chay Bridge,../../data/landmark_vietnam_dataset_split\train\133325\train_133325_18.jpg
train_133572_1,train,133572,Đền Mẫu Âu Cơ,../../data/landmark_vietnam_dataset_split\train\133572\train_133572_1.jpg
train_133572_2,train,133572,Đền Mẫu Âu Cơ,../../data/landmark_vietnam_dataset_split\train\133572\train_133572_2.jpg
train_133572_3,train,133572,Đền Mẫu Âu Cơ,../../data/landmark_vietnam_dataset_split\train\133572\train_133572_3.jpg
train_133572_4,train,133572,Đền Mẫu Âu Cơ,../../data/landmark_vietnam_dataset_split\train\133572\train_133572_4.jpg
train_133572_5,train,133572,Đền Mẫu Âu Cơ,../../data/landmark_vietnam_dataset_split\train\133572\train_133572_5.jpg
train_133572_6,train,133572,Đền Mẫu Âu Cơ,../../data/landmark_vietnam_dataset_split\train\133572\train_133572_6.jpg
train_133572_7,train,133572,Đền Mẫu Âu Cơ,../../data/landmark_vietnam_dataset_split\train\133572\train_133572_7.jpg
train_133572_8,train,133572,Đền Mẫu Âu Cơ,../../data/landmark_vietnam_dataset_split\train\133572\train_133572_8.jpg
train_133572_9,train,133572,Đền Mẫu Âu Cơ,../../data/landmark_vietnam_dataset_split\train\133572\train_133572_9.jpg
train_133572_10,train,133572,Đền Mẫu Âu Cơ,../../data/landmark_vietnam_dataset_split\train\133572\train_133572_10.jpg
train_133572_11,train,133572,Đền Mẫu Âu Cơ,../../data/landmark_vietnam_dataset_split\train\133572\train_133572_11.jpg
train_133572_12,train,133572,Đền Mẫu Âu Cơ,../../data/landmark_vietnam_dataset_split\train\133572\train_133572_12.jpg
train_133572_13,train,133572,Đền Mẫu Âu Cơ,../../data/landmark_vietnam_dataset_split\train\133572\train_133572_13.jpg
train_133572_14,train,133572,Đền Mẫu Âu Cơ,../../data/landmark_vietnam_dataset_split\train\133572\train_133572_14.jpg
train_133572_15,train,133572,Đền Mẫu Âu Cơ,../../data/landmark_vietnam_dataset_split\train\133572\train_133572_15.jpg
train_133572_16,train,133572,Đền Mẫu Âu Cơ,../../data/landmark_vietnam_dataset_split\train\133572\train_133572_16.jpg
train_133572_17,train,133572,Đền Mẫu Âu Cơ,../../data/landmark_vietnam_dataset_split\train\133572\train_133572_17.jpg
train_133572_18,train,133572,Đền Mẫu Âu Cơ,../../data/landmark_vietnam_dataset_split\train\133572\train_133572_18.jpg
train_133572_19,train,133572,Đền Mẫu Âu Cơ,../../data/landmark_vietnam_dataset_split\train\133572\train_133572_19.jpg
train_133572_20,train,133572,Đền Mẫu Âu Cơ,../../data/landmark_vietnam_dataset_split\train\133572\train_133572_20.jpg
train_133572_21,train,133572,Đền Mẫu Âu Cơ,../../data/landmark_vietnam_dataset_split\train\133572\train_133572_21.jpg
train_133572_22,train,133572,Đền Mẫu Âu Cơ,../../data/landmark_vietnam_dataset_split\train\133572\train_133572_22.jpg
train_133572_23,train,133572,Đền Mẫu Âu Cơ,../../data/landmark_vietnam_dataset_split\train\133572\train_133572_23.jpg
train_133572_24,train,133572,Đền Mẫu Âu Cơ,../../data/landmark_vietnam_dataset_split\train\133572\train_133572_24.jpg
train_133933_1,train,133933,Lotte Center Hanoi,../../data/landmark_vietnam_dataset_split\train\133933\train_133933_1.jpg
train_133933_2,train,133933,Lotte Center Hanoi,../../data/landmark_vietnam_dataset_split\train\133933\train_133933_2.jpg
train_133933_3,train,133933,Lotte Center Hanoi,../../data/landmark_vietnam_dataset_split\train\133933\train_133933_3.jpg
train_133933_4,train,133933,Lotte Center Hanoi,../../data/landmark_vietnam_dataset_split\train\133933\train_133933_4.jpg
train_133933_5,train,133933,Lotte Center Hanoi,../../data/landmark_vietnam_dataset_split\train\133933\train_133933_5.jpg
train_133933_6,train,133933,Lotte Center Hanoi,../../data/landmark_vietnam_dataset_split\train\133933\train_133933_6.jpg
train_133933_7,train,133933,Lotte Center Hanoi,../../data/landmark_vietnam_dataset_split\train\133933\train_133933_7.jpg
train_133933_8,train,133933,Lotte Center Hanoi,../../data/landmark_vietnam_dataset_split\train\133933\train_133933_8.jpg
train_133933_9,train,133933,Lotte Center Hanoi,../../data/landmark_vietnam_dataset_split\train\133933\train_133933_9.jpg
train_133933_10,train,133933,Lotte Center Hanoi,../../data/landmark_vietnam_dataset_split\train\133933\train_133933_10.jpg
train_133933_11,train,133933,Lotte Center Hanoi,../../data/landmark_vietnam_dataset_split\train\133933\train_133933_11.jpg
train_133933_12,train,133933,Lotte Center Hanoi,../../data/landmark_vietnam_dataset_split\train\133933\train_133933_12.jpg
train_133933_13,train,133933,Lotte Center Hanoi,../../data/landmark_vietnam_dataset_split\train\133933\train_133933_13.jpg
train_133933_14,train,133933,Lotte Center Hanoi,../../data/landmark_vietnam_dataset_split\train\133933\train_133933_14.jpg
train_133933_15,train,133933,Lotte Center Hanoi,../../data/landmark_vietnam_dataset_split\train\133933\train_133933_15.jpg
train_133933_16,train,133933,Lotte Center Hanoi,../../data/landmark_vietnam_dataset_split\train\133933\train_133933_16.jpg
train_133933_17,train,133933,Lotte Center Hanoi,../../data/landmark_vietnam_dataset_split\train\133933\train_133933_17.jpg
train_133933_18,train,133933,Lotte Center Hanoi,../../data/landmark_vietnam_dataset_split\train\133933\train_133933_18.jpg
train_133933_19,train,133933,Lotte Center Hanoi,../../data/landmark_vietnam_dataset_split\train\133933\train_133933_19.jpg
train_133933_20,train,133933,Lotte Center Hanoi,../../data/landmark_vietnam_dataset_split\train\133933\train_133933_20.jpg
train_133933_21,train,133933,Lotte Center Hanoi,../../data/landmark_vietnam_dataset_split\train\133933\train_133933_21.jpg
train_133933_22,train,133933,Lotte Center Hanoi,../../data/landmark_vietnam_dataset_split\train\133933\train_133933_22.jpg
train_133933_23,train,133933,Lotte Center Hanoi,../../data/landmark_vietnam_dataset_split\train\133933\train_133933_23.jpg
train_133933_24,train,133933,Lotte Center Hanoi,../../data/landmark_vietnam_dataset_split\train\133933\train_133933_24.jpg
train_134053_1,train,134053,Kim Bồng Village,../../data/landmark_vietnam_dataset_split\train\134053\train_134053_1.jpg
train_134053_2,train,134053,Kim Bồng Village,../../data/landmark_vietnam_dataset_split\train\134053\train_134053_2.jpg
train_134053_3,train,134053,Kim Bồng Village,../../data/landmark_vietnam_dataset_split\train\134053\train_134053_3.jpg
train_134053_4,train,134053,Kim Bồng Village,../../data/landmark_vietnam_dataset_split\train\134053\train_134053_4.jpg
train_134053_5,train,134053,Kim Bồng Village,../../data/landmark_vietnam_dataset_split\train\134053\train_134053_5.jpg
train_134053_6,train,134053,Kim Bồng Village,../../data/landmark_vietnam_dataset_split\train\134053\train_134053_6.jpg
train_134053_7,train,134053,Kim Bồng Village,../../data/landmark_vietnam_dataset_split\train\134053\train_134053_7.jpg
train_134053_8,train,134053,Kim Bồng Village,../../data/landmark_vietnam_dataset_split\train\134053\train_134053_8.jpg
train_134053_9,train,134053,Kim Bồng Village,../../data/landmark_vietnam_dataset_split\train\134053\train_134053_9.jpg
train_134053_10,train,134053,Kim Bồng Village,../../data/landmark_vietnam_dataset_split\train\134053\train_134053_10.jpg
train_134053_11,train,134053,Kim Bồng Village,../../data/landmark_vietnam_dataset_split\train\134053\train_134053_11.jpg
train_134053_12,train,134053,Kim Bồng Village,../../data/landmark_vietnam_dataset_split\train\134053\train_134053_12.jpg
train_134053_13,train,134053,Kim Bồng Village,../../data/landmark_vietnam_dataset_split\train\134053\train_134053_13.jpg
train_134053_14,train,134053,Kim Bồng Village,../../data/landmark_vietnam_dataset_split\train\134053\train_134053_14.jpg
train_134053_15,train,134053,Kim Bồng Village,../../data/landmark_vietnam_dataset_split\train\134053\train_134053_15.jpg
train_134422_1,train,134422,Trấn Quốc Pagoda,../../data/landmark_vietnam_dataset_split\train\134422\train_134422_1.jpg
train_134422_2,train,134422,Trấn Quốc Pagoda,../../data/landmark_vietnam_dataset_split\train\134422\train_134422_2.jpg
train_134422_3,train,134422,Trấn Quốc Pagoda,../../data/landmark_vietnam_dataset_split\train\134422\train_134422_3.jpg
train_134422_4,train,134422,Trấn Quốc Pagoda,../../data/landmark_vietnam_dataset_split\train\134422\train_134422_4.jpg
train_134422_5,train,134422,Trấn Quốc Pagoda,../../data/landmark_vietnam_dataset_split\train\134422\train_134422_5.jpg
train_134422_6,train,134422,Trấn Quốc Pagoda,../../data/landmark_vietnam_dataset_split\train\134422\train_134422_6.jpg
train_134422_7,train,134422,Trấn Quốc Pagoda,../../data/landmark_vietnam_dataset_split\train\134422\train_134422_7.jpg
train_134422_8,train,134422,Trấn Quốc Pagoda,../../data/landmark_vietnam_dataset_split\train\134422\train_134422_8.jpg
train_134422_9,train,134422,Trấn Quốc Pagoda,../../data/landmark_vietnam_dataset_split\train\134422\train_134422_9.jpg
train_134422_10,train,134422,Trấn Quốc Pagoda,../../data/landmark_vietnam_dataset_split\train\134422\train_134422_10.jpg
train_134422_11,train,134422,Trấn Quốc Pagoda,../../data/landmark_vietnam_dataset_split\train\134422\train_134422_11.jpg
train_134422_12,train,134422,Trấn Quốc Pagoda,../../data/landmark_vietnam_dataset_split\train\134422\train_134422_12.jpg
train_134422_13,train,134422,Trấn Quốc Pagoda,../../data/landmark_vietnam_dataset_split\train\134422\train_134422_13.jpg
train_134422_14,train,134422,Trấn Quốc Pagoda,../../data/landmark_vietnam_dataset_split\train\134422\train_134422_14.jpg
train_134422_15,train,134422,Trấn Quốc Pagoda,../../data/landmark_vietnam_dataset_split\train\134422\train_134422_15.jpg
train_134422_16,train,134422,Trấn Quốc Pagoda,../../data/landmark_vietnam_dataset_split\train\134422\train_134422_16.jpg
train_134422_17,train,134422,Trấn Quốc Pagoda,../../data/landmark_vietnam_dataset_split\train\134422\train_134422_17.jpg
train_134422_18,train,134422,Trấn Quốc Pagoda,../../data/landmark_vietnam_dataset_split\train\134422\train_134422_18.jpg
train_134422_19,train,134422,Trấn Quốc Pagoda,../../data/landmark_vietnam_dataset_split\train\134422\train_134422_19.jpg
train_134422_20,train,134422,Trấn Quốc Pagoda,../../data/landmark_vietnam_dataset_split\train\134422\train_134422_20.jpg
train_134422_21,train,134422,Trấn Quốc Pagoda,../../data/landmark_vietnam_dataset_split\train\134422\train_134422_21.jpg
train_134422_22,train,134422,Trấn Quốc Pagoda,../../data/landmark_vietnam_dataset_split\train\134422\train_134422_22.jpg
train_134422_23,train,134422,Trấn Quốc Pagoda,../../data/landmark_vietnam_dataset_split\train\134422\train_134422_23.jpg
train_134422_24,train,134422,Trấn Quốc Pagoda,../../data/landmark_vietnam_dataset_split\train\134422\train_134422_24.jpg
train_134878_1,train,134878,Turtle Tower,../../data/landmark_vietnam_dataset_split\train\134878\train_134878_1.jpg
train_134878_2,train,134878,Turtle Tower,../../data/landmark_vietnam_dataset_split\train\134878\train_134878_2.jpg
train_134878_3,train,134878,Turtle Tower,../../data/landmark_vietnam_dataset_split\train\134878\train_134878_3.jpg
train_134878_4,train,134878,Turtle Tower,../../data/landmark_vietnam_dataset_split\train\134878\train_134878_4.jpg
train_134878_5,train,134878,Turtle Tower,../../data/landmark_vietnam_dataset_split\train\134878\train_134878_5.jpg
train_134878_6,train,134878,Turtle Tower,../../data/landmark_vietnam_dataset_split\train\134878\train_134878_6.jpg
train_134878_7,train,134878,Turtle Tower,../../data/landmark_vietnam_dataset_split\train\134878\train_134878_7.jpg
train_134878_8,train,134878,Turtle Tower,../../data/landmark_vietnam_dataset_split\train\134878\train_134878_8.jpg
train_134878_9,train,134878,Turtle Tower,../../data/landmark_vietnam_dataset_split\train\134878\train_134878_9.jpg
train_134878_10,train,134878,Turtle Tower,../../data/landmark_vietnam_dataset_split\train\134878\train_134878_10.jpg
train_134878_11,train,134878,Turtle Tower,../../data/landmark_vietnam_dataset_split\train\134878\train_134878_11.jpg
train_134878_12,train,134878,Turtle Tower,../../data/landmark_vietnam_dataset_split\train\134878\train_134878_12.jpg
train_134878_13,train,134878,Turtle Tower,../../data/landmark_vietnam_dataset_split\train\134878\train_134878_13.jpg
train_134878_14,train,134878,Turtle Tower,../../data/landmark_vietnam_dataset_split\train\134878\train_134878_14.jpg
train_134878_15,train,134878,Turtle Tower,../../data/landmark_vietnam_dataset_split\train\134878\train_134878_15.jpg
train_134878_16,train,134878,Turtle Tower,../../data/landmark_vietnam_dataset_split\train\134878\train_134878_16.jpg
train_134878_17,train,134878,Turtle Tower,../../data/landmark_vietnam_dataset_split\train\134878\train_134878_17.jpg
train_134878_18,train,134878,Turtle Tower,../../data/landmark_vietnam_dataset_split\train\134878\train_134878_18.jpg
train_134878_19,train,134878,Turtle Tower,../../data/landmark_vietnam_dataset_split\train\134878\train_134878_19.jpg
train_134878_20,train,134878,Turtle Tower,../../data/landmark_vietnam_dataset_split\train\134878\train_134878_20.jpg
train_134878_21,train,134878,Turtle Tower,../../data/landmark_vietnam_dataset_split\train\134878\train_134878_21.jpg
train_135320_1,train,135320,"Quan Am Pagoda, Ho Chi Minh City",../../data/landmark_vietnam_dataset_split\train\135320\train_135320_1.jpg
train_135320_2,train,135320,"Quan Am Pagoda, Ho Chi Minh City",../../data/landmark_vietnam_dataset_split\train\135320\train_135320_2.jpg
train_135320_3,train,135320,"Quan Am Pagoda, Ho Chi Minh City",../../data/landmark_vietnam_dataset_split\train\135320\train_135320_3.jpg
train_135320_4,train,135320,"Quan Am Pagoda, Ho Chi Minh City",../../data/landmark_vietnam_dataset_split\train\135320\train_135320_4.jpg
train_135320_5,train,135320,"Quan Am Pagoda, Ho Chi Minh City",../../data/landmark_vietnam_dataset_split\train\135320\train_135320_5.jpg
train_135320_6,train,135320,"Quan Am Pagoda, Ho Chi Minh City",../../data/landmark_vietnam_dataset_split\train\135320\train_135320_6.jpg
train_135320_7,train,135320,"Quan Am Pagoda, Ho Chi Minh City",../../data/landmark_vietnam_dataset_split\train\135320\train_135320_7.jpg
train_135320_8,train,135320,"Quan Am Pagoda, Ho Chi Minh City",../../data/landmark_vietnam_dataset_split\train\135320\train_135320_8.jpg
train_135320_9,train,135320,"Quan Am Pagoda, Ho Chi Minh City",../../data/landmark_vietnam_dataset_split\train\135320\train_135320_9.jpg
train_135320_10,train,135320,"Quan Am Pagoda, Ho Chi Minh City",../../data/landmark_vietnam_dataset_split\train\135320\train_135320_10.jpg
train_135320_11,train,135320,"Quan Am Pagoda, Ho Chi Minh City",../../data/landmark_vietnam_dataset_split\train\135320\train_135320_11.jpg
train_135320_12,train,135320,"Quan Am Pagoda, Ho Chi Minh City",../../data/landmark_vietnam_dataset_split\train\135320\train_135320_12.jpg
train_135320_13,train,135320,"Quan Am Pagoda, Ho Chi Minh City",../../data/landmark_vietnam_dataset_split\train\135320\train_135320_13.jpg
train_135320_14,train,135320,"Quan Am Pagoda, Ho Chi Minh City",../../data/landmark_vietnam_dataset_split\train\135320\train_135320_14.jpg
train_135320_15,train,135320,"Quan Am Pagoda, Ho Chi Minh City",../../data/landmark_vietnam_dataset_split\train\135320\train_135320_15.jpg
train_135320_16,train,135320,"Quan Am Pagoda, Ho Chi Minh City",../../data/landmark_vietnam_dataset_split\train\135320\train_135320_16.jpg
train_135320_17,train,135320,"Quan Am Pagoda, Ho Chi Minh City",../../data/landmark_vietnam_dataset_split\train\135320\train_135320_17.jpg
train_135320_18,train,135320,"Quan Am Pagoda, Ho Chi Minh City",../../data/landmark_vietnam_dataset_split\train\135320\train_135320_18.jpg
train_136317_1,train,136317,Bình An Cemetery,../../data/landmark_vietnam_dataset_split\train\136317\train_136317_1.jpg
train_136317_2,train,136317,Bình An Cemetery,../../data/landmark_vietnam_dataset_split\train\136317\train_136317_2.jpg
train_136317_3,train,136317,Bình An Cemetery,../../data/landmark_vietnam_dataset_split\train\136317\train_136317_3.jpg
train_136317_4,train,136317,Bình An Cemetery,../../data/landmark_vietnam_dataset_split\train\136317\train_136317_4.jpg
train_136317_5,train,136317,Bình An Cemetery,../../data/landmark_vietnam_dataset_split\train\136317\train_136317_5.jpg
train_136317_6,train,136317,Bình An Cemetery,../../data/landmark_vietnam_dataset_split\train\136317\train_136317_6.jpg
train_136317_7,train,136317,Bình An Cemetery,../../data/landmark_vietnam_dataset_split\train\136317\train_136317_7.jpg
train_136317_8,train,136317,Bình An Cemetery,../../data/landmark_vietnam_dataset_split\train\136317\train_136317_8.jpg
train_136317_9,train,136317,Bình An Cemetery,../../data/landmark_vietnam_dataset_split\train\136317\train_136317_9.jpg
train_136317_10,train,136317,Bình An Cemetery,../../data/landmark_vietnam_dataset_split\train\136317\train_136317_10.jpg
train_136317_11,train,136317,Bình An Cemetery,../../data/landmark_vietnam_dataset_split\train\136317\train_136317_11.jpg
train_136317_12,train,136317,Bình An Cemetery,../../data/landmark_vietnam_dataset_split\train\136317\train_136317_12.jpg
train_136317_13,train,136317,Bình An Cemetery,../../data/landmark_vietnam_dataset_split\train\136317\train_136317_13.jpg
train_136317_14,train,136317,Bình An Cemetery,../../data/landmark_vietnam_dataset_split\train\136317\train_136317_14.jpg
train_136317_15,train,136317,Bình An Cemetery,../../data/landmark_vietnam_dataset_split\train\136317\train_136317_15.jpg
train_136317_16,train,136317,Bình An Cemetery,../../data/landmark_vietnam_dataset_split\train\136317\train_136317_16.jpg
train_136317_17,train,136317,Bình An Cemetery,../../data/landmark_vietnam_dataset_split\train\136317\train_136317_17.jpg
train_136317_18,train,136317,Bình An Cemetery,../../data/landmark_vietnam_dataset_split\train\136317\train_136317_18.jpg
train_136317_19,train,136317,Bình An Cemetery,../../data/landmark_vietnam_dataset_split\train\136317\train_136317_19.jpg
train_136317_20,train,136317,Bình An Cemetery,../../data/landmark_vietnam_dataset_split\train\136317\train_136317_20.jpg
train_136317_21,train,136317,Bình An Cemetery,../../data/landmark_vietnam_dataset_split\train\136317\train_136317_21.jpg
train_136317_22,train,136317,Bình An Cemetery,../../data/landmark_vietnam_dataset_split\train\136317\train_136317_22.jpg
train_136317_23,train,136317,Bình An Cemetery,../../data/landmark_vietnam_dataset_split\train\136317\train_136317_23.jpg
train_136317_24,train,136317,Bình An Cemetery,../../data/landmark_vietnam_dataset_split\train\136317\train_136317_24.jpg
train_136317_25,train,136317,Bình An Cemetery,../../data/landmark_vietnam_dataset_split\train\136317\train_136317_25.jpg
train_136317_26,train,136317,Bình An Cemetery,../../data/landmark_vietnam_dataset_split\train\136317\train_136317_26.jpg
train_136317_27,train,136317,Bình An Cemetery,../../data/landmark_vietnam_dataset_split\train\136317\train_136317_27.jpg
train_136610_1,train,136610,The Rockpile,../../data/landmark_vietnam_dataset_split\train\136610\train_136610_1.jpg
train_136610_2,train,136610,The Rockpile,../../data/landmark_vietnam_dataset_split\train\136610\train_136610_2.jpg
train_136610_3,train,136610,The Rockpile,../../data/landmark_vietnam_dataset_split\train\136610\train_136610_3.jpg
train_136610_4,train,136610,The Rockpile,../../data/landmark_vietnam_dataset_split\train\136610\train_136610_4.jpg
train_136610_5,train,136610,The Rockpile,../../data/landmark_vietnam_dataset_split\train\136610\train_136610_5.jpg
train_136610_6,train,136610,The Rockpile,../../data/landmark_vietnam_dataset_split\train\136610\train_136610_6.jpg
train_136610_7,train,136610,The Rockpile,../../data/landmark_vietnam_dataset_split\train\136610\train_136610_7.jpg
train_136610_8,train,136610,The Rockpile,../../data/landmark_vietnam_dataset_split\train\136610\train_136610_8.jpg
train_136610_9,train,136610,The Rockpile,../../data/landmark_vietnam_dataset_split\train\136610\train_136610_9.jpg
train_136610_10,train,136610,The Rockpile,../../data/landmark_vietnam_dataset_split\train\136610\train_136610_10.jpg
train_136610_11,train,136610,The Rockpile,../../data/landmark_vietnam_dataset_split\train\136610\train_136610_11.jpg
train_136610_12,train,136610,The Rockpile,../../data/landmark_vietnam_dataset_split\train\136610\train_136610_12.jpg
train_136610_13,train,136610,The Rockpile,../../data/landmark_vietnam_dataset_split\train\136610\train_136610_13.jpg
train_136610_14,train,136610,The Rockpile,../../data/landmark_vietnam_dataset_split\train\136610\train_136610_14.jpg
train_136610_15,train,136610,The Rockpile,../../data/landmark_vietnam_dataset_split\train\136610\train_136610_15.jpg
train_136610_16,train,136610,The Rockpile,../../data/landmark_vietnam_dataset_split\train\136610\train_136610_16.jpg
train_136610_17,train,136610,The Rockpile,../../data/landmark_vietnam_dataset_split\train\136610\train_136610_17.jpg
train_136610_18,train,136610,The Rockpile,../../data/landmark_vietnam_dataset_split\train\136610\train_136610_18.jpg
train_136610_19,train,136610,The Rockpile,../../data/landmark_vietnam_dataset_split\train\136610\train_136610_19.jpg
train_136610_20,train,136610,The Rockpile,../../data/landmark_vietnam_dataset_split\train\136610\train_136610_20.jpg
train_136610_21,train,136610,The Rockpile,../../data/landmark_vietnam_dataset_split\train\136610\train_136610_21.jpg
train_137130_1,train,137130,Linh Phuoc Pagoda,../../data/landmark_vietnam_dataset_split\train\137130\train_137130_1.jpg
train_137130_2,train,137130,Linh Phuoc Pagoda,../../data/landmark_vietnam_dataset_split\train\137130\train_137130_2.jpg
train_137130_3,train,137130,Linh Phuoc Pagoda,../../data/landmark_vietnam_dataset_split\train\137130\train_137130_3.jpg
train_137130_4,train,137130,Linh Phuoc Pagoda,../../data/landmark_vietnam_dataset_split\train\137130\train_137130_4.jpg
train_137130_5,train,137130,Linh Phuoc Pagoda,../../data/landmark_vietnam_dataset_split\train\137130\train_137130_5.jpg
train_137130_6,train,137130,Linh Phuoc Pagoda,../../data/landmark_vietnam_dataset_split\train\137130\train_137130_6.jpg
train_137130_7,train,137130,Linh Phuoc Pagoda,../../data/landmark_vietnam_dataset_split\train\137130\train_137130_7.jpg
train_137130_8,train,137130,Linh Phuoc Pagoda,../../data/landmark_vietnam_dataset_split\train\137130\train_137130_8.jpg
train_137130_9,train,137130,Linh Phuoc Pagoda,../../data/landmark_vietnam_dataset_split\train\137130\train_137130_9.jpg
train_137130_10,train,137130,Linh Phuoc Pagoda,../../data/landmark_vietnam_dataset_split\train\137130\train_137130_10.jpg
train_137130_11,train,137130,Linh Phuoc Pagoda,../../data/landmark_vietnam_dataset_split\train\137130\train_137130_11.jpg
train_137130_12,train,137130,Linh Phuoc Pagoda,../../data/landmark_vietnam_dataset_split\train\137130\train_137130_12.jpg
train_137130_13,train,137130,Linh Phuoc Pagoda,../../data/landmark_vietnam_dataset_split\train\137130\train_137130_13.jpg
train_137130_14,train,137130,Linh Phuoc Pagoda,../../data/landmark_vietnam_dataset_split\train\137130\train_137130_14.jpg
train_137130_15,train,137130,Linh Phuoc Pagoda,../../data/landmark_vietnam_dataset_split\train\137130\train_137130_15.jpg
train_137130_16,train,137130,Linh Phuoc Pagoda,../../data/landmark_vietnam_dataset_split\train\137130\train_137130_16.jpg
train_137130_17,train,137130,Linh Phuoc Pagoda,../../data/landmark_vietnam_dataset_split\train\137130\train_137130_17.jpg
train_137130_18,train,137130,Linh Phuoc Pagoda,../../data/landmark_vietnam_dataset_split\train\137130\train_137130_18.jpg
train_137130_19,train,137130,Linh Phuoc Pagoda,../../data/landmark_vietnam_dataset_split\train\137130\train_137130_19.jpg
train_137130_20,train,137130,Linh Phuoc Pagoda,../../data/landmark_vietnam_dataset_split\train\137130\train_137130_20.jpg
train_137130_21,train,137130,Linh Phuoc Pagoda,../../data/landmark_vietnam_dataset_split\train\137130\train_137130_21.jpg
train_137130_22,train,137130,Linh Phuoc Pagoda,../../data/landmark_vietnam_dataset_split\train\137130\train_137130_22.jpg
train_137130_23,train,137130,Linh Phuoc Pagoda,../../data/landmark_vietnam_dataset_split\train\137130\train_137130_23.jpg
train_137130_24,train,137130,Linh Phuoc Pagoda,../../data/landmark_vietnam_dataset_split\train\137130\train_137130_24.jpg
train_137138_1,train,137138,Xuan Huong Lake,../../data/landmark_vietnam_dataset_split\train\137138\train_137138_1.jpg
train_137138_2,train,137138,Xuan Huong Lake,../../data/landmark_vietnam_dataset_split\train\137138\train_137138_2.jpg
train_137138_3,train,137138,Xuan Huong Lake,../../data/landmark_vietnam_dataset_split\train\137138\train_137138_3.jpg
train_137138_4,train,137138,Xuan Huong Lake,../../data/landmark_vietnam_dataset_split\train\137138\train_137138_4.jpg
train_137138_5,train,137138,Xuan Huong Lake,../../data/landmark_vietnam_dataset_split\train\137138\train_137138_5.jpg
train_137138_6,train,137138,Xuan Huong Lake,../../data/landmark_vietnam_dataset_split\train\137138\train_137138_6.jpg
train_137138_7,train,137138,Xuan Huong Lake,../../data/landmark_vietnam_dataset_split\train\137138\train_137138_7.jpg
train_137138_8,train,137138,Xuan Huong Lake,../../data/landmark_vietnam_dataset_split\train\137138\train_137138_8.jpg
train_137138_9,train,137138,Xuan Huong Lake,../../data/landmark_vietnam_dataset_split\train\137138\train_137138_9.jpg
train_137138_10,train,137138,Xuan Huong Lake,../../data/landmark_vietnam_dataset_split\train\137138\train_137138_10.jpg
train_137138_11,train,137138,Xuan Huong Lake,../../data/landmark_vietnam_dataset_split\train\137138\train_137138_11.jpg
train_137138_12,train,137138,Xuan Huong Lake,../../data/landmark_vietnam_dataset_split\train\137138\train_137138_12.jpg
train_137138_13,train,137138,Xuan Huong Lake,../../data/landmark_vietnam_dataset_split\train\137138\train_137138_13.jpg
train_137138_14,train,137138,Xuan Huong Lake,../../data/landmark_vietnam_dataset_split\train\137138\train_137138_14.jpg
train_137138_15,train,137138,Xuan Huong Lake,../../data/landmark_vietnam_dataset_split\train\137138\train_137138_15.jpg
train_137138_16,train,137138,Xuan Huong Lake,../../data/landmark_vietnam_dataset_split\train\137138\train_137138_16.jpg
train_137138_17,train,137138,Xuan Huong Lake,../../data/landmark_vietnam_dataset_split\train\137138\train_137138_17.jpg
train_137138_18,train,137138,Xuan Huong Lake,../../data/landmark_vietnam_dataset_split\train\137138\train_137138_18.jpg
train_139377_1,train,139377,Deutsches Haus Ho Chi Minh Stadt,../../data/landmark_vietnam_dataset_split\train\139377\train_139377_1.jpg
train_139377_2,train,139377,Deutsches Haus Ho Chi Minh Stadt,../../data/landmark_vietnam_dataset_split\train\139377\train_139377_2.jpg
train_139377_3,train,139377,Deutsches Haus Ho Chi Minh Stadt,../../data/landmark_vietnam_dataset_split\train\139377\train_139377_3.jpg
train_139377_4,train,139377,Deutsches Haus Ho Chi Minh Stadt,../../data/landmark_vietnam_dataset_split\train\139377\train_139377_4.jpg
train_139377_5,train,139377,Deutsches Haus Ho Chi Minh Stadt,../../data/landmark_vietnam_dataset_split\train\139377\train_139377_5.jpg
train_139377_6,train,139377,Deutsches Haus Ho Chi Minh Stadt,../../data/landmark_vietnam_dataset_split\train\139377\train_139377_6.jpg
train_139377_7,train,139377,Deutsches Haus Ho Chi Minh Stadt,../../data/landmark_vietnam_dataset_split\train\139377\train_139377_7.jpg
train_139377_8,train,139377,Deutsches Haus Ho Chi Minh Stadt,../../data/landmark_vietnam_dataset_split\train\139377\train_139377_8.jpg
train_139377_9,train,139377,Deutsches Haus Ho Chi Minh Stadt,../../data/landmark_vietnam_dataset_split\train\139377\train_139377_9.jpg
train_139377_10,train,139377,Deutsches Haus Ho Chi Minh Stadt,../../data/landmark_vietnam_dataset_split\train\139377\train_139377_10.jpg
train_139377_11,train,139377,Deutsches Haus Ho Chi Minh Stadt,../../data/landmark_vietnam_dataset_split\train\139377\train_139377_11.jpg
train_139377_12,train,139377,Deutsches Haus Ho Chi Minh Stadt,../../data/landmark_vietnam_dataset_split\train\139377\train_139377_12.jpg
train_139377_13,train,139377,Deutsches Haus Ho Chi Minh Stadt,../../data/landmark_vietnam_dataset_split\train\139377\train_139377_13.jpg
train_139377_14,train,139377,Deutsches Haus Ho Chi Minh Stadt,../../data/landmark_vietnam_dataset_split\train\139377\train_139377_14.jpg
train_139377_15,train,139377,Deutsches Haus Ho Chi Minh Stadt,../../data/landmark_vietnam_dataset_split\train\139377\train_139377_15.jpg
train_139377_16,train,139377,Deutsches Haus Ho Chi Minh Stadt,../../data/landmark_vietnam_dataset_split\train\139377\train_139377_16.jpg
train_139377_17,train,139377,Deutsches Haus Ho Chi Minh Stadt,../../data/landmark_vietnam_dataset_split\train\139377\train_139377_17.jpg
train_139377_18,train,139377,Deutsches Haus Ho Chi Minh Stadt,../../data/landmark_vietnam_dataset_split\train\139377\train_139377_18.jpg
train_139377_19,train,139377,Deutsches Haus Ho Chi Minh Stadt,../../data/landmark_vietnam_dataset_split\train\139377\train_139377_19.jpg
train_139377_20,train,139377,Deutsches Haus Ho Chi Minh Stadt,../../data/landmark_vietnam_dataset_split\train\139377\train_139377_20.jpg
train_139377_21,train,139377,Deutsches Haus Ho Chi Minh Stadt,../../data/landmark_vietnam_dataset_split\train\139377\train_139377_21.jpg
train_139377_22,train,139377,Deutsches Haus Ho Chi Minh Stadt,../../data/landmark_vietnam_dataset_split\train\139377\train_139377_22.jpg
train_139377_23,train,139377,Deutsches Haus Ho Chi Minh Stadt,../../data/landmark_vietnam_dataset_split\train\139377\train_139377_23.jpg
train_139377_24,train,139377,Deutsches Haus Ho Chi Minh Stadt,../../data/landmark_vietnam_dataset_split\train\139377\train_139377_24.jpg
train_14034_1,train,14034,"Presidential Palace, Hanoi",../../data/landmark_vietnam_dataset_split\train\14034\train_14034_1.jpg
train_14034_2,train,14034,"Presidential Palace, Hanoi",../../data/landmark_vietnam_dataset_split\train\14034\train_14034_2.jpg
train_14034_3,train,14034,"Presidential Palace, Hanoi",../../data/landmark_vietnam_dataset_split\train\14034\train_14034_3.jpg
train_14034_4,train,14034,"Presidential Palace, Hanoi",../../data/landmark_vietnam_dataset_split\train\14034\train_14034_4.jpg
train_14034_5,train,14034,"Presidential Palace, Hanoi",../../data/landmark_vietnam_dataset_split\train\14034\train_14034_5.jpg
train_14034_6,train,14034,"Presidential Palace, Hanoi",../../data/landmark_vietnam_dataset_split\train\14034\train_14034_6.jpg
train_14034_7,train,14034,"Presidential Palace, Hanoi",../../data/landmark_vietnam_dataset_split\train\14034\train_14034_7.jpg
train_14034_8,train,14034,"Presidential Palace, Hanoi",../../data/landmark_vietnam_dataset_split\train\14034\train_14034_8.jpg
train_14034_9,train,14034,"Presidential Palace, Hanoi",../../data/landmark_vietnam_dataset_split\train\14034\train_14034_9.jpg
train_14034_10,train,14034,"Presidential Palace, Hanoi",../../data/landmark_vietnam_dataset_split\train\14034\train_14034_10.jpg
train_14034_11,train,14034,"Presidential Palace, Hanoi",../../data/landmark_vietnam_dataset_split\train\14034\train_14034_11.jpg
train_14034_12,train,14034,"Presidential Palace, Hanoi",../../data/landmark_vietnam_dataset_split\train\14034\train_14034_12.jpg
train_14034_13,train,14034,"Presidential Palace, Hanoi",../../data/landmark_vietnam_dataset_split\train\14034\train_14034_13.jpg
train_14034_14,train,14034,"Presidential Palace, Hanoi",../../data/landmark_vietnam_dataset_split\train\14034\train_14034_14.jpg
train_14034_15,train,14034,"Presidential Palace, Hanoi",../../data/landmark_vietnam_dataset_split\train\14034\train_14034_15.jpg
train_14034_16,train,14034,"Presidential Palace, Hanoi",../../data/landmark_vietnam_dataset_split\train\14034\train_14034_16.jpg
train_14034_17,train,14034,"Presidential Palace, Hanoi",../../data/landmark_vietnam_dataset_split\train\14034\train_14034_17.jpg
train_14034_18,train,14034,"Presidential Palace, Hanoi",../../data/landmark_vietnam_dataset_split\train\14034\train_14034_18.jpg
train_14034_19,train,14034,"Presidential Palace, Hanoi",../../data/landmark_vietnam_dataset_split\train\14034\train_14034_19.jpg
train_14034_20,train,14034,"Presidential Palace, Hanoi",../../data/landmark_vietnam_dataset_split\train\14034\train_14034_20.jpg
train_14034_21,train,14034,"Presidential Palace, Hanoi",../../data/landmark_vietnam_dataset_split\train\14034\train_14034_21.jpg
train_140932_1,train,140932,Vietnam Museum of Ethnology,../../data/landmark_vietnam_dataset_split\train\140932\train_140932_1.jpg
train_140932_2,train,140932,Vietnam Museum of Ethnology,../../data/landmark_vietnam_dataset_split\train\140932\train_140932_2.jpg
train_140932_3,train,140932,Vietnam Museum of Ethnology,../../data/landmark_vietnam_dataset_split\train\140932\train_140932_3.jpg
train_140932_4,train,140932,Vietnam Museum of Ethnology,../../data/landmark_vietnam_dataset_split\train\140932\train_140932_4.jpg
train_140932_5,train,140932,Vietnam Museum of Ethnology,../../data/landmark_vietnam_dataset_split\train\140932\train_140932_5.jpg
train_140932_6,train,140932,Vietnam Museum of Ethnology,../../data/landmark_vietnam_dataset_split\train\140932\train_140932_6.jpg
train_140932_7,train,140932,Vietnam Museum of Ethnology,../../data/landmark_vietnam_dataset_split\train\140932\train_140932_7.jpg
train_140932_8,train,140932,Vietnam Museum of Ethnology,../../data/landmark_vietnam_dataset_split\train\140932\train_140932_8.jpg
train_140932_9,train,140932,Vietnam Museum of Ethnology,../../data/landmark_vietnam_dataset_split\train\140932\train_140932_9.jpg
train_140932_10,train,140932,Vietnam Museum of Ethnology,../../data/landmark_vietnam_dataset_split\train\140932\train_140932_10.jpg
train_140932_11,train,140932,Vietnam Museum of Ethnology,../../data/landmark_vietnam_dataset_split\train\140932\train_140932_11.jpg
train_140932_12,train,140932,Vietnam Museum of Ethnology,../../data/landmark_vietnam_dataset_split\train\140932\train_140932_12.jpg
train_140932_13,train,140932,Vietnam Museum of Ethnology,../../data/landmark_vietnam_dataset_split\train\140932\train_140932_13.jpg
train_140932_14,train,140932,Vietnam Museum of Ethnology,../../data/landmark_vietnam_dataset_split\train\140932\train_140932_14.jpg
train_140932_15,train,140932,Vietnam Museum of Ethnology,../../data/landmark_vietnam_dataset_split\train\140932\train_140932_15.jpg
train_140932_16,train,140932,Vietnam Museum of Ethnology,../../data/landmark_vietnam_dataset_split\train\140932\train_140932_16.jpg
train_140932_17,train,140932,Vietnam Museum of Ethnology,../../data/landmark_vietnam_dataset_split\train\140932\train_140932_17.jpg
train_140932_18,train,140932,Vietnam Museum of Ethnology,../../data/landmark_vietnam_dataset_split\train\140932\train_140932_18.jpg
train_140932_19,train,140932,Vietnam Museum of Ethnology,../../data/landmark_vietnam_dataset_split\train\140932\train_140932_19.jpg
train_140932_20,train,140932,Vietnam Museum of Ethnology,../../data/landmark_vietnam_dataset_split\train\140932\train_140932_20.jpg
train_140932_21,train,140932,Vietnam Museum of Ethnology,../../data/landmark_vietnam_dataset_split\train\140932\train_140932_21.jpg
train_14098_1,train,14098,My Son,../../data/landmark_vietnam_dataset_split\train\14098\train_14098_1.jpg
train_14098_2,train,14098,My Son,../../data/landmark_vietnam_dataset_split\train\14098\train_14098_2.jpg
train_14098_3,train,14098,My Son,../../data/landmark_vietnam_dataset_split\train\14098\train_14098_3.jpg
train_14098_4,train,14098,My Son,../../data/landmark_vietnam_dataset_split\train\14098\train_14098_4.jpg
train_14098_5,train,14098,My Son,../../data/landmark_vietnam_dataset_split\train\14098\train_14098_5.jpg
train_14098_6,train,14098,My Son,../../data/landmark_vietnam_dataset_split\train\14098\train_14098_6.jpg
train_14098_7,train,14098,My Son,../../data/landmark_vietnam_dataset_split\train\14098\train_14098_7.jpg
train_14098_8,train,14098,My Son,../../data/landmark_vietnam_dataset_split\train\14098\train_14098_8.jpg
train_14098_9,train,14098,My Son,../../data/landmark_vietnam_dataset_split\train\14098\train_14098_9.jpg
train_14098_10,train,14098,My Son,../../data/landmark_vietnam_dataset_split\train\14098\train_14098_10.jpg
train_14098_11,train,14098,My Son,../../data/landmark_vietnam_dataset_split\train\14098\train_14098_11.jpg
train_14098_12,train,14098,My Son,../../data/landmark_vietnam_dataset_split\train\14098\train_14098_12.jpg
train_14098_13,train,14098,My Son,../../data/landmark_vietnam_dataset_split\train\14098\train_14098_13.jpg
train_14098_14,train,14098,My Son,../../data/landmark_vietnam_dataset_split\train\14098\train_14098_14.jpg
train_14098_15,train,14098,My Son,../../data/landmark_vietnam_dataset_split\train\14098\train_14098_15.jpg
train_14098_16,train,14098,My Son,../../data/landmark_vietnam_dataset_split\train\14098\train_14098_16.jpg
train_14098_17,train,14098,My Son,../../data/landmark_vietnam_dataset_split\train\14098\train_14098_17.jpg
train_14098_18,train,14098,My Son,../../data/landmark_vietnam_dataset_split\train\14098\train_14098_18.jpg
train_14098_19,train,14098,My Son,../../data/landmark_vietnam_dataset_split\train\14098\train_14098_19.jpg
train_14098_20,train,14098,My Son,../../data/landmark_vietnam_dataset_split\train\14098\train_14098_20.jpg
train_14098_21,train,14098,My Son,../../data/landmark_vietnam_dataset_split\train\14098\train_14098_21.jpg
train_14098_22,train,14098,My Son,../../data/landmark_vietnam_dataset_split\train\14098\train_14098_22.jpg
train_14098_23,train,14098,My Son,../../data/landmark_vietnam_dataset_split\train\14098\train_14098_23.jpg
train_14098_24,train,14098,My Son,../../data/landmark_vietnam_dataset_split\train\14098\train_14098_24.jpg
train_141206_1,train,141206,"Truc Lam Zen Monastery, Da Lat",../../data/landmark_vietnam_dataset_split\train\141206\train_141206_1.jpg
train_141206_2,train,141206,"Truc Lam Zen Monastery, Da Lat",../../data/landmark_vietnam_dataset_split\train\141206\train_141206_2.jpg
train_141206_3,train,141206,"Truc Lam Zen Monastery, Da Lat",../../data/landmark_vietnam_dataset_split\train\141206\train_141206_3.jpg
train_141206_4,train,141206,"Truc Lam Zen Monastery, Da Lat",../../data/landmark_vietnam_dataset_split\train\141206\train_141206_4.jpg
train_141206_5,train,141206,"Truc Lam Zen Monastery, Da Lat",../../data/landmark_vietnam_dataset_split\train\141206\train_141206_5.jpg
train_141206_6,train,141206,"Truc Lam Zen Monastery, Da Lat",../../data/landmark_vietnam_dataset_split\train\141206\train_141206_6.jpg
train_141206_7,train,141206,"Truc Lam Zen Monastery, Da Lat",../../data/landmark_vietnam_dataset_split\train\141206\train_141206_7.jpg
train_141206_8,train,141206,"Truc Lam Zen Monastery, Da Lat",../../data/landmark_vietnam_dataset_split\train\141206\train_141206_8.jpg
train_141206_9,train,141206,"Truc Lam Zen Monastery, Da Lat",../../data/landmark_vietnam_dataset_split\train\141206\train_141206_9.jpg
train_141206_10,train,141206,"Truc Lam Zen Monastery, Da Lat",../../data/landmark_vietnam_dataset_split\train\141206\train_141206_10.jpg
train_141206_11,train,141206,"Truc Lam Zen Monastery, Da Lat",../../data/landmark_vietnam_dataset_split\train\141206\train_141206_11.jpg
train_141206_12,train,141206,"Truc Lam Zen Monastery, Da Lat",../../data/landmark_vietnam_dataset_split\train\141206\train_141206_12.jpg
train_141206_13,train,141206,"Truc Lam Zen Monastery, Da Lat",../../data/landmark_vietnam_dataset_split\train\141206\train_141206_13.jpg
train_141206_14,train,141206,"Truc Lam Zen Monastery, Da Lat",../../data/landmark_vietnam_dataset_split\train\141206\train_141206_14.jpg
train_141206_15,train,141206,"Truc Lam Zen Monastery, Da Lat",../../data/landmark_vietnam_dataset_split\train\141206\train_141206_15.jpg
train_141206_16,train,141206,"Truc Lam Zen Monastery, Da Lat",../../data/landmark_vietnam_dataset_split\train\141206\train_141206_16.jpg
train_141206_17,train,141206,"Truc Lam Zen Monastery, Da Lat",../../data/landmark_vietnam_dataset_split\train\141206\train_141206_17.jpg
train_141206_18,train,141206,"Truc Lam Zen Monastery, Da Lat",../../data/landmark_vietnam_dataset_split\train\141206\train_141206_18.jpg
train_141206_19,train,141206,"Truc Lam Zen Monastery, Da Lat",../../data/landmark_vietnam_dataset_split\train\141206\train_141206_19.jpg
train_141206_20,train,141206,"Truc Lam Zen Monastery, Da Lat",../../data/landmark_vietnam_dataset_split\train\141206\train_141206_20.jpg
train_141206_21,train,141206,"Truc Lam Zen Monastery, Da Lat",../../data/landmark_vietnam_dataset_split\train\141206\train_141206_21.jpg
train_141856_1,train,141856,My Dinh National Stadium,../../data/landmark_vietnam_dataset_split\train\141856\train_141856_1.jpg
train_141856_2,train,141856,My Dinh National Stadium,../../data/landmark_vietnam_dataset_split\train\141856\train_141856_2.jpg
train_141856_3,train,141856,My Dinh National Stadium,../../data/landmark_vietnam_dataset_split\train\141856\train_141856_3.jpg
train_141856_4,train,141856,My Dinh National Stadium,../../data/landmark_vietnam_dataset_split\train\141856\train_141856_4.jpg
train_141856_5,train,141856,My Dinh National Stadium,../../data/landmark_vietnam_dataset_split\train\141856\train_141856_5.jpg
train_141856_6,train,141856,My Dinh National Stadium,../../data/landmark_vietnam_dataset_split\train\141856\train_141856_6.jpg
train_141856_7,train,141856,My Dinh National Stadium,../../data/landmark_vietnam_dataset_split\train\141856\train_141856_7.jpg
train_141856_8,train,141856,My Dinh National Stadium,../../data/landmark_vietnam_dataset_split\train\141856\train_141856_8.jpg
train_141856_9,train,141856,My Dinh National Stadium,../../data/landmark_vietnam_dataset_split\train\141856\train_141856_9.jpg
train_141856_10,train,141856,My Dinh National Stadium,../../data/landmark_vietnam_dataset_split\train\141856\train_141856_10.jpg
train_141856_11,train,141856,My Dinh National Stadium,../../data/landmark_vietnam_dataset_split\train\141856\train_141856_11.jpg
train_141856_12,train,141856,My Dinh National Stadium,../../data/landmark_vietnam_dataset_split\train\141856\train_141856_12.jpg
train_141856_13,train,141856,My Dinh National Stadium,../../data/landmark_vietnam_dataset_split\train\141856\train_141856_13.jpg
train_141856_14,train,141856,My Dinh National Stadium,../../data/landmark_vietnam_dataset_split\train\141856\train_141856_14.jpg
train_141856_15,train,141856,My Dinh National Stadium,../../data/landmark_vietnam_dataset_split\train\141856\train_141856_15.jpg
train_141856_16,train,141856,My Dinh National Stadium,../../data/landmark_vietnam_dataset_split\train\141856\train_141856_16.jpg
train_141856_17,train,141856,My Dinh National Stadium,../../data/landmark_vietnam_dataset_split\train\141856\train_141856_17.jpg
train_141856_18,train,141856,My Dinh National Stadium,../../data/landmark_vietnam_dataset_split\train\141856\train_141856_18.jpg
train_141856_19,train,141856,My Dinh National Stadium,../../data/landmark_vietnam_dataset_split\train\141856\train_141856_19.jpg
train_141856_20,train,141856,My Dinh National Stadium,../../data/landmark_vietnam_dataset_split\train\141856\train_141856_20.jpg
train_141856_21,train,141856,My Dinh National Stadium,../../data/landmark_vietnam_dataset_split\train\141856\train_141856_21.jpg
train_142465_1,train,142465,People's Committee Building of Ho Chi Minh City,../../data/landmark_vietnam_dataset_split\train\142465\train_142465_1.jpg
train_142465_2,train,142465,People's Committee Building of Ho Chi Minh City,../../data/landmark_vietnam_dataset_split\train\142465\train_142465_2.jpg
train_142465_3,train,142465,People's Committee Building of Ho Chi Minh City,../../data/landmark_vietnam_dataset_split\train\142465\train_142465_3.jpg
train_142465_4,train,142465,People's Committee Building of Ho Chi Minh City,../../data/landmark_vietnam_dataset_split\train\142465\train_142465_4.jpg
train_142465_5,train,142465,People's Committee Building of Ho Chi Minh City,../../data/landmark_vietnam_dataset_split\train\142465\train_142465_5.jpg
train_142465_6,train,142465,People's Committee Building of Ho Chi Minh City,../../data/landmark_vietnam_dataset_split\train\142465\train_142465_6.jpg
train_142465_7,train,142465,People's Committee Building of Ho Chi Minh City,../../data/landmark_vietnam_dataset_split\train\142465\train_142465_7.jpg
train_142465_8,train,142465,People's Committee Building of Ho Chi Minh City,../../data/landmark_vietnam_dataset_split\train\142465\train_142465_8.jpg
train_142465_9,train,142465,People's Committee Building of Ho Chi Minh City,../../data/landmark_vietnam_dataset_split\train\142465\train_142465_9.jpg
train_142465_10,train,142465,People's Committee Building of Ho Chi Minh City,../../data/landmark_vietnam_dataset_split\train\142465\train_142465_10.jpg
train_142465_11,train,142465,People's Committee Building of Ho Chi Minh City,../../data/landmark_vietnam_dataset_split\train\142465\train_142465_11.jpg
train_142465_12,train,142465,People's Committee Building of Ho Chi Minh City,../../data/landmark_vietnam_dataset_split\train\142465\train_142465_12.jpg
train_142465_13,train,142465,People's Committee Building of Ho Chi Minh City,../../data/landmark_vietnam_dataset_split\train\142465\train_142465_13.jpg
train_142465_14,train,142465,People's Committee Building of Ho Chi Minh City,../../data/landmark_vietnam_dataset_split\train\142465\train_142465_14.jpg
train_142465_15,train,142465,People's Committee Building of Ho Chi Minh City,../../data/landmark_vietnam_dataset_split\train\142465\train_142465_15.jpg
train_142465_16,train,142465,People's Committee Building of Ho Chi Minh City,../../data/landmark_vietnam_dataset_split\train\142465\train_142465_16.jpg
train_142465_17,train,142465,People's Committee Building of Ho Chi Minh City,../../data/landmark_vietnam_dataset_split\train\142465\train_142465_17.jpg
train_142465_18,train,142465,People's Committee Building of Ho Chi Minh City,../../data/landmark_vietnam_dataset_split\train\142465\train_142465_18.jpg
train_142465_19,train,142465,People's Committee Building of Ho Chi Minh City,../../data/landmark_vietnam_dataset_split\train\142465\train_142465_19.jpg
train_142465_20,train,142465,People's Committee Building of Ho Chi Minh City,../../data/landmark_vietnam_dataset_split\train\142465\train_142465_20.jpg
train_142465_21,train,142465,People's Committee Building of Ho Chi Minh City,../../data/landmark_vietnam_dataset_split\train\142465\train_142465_21.jpg
train_144275_1,train,144275,Da Lat Flower Park,../../data/landmark_vietnam_dataset_split\train\144275\train_144275_1.jpg
train_144275_2,train,144275,Da Lat Flower Park,../../data/landmark_vietnam_dataset_split\train\144275\train_144275_2.jpg
train_144275_3,train,144275,Da Lat Flower Park,../../data/landmark_vietnam_dataset_split\train\144275\train_144275_3.jpg
train_144275_4,train,144275,Da Lat Flower Park,../../data/landmark_vietnam_dataset_split\train\144275\train_144275_4.jpg
train_144275_5,train,144275,Da Lat Flower Park,../../data/landmark_vietnam_dataset_split\train\144275\train_144275_5.jpg
train_144275_6,train,144275,Da Lat Flower Park,../../data/landmark_vietnam_dataset_split\train\144275\train_144275_6.jpg
train_144275_7,train,144275,Da Lat Flower Park,../../data/landmark_vietnam_dataset_split\train\144275\train_144275_7.jpg
train_144275_8,train,144275,Da Lat Flower Park,../../data/landmark_vietnam_dataset_split\train\144275\train_144275_8.jpg
train_144275_9,train,144275,Da Lat Flower Park,../../data/landmark_vietnam_dataset_split\train\144275\train_144275_9.jpg
train_144275_10,train,144275,Da Lat Flower Park,../../data/landmark_vietnam_dataset_split\train\144275\train_144275_10.jpg
train_144275_11,train,144275,Da Lat Flower Park,../../data/landmark_vietnam_dataset_split\train\144275\train_144275_11.jpg
train_144275_12,train,144275,Da Lat Flower Park,../../data/landmark_vietnam_dataset_split\train\144275\train_144275_12.jpg
train_144275_13,train,144275,Da Lat Flower Park,../../data/landmark_vietnam_dataset_split\train\144275\train_144275_13.jpg
train_144275_14,train,144275,Da Lat Flower Park,../../data/landmark_vietnam_dataset_split\train\144275\train_144275_14.jpg
train_144275_15,train,144275,Da Lat Flower Park,../../data/landmark_vietnam_dataset_split\train\144275\train_144275_15.jpg
train_145173_1,train,145173,Thần-quang Pagoda (Trực-ninh),../../data/landmark_vietnam_dataset_split\train\145173\train_145173_1.jpg
train_145173_2,train,145173,Thần-quang Pagoda (Trực-ninh),../../data/landmark_vietnam_dataset_split\train\145173\train_145173_2.jpg
train_145173_3,train,145173,Thần-quang Pagoda (Trực-ninh),../../data/landmark_vietnam_dataset_split\train\145173\train_145173_3.jpg
train_145173_4,train,145173,Thần-quang Pagoda (Trực-ninh),../../data/landmark_vietnam_dataset_split\train\145173\train_145173_4.jpg
train_145173_5,train,145173,Thần-quang Pagoda (Trực-ninh),../../data/landmark_vietnam_dataset_split\train\145173\train_145173_5.jpg
train_145173_6,train,145173,Thần-quang Pagoda (Trực-ninh),../../data/landmark_vietnam_dataset_split\train\145173\train_145173_6.jpg
train_145173_7,train,145173,Thần-quang Pagoda (Trực-ninh),../../data/landmark_vietnam_dataset_split\train\145173\train_145173_7.jpg
train_145173_8,train,145173,Thần-quang Pagoda (Trực-ninh),../../data/landmark_vietnam_dataset_split\train\145173\train_145173_8.jpg
train_145173_9,train,145173,Thần-quang Pagoda (Trực-ninh),../../data/landmark_vietnam_dataset_split\train\145173\train_145173_9.jpg
train_145173_10,train,145173,Thần-quang Pagoda (Trực-ninh),../../data/landmark_vietnam_dataset_split\train\145173\train_145173_10.jpg
train_145173_11,train,145173,Thần-quang Pagoda (Trực-ninh),../../data/landmark_vietnam_dataset_split\train\145173\train_145173_11.jpg
train_145173_12,train,145173,Thần-quang Pagoda (Trực-ninh),../../data/landmark_vietnam_dataset_split\train\145173\train_145173_12.jpg
train_145844_1,train,145844,Flag Tower of Hanoi,../../data/landmark_vietnam_dataset_split\train\145844\train_145844_1.jpg
train_145844_2,train,145844,Flag Tower of Hanoi,../../data/landmark_vietnam_dataset_split\train\145844\train_145844_2.jpg
train_145844_3,train,145844,Flag Tower of Hanoi,../../data/landmark_vietnam_dataset_split\train\145844\train_145844_3.jpg
train_145844_4,train,145844,Flag Tower of Hanoi,../../data/landmark_vietnam_dataset_split\train\145844\train_145844_4.jpg
train_145844_5,train,145844,Flag Tower of Hanoi,../../data/landmark_vietnam_dataset_split\train\145844\train_145844_5.jpg
train_145844_6,train,145844,Flag Tower of Hanoi,../../data/landmark_vietnam_dataset_split\train\145844\train_145844_6.jpg
train_145844_7,train,145844,Flag Tower of Hanoi,../../data/landmark_vietnam_dataset_split\train\145844\train_145844_7.jpg
train_145844_8,train,145844,Flag Tower of Hanoi,../../data/landmark_vietnam_dataset_split\train\145844\train_145844_8.jpg
train_145844_9,train,145844,Flag Tower of Hanoi,../../data/landmark_vietnam_dataset_split\train\145844\train_145844_9.jpg
train_145844_10,train,145844,Flag Tower of Hanoi,../../data/landmark_vietnam_dataset_split\train\145844\train_145844_10.JPG
train_145844_11,train,145844,Flag Tower of Hanoi,../../data/landmark_vietnam_dataset_split\train\145844\train_145844_11.JPG
train_145844_12,train,145844,Flag Tower of Hanoi,../../data/landmark_vietnam_dataset_split\train\145844\train_145844_12.JPG
train_145844_13,train,145844,Flag Tower of Hanoi,../../data/landmark_vietnam_dataset_split\train\145844\train_145844_13.jpg
train_145844_14,train,145844,Flag Tower of Hanoi,../../data/landmark_vietnam_dataset_split\train\145844\train_145844_14.jpg
train_145844_15,train,145844,Flag Tower of Hanoi,../../data/landmark_vietnam_dataset_split\train\145844\train_145844_15.jpg
train_145844_16,train,145844,Flag Tower of Hanoi,../../data/landmark_vietnam_dataset_split\train\145844\train_145844_16.jpg
train_145844_17,train,145844,Flag Tower of Hanoi,../../data/landmark_vietnam_dataset_split\train\145844\train_145844_17.jpg
train_145844_18,train,145844,Flag Tower of Hanoi,../../data/landmark_vietnam_dataset_split\train\145844\train_145844_18.jpg
train_145844_19,train,145844,Flag Tower of Hanoi,../../data/landmark_vietnam_dataset_split\train\145844\train_145844_19.jpg
train_145844_20,train,145844,Flag Tower of Hanoi,../../data/landmark_vietnam_dataset_split\train\145844\train_145844_20.jpg
train_145844_21,train,145844,Flag Tower of Hanoi,../../data/landmark_vietnam_dataset_split\train\145844\train_145844_21.jpg
train_145844_22,train,145844,Flag Tower of Hanoi,../../data/landmark_vietnam_dataset_split\train\145844\train_145844_22.jpg
train_145844_23,train,145844,Flag Tower of Hanoi,../../data/landmark_vietnam_dataset_split\train\145844\train_145844_23.jpg
train_145844_24,train,145844,Flag Tower of Hanoi,../../data/landmark_vietnam_dataset_split\train\145844\train_145844_24.jpg
train_148756_1,train,148756,Suoi Tien Amusement Park,../../data/landmark_vietnam_dataset_split\train\148756\train_148756_1.jpg
train_148756_2,train,148756,Suoi Tien Amusement Park,../../data/landmark_vietnam_dataset_split\train\148756\train_148756_2.jpg
train_148756_3,train,148756,Suoi Tien Amusement Park,../../data/landmark_vietnam_dataset_split\train\148756\train_148756_3.jpg
train_148756_4,train,148756,Suoi Tien Amusement Park,../../data/landmark_vietnam_dataset_split\train\148756\train_148756_4.jpg
train_148756_5,train,148756,Suoi Tien Amusement Park,../../data/landmark_vietnam_dataset_split\train\148756\train_148756_5.jpg
train_148756_6,train,148756,Suoi Tien Amusement Park,../../data/landmark_vietnam_dataset_split\train\148756\train_148756_6.jpg
train_148756_7,train,148756,Suoi Tien Amusement Park,../../data/landmark_vietnam_dataset_split\train\148756\train_148756_7.jpg
train_148756_8,train,148756,Suoi Tien Amusement Park,../../data/landmark_vietnam_dataset_split\train\148756\train_148756_8.jpg
train_148756_9,train,148756,Suoi Tien Amusement Park,../../data/landmark_vietnam_dataset_split\train\148756\train_148756_9.jpg
train_148756_10,train,148756,Suoi Tien Amusement Park,../../data/landmark_vietnam_dataset_split\train\148756\train_148756_10.jpg
train_148756_11,train,148756,Suoi Tien Amusement Park,../../data/landmark_vietnam_dataset_split\train\148756\train_148756_11.jpg
train_148756_12,train,148756,Suoi Tien Amusement Park,../../data/landmark_vietnam_dataset_split\train\148756\train_148756_12.jpg
train_148756_13,train,148756,Suoi Tien Amusement Park,../../data/landmark_vietnam_dataset_split\train\148756\train_148756_13.jpg
train_148756_14,train,148756,Suoi Tien Amusement Park,../../data/landmark_vietnam_dataset_split\train\148756\train_148756_14.jpg
train_148756_15,train,148756,Suoi Tien Amusement Park,../../data/landmark_vietnam_dataset_split\train\148756\train_148756_15.jpg
train_148756_16,train,148756,Suoi Tien Amusement Park,../../data/landmark_vietnam_dataset_split\train\148756\train_148756_16.jpg
train_148756_17,train,148756,Suoi Tien Amusement Park,../../data/landmark_vietnam_dataset_split\train\148756\train_148756_17.jpg
train_148756_18,train,148756,Suoi Tien Amusement Park,../../data/landmark_vietnam_dataset_split\train\148756\train_148756_18.jpg
train_148756_19,train,148756,Suoi Tien Amusement Park,../../data/landmark_vietnam_dataset_split\train\148756\train_148756_19.jpg
train_148756_20,train,148756,Suoi Tien Amusement Park,../../data/landmark_vietnam_dataset_split\train\148756\train_148756_20.jpg
train_148756_21,train,148756,Suoi Tien Amusement Park,../../data/landmark_vietnam_dataset_split\train\148756\train_148756_21.jpg
train_148756_22,train,148756,Suoi Tien Amusement Park,../../data/landmark_vietnam_dataset_split\train\148756\train_148756_22.jpg
train_148756_23,train,148756,Suoi Tien Amusement Park,../../data/landmark_vietnam_dataset_split\train\148756\train_148756_23.jpg
train_148756_24,train,148756,Suoi Tien Amusement Park,../../data/landmark_vietnam_dataset_split\train\148756\train_148756_24.jpg
train_149285_1,train,149285,Vietnam Military History Museum,../../data/landmark_vietnam_dataset_split\train\149285\train_149285_1.jpg
train_149285_2,train,149285,Vietnam Military History Museum,../../data/landmark_vietnam_dataset_split\train\149285\train_149285_2.jpg
train_149285_3,train,149285,Vietnam Military History Museum,../../data/landmark_vietnam_dataset_split\train\149285\train_149285_3.jpg
train_149285_4,train,149285,Vietnam Military History Museum,../../data/landmark_vietnam_dataset_split\train\149285\train_149285_4.jpg
train_149285_5,train,149285,Vietnam Military History Museum,../../data/landmark_vietnam_dataset_split\train\149285\train_149285_5.jpg
train_149285_6,train,149285,Vietnam Military History Museum,../../data/landmark_vietnam_dataset_split\train\149285\train_149285_6.jpg
train_149285_7,train,149285,Vietnam Military History Museum,../../data/landmark_vietnam_dataset_split\train\149285\train_149285_7.jpg
train_149285_8,train,149285,Vietnam Military History Museum,../../data/landmark_vietnam_dataset_split\train\149285\train_149285_8.jpg
train_149285_9,train,149285,Vietnam Military History Museum,../../data/landmark_vietnam_dataset_split\train\149285\train_149285_9.jpg
train_149285_10,train,149285,Vietnam Military History Museum,../../data/landmark_vietnam_dataset_split\train\149285\train_149285_10.jpg
train_149285_11,train,149285,Vietnam Military History Museum,../../data/landmark_vietnam_dataset_split\train\149285\train_149285_11.jpg
train_149285_12,train,149285,Vietnam Military History Museum,../../data/landmark_vietnam_dataset_split\train\149285\train_149285_12.jpg
train_149285_13,train,149285,Vietnam Military History Museum,../../data/landmark_vietnam_dataset_split\train\149285\train_149285_13.jpg
train_149285_14,train,149285,Vietnam Military History Museum,../../data/landmark_vietnam_dataset_split\train\149285\train_149285_14.jpg
train_149285_15,train,149285,Vietnam Military History Museum,../../data/landmark_vietnam_dataset_split\train\149285\train_149285_15.jpg
train_149285_16,train,149285,Vietnam Military History Museum,../../data/landmark_vietnam_dataset_split\train\149285\train_149285_16.jpg
train_149285_17,train,149285,Vietnam Military History Museum,../../data/landmark_vietnam_dataset_split\train\149285\train_149285_17.jpg
train_149285_18,train,149285,Vietnam Military History Museum,../../data/landmark_vietnam_dataset_split\train\149285\train_149285_18.jpg
train_149285_19,train,149285,Vietnam Military History Museum,../../data/landmark_vietnam_dataset_split\train\149285\train_149285_19.jpg
train_149285_20,train,149285,Vietnam Military History Museum,../../data/landmark_vietnam_dataset_split\train\149285\train_149285_20.jpg
train_149285_21,train,149285,Vietnam Military History Museum,../../data/landmark_vietnam_dataset_split\train\149285\train_149285_21.jpg
train_149285_22,train,149285,Vietnam Military History Museum,../../data/landmark_vietnam_dataset_split\train\149285\train_149285_22.jpg
train_149285_23,train,149285,Vietnam Military History Museum,../../data/landmark_vietnam_dataset_split\train\149285\train_149285_23.jpg
train_149285_24,train,149285,Vietnam Military History Museum,../../data/landmark_vietnam_dataset_split\train\149285\train_149285_24.jpg
train_149285_25,train,149285,Vietnam Military History Museum,../../data/landmark_vietnam_dataset_split\train\149285\train_149285_25.jpg
train_149285_26,train,149285,Vietnam Military History Museum,../../data/landmark_vietnam_dataset_split\train\149285\train_149285_26.jpg
train_149285_27,train,149285,Vietnam Military History Museum,../../data/landmark_vietnam_dataset_split\train\149285\train_149285_27.jpg
train_149368_1,train,149368,Thap Poshaknu cham towers,../../data/landmark_vietnam_dataset_split\train\149368\train_149368_1.jpg
train_149368_2,train,149368,Thap Poshaknu cham towers,../../data/landmark_vietnam_dataset_split\train\149368\train_149368_2.jpg
train_149368_3,train,149368,Thap Poshaknu cham towers,../../data/landmark_vietnam_dataset_split\train\149368\train_149368_3.jpg
train_149368_4,train,149368,Thap Poshaknu cham towers,../../data/landmark_vietnam_dataset_split\train\149368\train_149368_4.jpg
train_149368_5,train,149368,Thap Poshaknu cham towers,../../data/landmark_vietnam_dataset_split\train\149368\train_149368_5.jpg
train_149368_6,train,149368,Thap Poshaknu cham towers,../../data/landmark_vietnam_dataset_split\train\149368\train_149368_6.jpg
train_149368_7,train,149368,Thap Poshaknu cham towers,../../data/landmark_vietnam_dataset_split\train\149368\train_149368_7.jpg
train_149368_8,train,149368,Thap Poshaknu cham towers,../../data/landmark_vietnam_dataset_split\train\149368\train_149368_8.jpg
train_149368_9,train,149368,Thap Poshaknu cham towers,../../data/landmark_vietnam_dataset_split\train\149368\train_149368_9.jpg
train_149368_10,train,149368,Thap Poshaknu cham towers,../../data/landmark_vietnam_dataset_split\train\149368\train_149368_10.jpg
train_149368_11,train,149368,Thap Poshaknu cham towers,../../data/landmark_vietnam_dataset_split\train\149368\train_149368_11.jpg
train_149368_12,train,149368,Thap Poshaknu cham towers,../../data/landmark_vietnam_dataset_split\train\149368\train_149368_12.jpg
train_149368_13,train,149368,Thap Poshaknu cham towers,../../data/landmark_vietnam_dataset_split\train\149368\train_149368_13.jpg
train_149368_14,train,149368,Thap Poshaknu cham towers,../../data/landmark_vietnam_dataset_split\train\149368\train_149368_14.jpg
train_149368_15,train,149368,Thap Poshaknu cham towers,../../data/landmark_vietnam_dataset_split\train\149368\train_149368_15.jpg
train_149535_1,train,149535,InterContinental hotels,../../data/landmark_vietnam_dataset_split\train\149535\train_149535_1.jpg
train_149535_2,train,149535,InterContinental hotels,../../data/landmark_vietnam_dataset_split\train\149535\train_149535_2.jpg
train_149535_3,train,149535,InterContinental hotels,../../data/landmark_vietnam_dataset_split\train\149535\train_149535_3.jpg
train_149535_4,train,149535,InterContinental hotels,../../data/landmark_vietnam_dataset_split\train\149535\train_149535_4.jpg
train_149535_5,train,149535,InterContinental hotels,../../data/landmark_vietnam_dataset_split\train\149535\train_149535_5.jpg
train_149535_6,train,149535,InterContinental hotels,../../data/landmark_vietnam_dataset_split\train\149535\train_149535_6.jpg
train_149535_7,train,149535,InterContinental hotels,../../data/landmark_vietnam_dataset_split\train\149535\train_149535_7.jpg
train_149535_8,train,149535,InterContinental hotels,../../data/landmark_vietnam_dataset_split\train\149535\train_149535_8.jpg
train_149535_9,train,149535,InterContinental hotels,../../data/landmark_vietnam_dataset_split\train\149535\train_149535_9.jpg
train_149535_10,train,149535,InterContinental hotels,../../data/landmark_vietnam_dataset_split\train\149535\train_149535_10.jpg
train_149535_11,train,149535,InterContinental hotels,../../data/landmark_vietnam_dataset_split\train\149535\train_149535_11.jpg
train_149535_12,train,149535,InterContinental hotels,../../data/landmark_vietnam_dataset_split\train\149535\train_149535_12.jpg
train_149535_13,train,149535,InterContinental hotels,../../data/landmark_vietnam_dataset_split\train\149535\train_149535_13.jpg
train_149535_14,train,149535,InterContinental hotels,../../data/landmark_vietnam_dataset_split\train\149535\train_149535_14.jpg
train_149535_15,train,149535,InterContinental hotels,../../data/landmark_vietnam_dataset_split\train\149535\train_149535_15.jpg
train_149535_16,train,149535,InterContinental hotels,../../data/landmark_vietnam_dataset_split\train\149535\train_149535_16.jpg
train_149535_17,train,149535,InterContinental hotels,../../data/landmark_vietnam_dataset_split\train\149535\train_149535_17.jpg
train_149535_18,train,149535,InterContinental hotels,../../data/landmark_vietnam_dataset_split\train\149535\train_149535_18.jpg
train_149877_1,train,149877,Son La Dam,../../data/landmark_vietnam_dataset_split\train\149877\train_149877_1.jpg
train_149877_2,train,149877,Son La Dam,../../data/landmark_vietnam_dataset_split\train\149877\train_149877_2.jpg
train_149877_3,train,149877,Son La Dam,../../data/landmark_vietnam_dataset_split\train\149877\train_149877_3.jpg
train_149877_4,train,149877,Son La Dam,../../data/landmark_vietnam_dataset_split\train\149877\train_149877_4.jpg
train_149877_5,train,149877,Son La Dam,../../data/landmark_vietnam_dataset_split\train\149877\train_149877_5.jpg
train_149877_6,train,149877,Son La Dam,../../data/landmark_vietnam_dataset_split\train\149877\train_149877_6.jpg
train_149877_7,train,149877,Son La Dam,../../data/landmark_vietnam_dataset_split\train\149877\train_149877_7.jpg
train_149877_8,train,149877,Son La Dam,../../data/landmark_vietnam_dataset_split\train\149877\train_149877_8.jpg
train_149877_9,train,149877,Son La Dam,../../data/landmark_vietnam_dataset_split\train\149877\train_149877_9.jpg
train_149877_10,train,149877,Son La Dam,../../data/landmark_vietnam_dataset_split\train\149877\train_149877_10.jpg
train_149877_11,train,149877,Son La Dam,../../data/landmark_vietnam_dataset_split\train\149877\train_149877_11.jpg
train_149877_12,train,149877,Son La Dam,../../data/landmark_vietnam_dataset_split\train\149877\train_149877_12.jpg
train_149877_13,train,149877,Son La Dam,../../data/landmark_vietnam_dataset_split\train\149877\train_149877_13.jpg
train_149877_14,train,149877,Son La Dam,../../data/landmark_vietnam_dataset_split\train\149877\train_149877_14.jpg
train_149877_15,train,149877,Son La Dam,../../data/landmark_vietnam_dataset_split\train\149877\train_149877_15.jpg
train_149877_16,train,149877,Son La Dam,../../data/landmark_vietnam_dataset_split\train\149877\train_149877_16.jpg
train_149877_17,train,149877,Son La Dam,../../data/landmark_vietnam_dataset_split\train\149877\train_149877_17.jpg
train_149877_18,train,149877,Son La Dam,../../data/landmark_vietnam_dataset_split\train\149877\train_149877_18.jpg
train_149877_19,train,149877,Son La Dam,../../data/landmark_vietnam_dataset_split\train\149877\train_149877_19.jpg
train_149877_20,train,149877,Son La Dam,../../data/landmark_vietnam_dataset_split\train\149877\train_149877_20.jpg
train_149877_21,train,149877,Son La Dam,../../data/landmark_vietnam_dataset_split\train\149877\train_149877_21.jpg
train_151011_1,train,151011,Quán Thánh Temple,../../data/landmark_vietnam_dataset_split\train\151011\train_151011_1.jpg
train_151011_2,train,151011,Quán Thánh Temple,../../data/landmark_vietnam_dataset_split\train\151011\train_151011_2.jpg
train_151011_3,train,151011,Quán Thánh Temple,../../data/landmark_vietnam_dataset_split\train\151011\train_151011_3.jpg
train_151011_4,train,151011,Quán Thánh Temple,../../data/landmark_vietnam_dataset_split\train\151011\train_151011_4.jpg
train_151011_5,train,151011,Quán Thánh Temple,../../data/landmark_vietnam_dataset_split\train\151011\train_151011_5.jpg
train_151011_6,train,151011,Quán Thánh Temple,../../data/landmark_vietnam_dataset_split\train\151011\train_151011_6.jpg
train_151011_7,train,151011,Quán Thánh Temple,../../data/landmark_vietnam_dataset_split\train\151011\train_151011_7.jpg
train_151011_8,train,151011,Quán Thánh Temple,../../data/landmark_vietnam_dataset_split\train\151011\train_151011_8.jpg
train_151011_9,train,151011,Quán Thánh Temple,../../data/landmark_vietnam_dataset_split\train\151011\train_151011_9.jpg
train_151011_10,train,151011,Quán Thánh Temple,../../data/landmark_vietnam_dataset_split\train\151011\train_151011_10.jpg
train_151011_11,train,151011,Quán Thánh Temple,../../data/landmark_vietnam_dataset_split\train\151011\train_151011_11.jpg
train_151011_12,train,151011,Quán Thánh Temple,../../data/landmark_vietnam_dataset_split\train\151011\train_151011_12.jpg
train_151011_13,train,151011,Quán Thánh Temple,../../data/landmark_vietnam_dataset_split\train\151011\train_151011_13.jpg
train_151011_14,train,151011,Quán Thánh Temple,../../data/landmark_vietnam_dataset_split\train\151011\train_151011_14.jpg
train_151011_15,train,151011,Quán Thánh Temple,../../data/landmark_vietnam_dataset_split\train\151011\train_151011_15.jpg
train_151011_16,train,151011,Quán Thánh Temple,../../data/landmark_vietnam_dataset_split\train\151011\train_151011_16.jpg
train_151011_17,train,151011,Quán Thánh Temple,../../data/landmark_vietnam_dataset_split\train\151011\train_151011_17.jpg
train_151011_18,train,151011,Quán Thánh Temple,../../data/landmark_vietnam_dataset_split\train\151011\train_151011_18.jpg
train_151011_19,train,151011,Quán Thánh Temple,../../data/landmark_vietnam_dataset_split\train\151011\train_151011_19.jpg
train_151011_20,train,151011,Quán Thánh Temple,../../data/landmark_vietnam_dataset_split\train\151011\train_151011_20.jpg
train_151011_21,train,151011,Quán Thánh Temple,../../data/landmark_vietnam_dataset_split\train\151011\train_151011_21.jpg
train_151058_1,train,151058,Dragon Wharf,../../data/landmark_vietnam_dataset_split\train\151058\train_151058_1.jpg
train_151058_2,train,151058,Dragon Wharf,../../data/landmark_vietnam_dataset_split\train\151058\train_151058_2.jpg
train_151058_3,train,151058,Dragon Wharf,../../data/landmark_vietnam_dataset_split\train\151058\train_151058_3.jpg
train_151058_4,train,151058,Dragon Wharf,../../data/landmark_vietnam_dataset_split\train\151058\train_151058_4.jpg
train_151058_5,train,151058,Dragon Wharf,../../data/landmark_vietnam_dataset_split\train\151058\train_151058_5.jpg
train_151058_6,train,151058,Dragon Wharf,../../data/landmark_vietnam_dataset_split\train\151058\train_151058_6.jpg
train_151058_7,train,151058,Dragon Wharf,../../data/landmark_vietnam_dataset_split\train\151058\train_151058_7.jpg
train_151058_8,train,151058,Dragon Wharf,../../data/landmark_vietnam_dataset_split\train\151058\train_151058_8.jpg
train_151058_9,train,151058,Dragon Wharf,../../data/landmark_vietnam_dataset_split\train\151058\train_151058_9.jpg
train_151058_10,train,151058,Dragon Wharf,../../data/landmark_vietnam_dataset_split\train\151058\train_151058_10.jpg
train_151058_11,train,151058,Dragon Wharf,../../data/landmark_vietnam_dataset_split\train\151058\train_151058_11.jpg
train_151058_12,train,151058,Dragon Wharf,../../data/landmark_vietnam_dataset_split\train\151058\train_151058_12.jpg
train_151058_13,train,151058,Dragon Wharf,../../data/landmark_vietnam_dataset_split\train\151058\train_151058_13.jpg
train_151058_14,train,151058,Dragon Wharf,../../data/landmark_vietnam_dataset_split\train\151058\train_151058_14.jpg
train_151058_15,train,151058,Dragon Wharf,../../data/landmark_vietnam_dataset_split\train\151058\train_151058_15.jpg
train_151058_16,train,151058,Dragon Wharf,../../data/landmark_vietnam_dataset_split\train\151058\train_151058_16.jpg
train_151058_17,train,151058,Dragon Wharf,../../data/landmark_vietnam_dataset_split\train\151058\train_151058_17.jpg
train_151058_18,train,151058,Dragon Wharf,../../data/landmark_vietnam_dataset_split\train\151058\train_151058_18.jpg
train_151058_19,train,151058,Dragon Wharf,../../data/landmark_vietnam_dataset_split\train\151058\train_151058_19.jpg
train_151058_20,train,151058,Dragon Wharf,../../data/landmark_vietnam_dataset_split\train\151058\train_151058_20.jpg
train_151058_21,train,151058,Dragon Wharf,../../data/landmark_vietnam_dataset_split\train\151058\train_151058_21.jpg
train_151058_22,train,151058,Dragon Wharf,../../data/landmark_vietnam_dataset_split\train\151058\train_151058_22.jpg
train_151058_23,train,151058,Dragon Wharf,../../data/landmark_vietnam_dataset_split\train\151058\train_151058_23.jpg
train_151058_24,train,151058,Dragon Wharf,../../data/landmark_vietnam_dataset_split\train\151058\train_151058_24.jpg
train_151058_25,train,151058,Dragon Wharf,../../data/landmark_vietnam_dataset_split\train\151058\train_151058_25.jpg
train_151058_26,train,151058,Dragon Wharf,../../data/landmark_vietnam_dataset_split\train\151058\train_151058_26.jpg
train_151058_27,train,151058,Dragon Wharf,../../data/landmark_vietnam_dataset_split\train\151058\train_151058_27.jpg
train_152377_1,train,152377,Long Bien Bridge,../../data/landmark_vietnam_dataset_split\train\152377\train_152377_1.jpg
train_152377_2,train,152377,Long Bien Bridge,../../data/landmark_vietnam_dataset_split\train\152377\train_152377_2.jpg
train_152377_3,train,152377,Long Bien Bridge,../../data/landmark_vietnam_dataset_split\train\152377\train_152377_3.jpg
train_152377_4,train,152377,Long Bien Bridge,../../data/landmark_vietnam_dataset_split\train\152377\train_152377_4.jpg
train_152377_5,train,152377,Long Bien Bridge,../../data/landmark_vietnam_dataset_split\train\152377\train_152377_5.jpg
train_152377_6,train,152377,Long Bien Bridge,../../data/landmark_vietnam_dataset_split\train\152377\train_152377_6.jpg
train_152377_7,train,152377,Long Bien Bridge,../../data/landmark_vietnam_dataset_split\train\152377\train_152377_7.jpg
train_152377_8,train,152377,Long Bien Bridge,../../data/landmark_vietnam_dataset_split\train\152377\train_152377_8.jpg
train_152377_9,train,152377,Long Bien Bridge,../../data/landmark_vietnam_dataset_split\train\152377\train_152377_9.jpg
train_152377_10,train,152377,Long Bien Bridge,../../data/landmark_vietnam_dataset_split\train\152377\train_152377_10.jpg
train_152377_11,train,152377,Long Bien Bridge,../../data/landmark_vietnam_dataset_split\train\152377\train_152377_11.jpg
train_152377_12,train,152377,Long Bien Bridge,../../data/landmark_vietnam_dataset_split\train\152377\train_152377_12.jpg
train_152377_13,train,152377,Long Bien Bridge,../../data/landmark_vietnam_dataset_split\train\152377\train_152377_13.jpg
train_152377_14,train,152377,Long Bien Bridge,../../data/landmark_vietnam_dataset_split\train\152377\train_152377_14.jpg
train_152377_15,train,152377,Long Bien Bridge,../../data/landmark_vietnam_dataset_split\train\152377\train_152377_15.jpg
train_152377_16,train,152377,Long Bien Bridge,../../data/landmark_vietnam_dataset_split\train\152377\train_152377_16.jpg
train_152377_17,train,152377,Long Bien Bridge,../../data/landmark_vietnam_dataset_split\train\152377\train_152377_17.jpg
train_152377_18,train,152377,Long Bien Bridge,../../data/landmark_vietnam_dataset_split\train\152377\train_152377_18.jpg
train_152437_1,train,152437,Kính Thiên Palace,../../data/landmark_vietnam_dataset_split\train\152437\train_152437_1.jpg
train_152437_2,train,152437,Kính Thiên Palace,../../data/landmark_vietnam_dataset_split\train\152437\train_152437_2.jpg
train_152437_3,train,152437,Kính Thiên Palace,../../data/landmark_vietnam_dataset_split\train\152437\train_152437_3.jpg
train_152437_4,train,152437,Kính Thiên Palace,../../data/landmark_vietnam_dataset_split\train\152437\train_152437_4.jpg
train_152437_5,train,152437,Kính Thiên Palace,../../data/landmark_vietnam_dataset_split\train\152437\train_152437_5.jpg
train_152437_6,train,152437,Kính Thiên Palace,../../data/landmark_vietnam_dataset_split\train\152437\train_152437_6.jpg
train_152437_7,train,152437,Kính Thiên Palace,../../data/landmark_vietnam_dataset_split\train\152437\train_152437_7.jpg
train_152437_8,train,152437,Kính Thiên Palace,../../data/landmark_vietnam_dataset_split\train\152437\train_152437_8.jpg
train_152437_9,train,152437,Kính Thiên Palace,../../data/landmark_vietnam_dataset_split\train\152437\train_152437_9.jpg
train_152437_10,train,152437,Kính Thiên Palace,../../data/landmark_vietnam_dataset_split\train\152437\train_152437_10.jpg
train_152437_11,train,152437,Kính Thiên Palace,../../data/landmark_vietnam_dataset_split\train\152437\train_152437_11.jpg
train_152437_12,train,152437,Kính Thiên Palace,../../data/landmark_vietnam_dataset_split\train\152437\train_152437_12.jpg
train_152437_13,train,152437,Kính Thiên Palace,../../data/landmark_vietnam_dataset_split\train\152437\train_152437_13.jpg
train_152437_14,train,152437,Kính Thiên Palace,../../data/landmark_vietnam_dataset_split\train\152437\train_152437_14.jpg
train_152437_15,train,152437,Kính Thiên Palace,../../data/landmark_vietnam_dataset_split\train\152437\train_152437_15.jpg
train_152501_1,train,152501,Cốc Lếu Bridge,../../data/landmark_vietnam_dataset_split\train\152501\train_152501_1.jpg
train_152501_2,train,152501,Cốc Lếu Bridge,../../data/landmark_vietnam_dataset_split\train\152501\train_152501_2.jpg
train_152501_3,train,152501,Cốc Lếu Bridge,../../data/landmark_vietnam_dataset_split\train\152501\train_152501_3.jpg
train_152501_4,train,152501,Cốc Lếu Bridge,../../data/landmark_vietnam_dataset_split\train\152501\train_152501_4.jpg
train_152501_5,train,152501,Cốc Lếu Bridge,../../data/landmark_vietnam_dataset_split\train\152501\train_152501_5.jpg
train_152501_6,train,152501,Cốc Lếu Bridge,../../data/landmark_vietnam_dataset_split\train\152501\train_152501_6.jpg
train_152501_7,train,152501,Cốc Lếu Bridge,../../data/landmark_vietnam_dataset_split\train\152501\train_152501_7.jpg
train_152501_8,train,152501,Cốc Lếu Bridge,../../data/landmark_vietnam_dataset_split\train\152501\train_152501_8.jpg
train_152501_9,train,152501,Cốc Lếu Bridge,../../data/landmark_vietnam_dataset_split\train\152501\train_152501_9.jpg
train_152501_10,train,152501,Cốc Lếu Bridge,../../data/landmark_vietnam_dataset_split\train\152501\train_152501_10.jpg
train_152501_11,train,152501,Cốc Lếu Bridge,../../data/landmark_vietnam_dataset_split\train\152501\train_152501_11.jpg
train_152501_12,train,152501,Cốc Lếu Bridge,../../data/landmark_vietnam_dataset_split\train\152501\train_152501_12.jpg
train_152501_13,train,152501,Cốc Lếu Bridge,../../data/landmark_vietnam_dataset_split\train\152501\train_152501_13.jpg
train_152501_14,train,152501,Cốc Lếu Bridge,../../data/landmark_vietnam_dataset_split\train\152501\train_152501_14.jpg
train_152501_15,train,152501,Cốc Lếu Bridge,../../data/landmark_vietnam_dataset_split\train\152501\train_152501_15.jpg
train_153668_1,train,153668,Saigon Notre-Dame Basilica,../../data/landmark_vietnam_dataset_split\train\153668\train_153668_1.jpg
train_153668_2,train,153668,Saigon Notre-Dame Basilica,../../data/landmark_vietnam_dataset_split\train\153668\train_153668_2.jpg
train_153668_3,train,153668,Saigon Notre-Dame Basilica,../../data/landmark_vietnam_dataset_split\train\153668\train_153668_3.jpg
train_153668_4,train,153668,Saigon Notre-Dame Basilica,../../data/landmark_vietnam_dataset_split\train\153668\train_153668_4.jpg
train_153668_5,train,153668,Saigon Notre-Dame Basilica,../../data/landmark_vietnam_dataset_split\train\153668\train_153668_5.jpg
train_153668_6,train,153668,Saigon Notre-Dame Basilica,../../data/landmark_vietnam_dataset_split\train\153668\train_153668_6.jpg
train_153668_7,train,153668,Saigon Notre-Dame Basilica,../../data/landmark_vietnam_dataset_split\train\153668\train_153668_7.jpg
train_153668_8,train,153668,Saigon Notre-Dame Basilica,../../data/landmark_vietnam_dataset_split\train\153668\train_153668_8.jpg
train_153668_9,train,153668,Saigon Notre-Dame Basilica,../../data/landmark_vietnam_dataset_split\train\153668\train_153668_9.jpg
train_153668_10,train,153668,Saigon Notre-Dame Basilica,../../data/landmark_vietnam_dataset_split\train\153668\train_153668_10.jpg
train_153668_11,train,153668,Saigon Notre-Dame Basilica,../../data/landmark_vietnam_dataset_split\train\153668\train_153668_11.jpg
train_153668_12,train,153668,Saigon Notre-Dame Basilica,../../data/landmark_vietnam_dataset_split\train\153668\train_153668_12.jpg
train_153668_13,train,153668,Saigon Notre-Dame Basilica,../../data/landmark_vietnam_dataset_split\train\153668\train_153668_13.jpg
train_153668_14,train,153668,Saigon Notre-Dame Basilica,../../data/landmark_vietnam_dataset_split\train\153668\train_153668_14.jpg
train_153668_15,train,153668,Saigon Notre-Dame Basilica,../../data/landmark_vietnam_dataset_split\train\153668\train_153668_15.jpg
train_153668_16,train,153668,Saigon Notre-Dame Basilica,../../data/landmark_vietnam_dataset_split\train\153668\train_153668_16.jpg
train_153668_17,train,153668,Saigon Notre-Dame Basilica,../../data/landmark_vietnam_dataset_split\train\153668\train_153668_17.jpg
train_153668_18,train,153668,Saigon Notre-Dame Basilica,../../data/landmark_vietnam_dataset_split\train\153668\train_153668_18.jpg
train_153668_19,train,153668,Saigon Notre-Dame Basilica,../../data/landmark_vietnam_dataset_split\train\153668\train_153668_19.jpg
train_153668_20,train,153668,Saigon Notre-Dame Basilica,../../data/landmark_vietnam_dataset_split\train\153668\train_153668_20.jpg
train_153668_21,train,153668,Saigon Notre-Dame Basilica,../../data/landmark_vietnam_dataset_split\train\153668\train_153668_21.jpg
train_153668_22,train,153668,Saigon Notre-Dame Basilica,../../data/landmark_vietnam_dataset_split\train\153668\train_153668_22.jpg
train_153668_23,train,153668,Saigon Notre-Dame Basilica,../../data/landmark_vietnam_dataset_split\train\153668\train_153668_23.jpg
train_153668_24,train,153668,Saigon Notre-Dame Basilica,../../data/landmark_vietnam_dataset_split\train\153668\train_153668_24.jpg
train_154569_1,train,154569,Jade Emperor Pagoda,../../data/landmark_vietnam_dataset_split\train\154569\train_154569_1.jpg
train_154569_2,train,154569,Jade Emperor Pagoda,../../data/landmark_vietnam_dataset_split\train\154569\train_154569_2.jpg
train_154569_3,train,154569,Jade Emperor Pagoda,../../data/landmark_vietnam_dataset_split\train\154569\train_154569_3.jpg
train_154569_4,train,154569,Jade Emperor Pagoda,../../data/landmark_vietnam_dataset_split\train\154569\train_154569_4.jpg
train_154569_5,train,154569,Jade Emperor Pagoda,../../data/landmark_vietnam_dataset_split\train\154569\train_154569_5.jpg
train_154569_6,train,154569,Jade Emperor Pagoda,../../data/landmark_vietnam_dataset_split\train\154569\train_154569_6.jpg
train_154569_7,train,154569,Jade Emperor Pagoda,../../data/landmark_vietnam_dataset_split\train\154569\train_154569_7.jpg
train_154569_8,train,154569,Jade Emperor Pagoda,../../data/landmark_vietnam_dataset_split\train\154569\train_154569_8.jpg
train_154569_9,train,154569,Jade Emperor Pagoda,../../data/landmark_vietnam_dataset_split\train\154569\train_154569_9.jpg
train_154569_10,train,154569,Jade Emperor Pagoda,../../data/landmark_vietnam_dataset_split\train\154569\train_154569_10.jpg
train_154569_11,train,154569,Jade Emperor Pagoda,../../data/landmark_vietnam_dataset_split\train\154569\train_154569_11.jpg
train_154569_12,train,154569,Jade Emperor Pagoda,../../data/landmark_vietnam_dataset_split\train\154569\train_154569_12.jpg
train_155319_1,train,155319,Ben Thanh Market,../../data/landmark_vietnam_dataset_split\train\155319\train_155319_1.jpg
train_155319_2,train,155319,Ben Thanh Market,../../data/landmark_vietnam_dataset_split\train\155319\train_155319_2.jpg
train_155319_3,train,155319,Ben Thanh Market,../../data/landmark_vietnam_dataset_split\train\155319\train_155319_3.jpg
train_155319_4,train,155319,Ben Thanh Market,../../data/landmark_vietnam_dataset_split\train\155319\train_155319_4.jpg
train_155319_5,train,155319,Ben Thanh Market,../../data/landmark_vietnam_dataset_split\train\155319\train_155319_5.jpg
train_155319_6,train,155319,Ben Thanh Market,../../data/landmark_vietnam_dataset_split\train\155319\train_155319_6.jpg
train_155319_7,train,155319,Ben Thanh Market,../../data/landmark_vietnam_dataset_split\train\155319\train_155319_7.jpg
train_155319_8,train,155319,Ben Thanh Market,../../data/landmark_vietnam_dataset_split\train\155319\train_155319_8.jpg
train_155319_9,train,155319,Ben Thanh Market,../../data/landmark_vietnam_dataset_split\train\155319\train_155319_9.jpg
train_155319_10,train,155319,Ben Thanh Market,../../data/landmark_vietnam_dataset_split\train\155319\train_155319_10.jpg
train_155319_11,train,155319,Ben Thanh Market,../../data/landmark_vietnam_dataset_split\train\155319\train_155319_11.jpg
train_155319_12,train,155319,Ben Thanh Market,../../data/landmark_vietnam_dataset_split\train\155319\train_155319_12.jpg
train_155319_13,train,155319,Ben Thanh Market,../../data/landmark_vietnam_dataset_split\train\155319\train_155319_13.jpg
train_155319_14,train,155319,Ben Thanh Market,../../data/landmark_vietnam_dataset_split\train\155319\train_155319_14.jpg
train_155319_15,train,155319,Ben Thanh Market,../../data/landmark_vietnam_dataset_split\train\155319\train_155319_15.jpg
train_155319_16,train,155319,Ben Thanh Market,../../data/landmark_vietnam_dataset_split\train\155319\train_155319_16.jpg
train_155319_17,train,155319,Ben Thanh Market,../../data/landmark_vietnam_dataset_split\train\155319\train_155319_17.jpg
train_155319_18,train,155319,Ben Thanh Market,../../data/landmark_vietnam_dataset_split\train\155319\train_155319_18.jpg
train_155319_19,train,155319,Ben Thanh Market,../../data/landmark_vietnam_dataset_split\train\155319\train_155319_19.jpg
train_155319_20,train,155319,Ben Thanh Market,../../data/landmark_vietnam_dataset_split\train\155319\train_155319_20.jpg
train_155319_21,train,155319,Ben Thanh Market,../../data/landmark_vietnam_dataset_split\train\155319\train_155319_21.jpg
train_156825_1,train,156825,Hang Pagoda (Tra Vinh Province),../../data/landmark_vietnam_dataset_split\train\156825\train_156825_1.jpg
train_156825_2,train,156825,Hang Pagoda (Tra Vinh Province),../../data/landmark_vietnam_dataset_split\train\156825\train_156825_2.jpg
train_156825_3,train,156825,Hang Pagoda (Tra Vinh Province),../../data/landmark_vietnam_dataset_split\train\156825\train_156825_3.jpg
train_156825_4,train,156825,Hang Pagoda (Tra Vinh Province),../../data/landmark_vietnam_dataset_split\train\156825\train_156825_4.jpg
train_156825_5,train,156825,Hang Pagoda (Tra Vinh Province),../../data/landmark_vietnam_dataset_split\train\156825\train_156825_5.jpg
train_156825_6,train,156825,Hang Pagoda (Tra Vinh Province),../../data/landmark_vietnam_dataset_split\train\156825\train_156825_6.jpg
train_156825_7,train,156825,Hang Pagoda (Tra Vinh Province),../../data/landmark_vietnam_dataset_split\train\156825\train_156825_7.jpg
train_156825_8,train,156825,Hang Pagoda (Tra Vinh Province),../../data/landmark_vietnam_dataset_split\train\156825\train_156825_8.jpg
train_156825_9,train,156825,Hang Pagoda (Tra Vinh Province),../../data/landmark_vietnam_dataset_split\train\156825\train_156825_9.jpg
train_156825_10,train,156825,Hang Pagoda (Tra Vinh Province),../../data/landmark_vietnam_dataset_split\train\156825\train_156825_10.jpg
train_156825_11,train,156825,Hang Pagoda (Tra Vinh Province),../../data/landmark_vietnam_dataset_split\train\156825\train_156825_11.jpg
train_156825_12,train,156825,Hang Pagoda (Tra Vinh Province),../../data/landmark_vietnam_dataset_split\train\156825\train_156825_12.jpg
train_156825_13,train,156825,Hang Pagoda (Tra Vinh Province),../../data/landmark_vietnam_dataset_split\train\156825\train_156825_13.jpg
train_156825_14,train,156825,Hang Pagoda (Tra Vinh Province),../../data/landmark_vietnam_dataset_split\train\156825\train_156825_14.jpg
train_156825_15,train,156825,Hang Pagoda (Tra Vinh Province),../../data/landmark_vietnam_dataset_split\train\156825\train_156825_15.jpg
train_156825_16,train,156825,Hang Pagoda (Tra Vinh Province),../../data/landmark_vietnam_dataset_split\train\156825\train_156825_16.jpg
train_156825_17,train,156825,Hang Pagoda (Tra Vinh Province),../../data/landmark_vietnam_dataset_split\train\156825\train_156825_17.jpg
train_156825_18,train,156825,Hang Pagoda (Tra Vinh Province),../../data/landmark_vietnam_dataset_split\train\156825\train_156825_18.jpg
train_156825_19,train,156825,Hang Pagoda (Tra Vinh Province),../../data/landmark_vietnam_dataset_split\train\156825\train_156825_19.jpg
train_156825_20,train,156825,Hang Pagoda (Tra Vinh Province),../../data/landmark_vietnam_dataset_split\train\156825\train_156825_20.jpg
train_156825_21,train,156825,Hang Pagoda (Tra Vinh Province),../../data/landmark_vietnam_dataset_split\train\156825\train_156825_21.jpg
train_157989_1,train,157989,U Minh Thuong,../../data/landmark_vietnam_dataset_split\train\157989\train_157989_1.jpg
train_157989_2,train,157989,U Minh Thuong,../../data/landmark_vietnam_dataset_split\train\157989\train_157989_2.jpg
train_157989_3,train,157989,U Minh Thuong,../../data/landmark_vietnam_dataset_split\train\157989\train_157989_3.jpg
train_157989_4,train,157989,U Minh Thuong,../../data/landmark_vietnam_dataset_split\train\157989\train_157989_4.jpg
train_157989_5,train,157989,U Minh Thuong,../../data/landmark_vietnam_dataset_split\train\157989\train_157989_5.jpg
train_157989_6,train,157989,U Minh Thuong,../../data/landmark_vietnam_dataset_split\train\157989\train_157989_6.jpg
train_157989_7,train,157989,U Minh Thuong,../../data/landmark_vietnam_dataset_split\train\157989\train_157989_7.jpg
train_157989_8,train,157989,U Minh Thuong,../../data/landmark_vietnam_dataset_split\train\157989\train_157989_8.jpg
train_157989_9,train,157989,U Minh Thuong,../../data/landmark_vietnam_dataset_split\train\157989\train_157989_9.jpg
train_157989_10,train,157989,U Minh Thuong,../../data/landmark_vietnam_dataset_split\train\157989\train_157989_10.jpg
train_157989_11,train,157989,U Minh Thuong,../../data/landmark_vietnam_dataset_split\train\157989\train_157989_11.jpg
train_157989_12,train,157989,U Minh Thuong,../../data/landmark_vietnam_dataset_split\train\157989\train_157989_12.jpg
train_157989_13,train,157989,U Minh Thuong,../../data/landmark_vietnam_dataset_split\train\157989\train_157989_13.jpg
train_157989_14,train,157989,U Minh Thuong,../../data/landmark_vietnam_dataset_split\train\157989\train_157989_14.jpg
train_157989_15,train,157989,U Minh Thuong,../../data/landmark_vietnam_dataset_split\train\157989\train_157989_15.jpg
train_157989_16,train,157989,U Minh Thuong,../../data/landmark_vietnam_dataset_split\train\157989\train_157989_16.jpg
train_157989_17,train,157989,U Minh Thuong,../../data/landmark_vietnam_dataset_split\train\157989\train_157989_17.jpg
train_157989_18,train,157989,U Minh Thuong,../../data/landmark_vietnam_dataset_split\train\157989\train_157989_18.jpg
train_157989_19,train,157989,U Minh Thuong,../../data/landmark_vietnam_dataset_split\train\157989\train_157989_19.jpg
train_157989_20,train,157989,U Minh Thuong,../../data/landmark_vietnam_dataset_split\train\157989\train_157989_20.jpg
train_157989_21,train,157989,U Minh Thuong,../../data/landmark_vietnam_dataset_split\train\157989\train_157989_21.jpg
train_157989_22,train,157989,U Minh Thuong,../../data/landmark_vietnam_dataset_split\train\157989\train_157989_22.jpg
train_157989_23,train,157989,U Minh Thuong,../../data/landmark_vietnam_dataset_split\train\157989\train_157989_23.jpg
train_157989_24,train,157989,U Minh Thuong,../../data/landmark_vietnam_dataset_split\train\157989\train_157989_24.jpg
train_158425_1,train,158425,Long Tan Cross,../../data/landmark_vietnam_dataset_split\train\158425\train_158425_1.jpg
train_158425_2,train,158425,Long Tan Cross,../../data/landmark_vietnam_dataset_split\train\158425\train_158425_2.jpg
train_158425_3,train,158425,Long Tan Cross,../../data/landmark_vietnam_dataset_split\train\158425\train_158425_3.jpg
train_158425_4,train,158425,Long Tan Cross,../../data/landmark_vietnam_dataset_split\train\158425\train_158425_4.jpg
train_158425_5,train,158425,Long Tan Cross,../../data/landmark_vietnam_dataset_split\train\158425\train_158425_5.jpg
train_158425_6,train,158425,Long Tan Cross,../../data/landmark_vietnam_dataset_split\train\158425\train_158425_6.jpg
train_158425_7,train,158425,Long Tan Cross,../../data/landmark_vietnam_dataset_split\train\158425\train_158425_7.jpg
train_158425_8,train,158425,Long Tan Cross,../../data/landmark_vietnam_dataset_split\train\158425\train_158425_8.jpg
train_158425_9,train,158425,Long Tan Cross,../../data/landmark_vietnam_dataset_split\train\158425\train_158425_9.jpg
train_158425_10,train,158425,Long Tan Cross,../../data/landmark_vietnam_dataset_split\train\158425\train_158425_10.jpg
train_158425_11,train,158425,Long Tan Cross,../../data/landmark_vietnam_dataset_split\train\158425\train_158425_11.jpg
train_158425_12,train,158425,Long Tan Cross,../../data/landmark_vietnam_dataset_split\train\158425\train_158425_12.jpg
train_158425_13,train,158425,Long Tan Cross,../../data/landmark_vietnam_dataset_split\train\158425\train_158425_13.jpg
train_158425_14,train,158425,Long Tan Cross,../../data/landmark_vietnam_dataset_split\train\158425\train_158425_14.jpg
train_158425_15,train,158425,Long Tan Cross,../../data/landmark_vietnam_dataset_split\train\158425\train_158425_15.jpg
train_158425_16,train,158425,Long Tan Cross,../../data/landmark_vietnam_dataset_split\train\158425\train_158425_16.jpg
train_158425_17,train,158425,Long Tan Cross,../../data/landmark_vietnam_dataset_split\train\158425\train_158425_17.jpg
train_158425_18,train,158425,Long Tan Cross,../../data/landmark_vietnam_dataset_split\train\158425\train_158425_18.jpg
train_159148_1,train,159148,Vietnam National Museum of Fine Arts,../../data/landmark_vietnam_dataset_split\train\159148\train_159148_1.jpg
train_159148_2,train,159148,Vietnam National Museum of Fine Arts,../../data/landmark_vietnam_dataset_split\train\159148\train_159148_2.jpg
train_159148_3,train,159148,Vietnam National Museum of Fine Arts,../../data/landmark_vietnam_dataset_split\train\159148\train_159148_3.jpg
train_159148_4,train,159148,Vietnam National Museum of Fine Arts,../../data/landmark_vietnam_dataset_split\train\159148\train_159148_4.jpg
train_159148_5,train,159148,Vietnam National Museum of Fine Arts,../../data/landmark_vietnam_dataset_split\train\159148\train_159148_5.jpg
train_159148_6,train,159148,Vietnam National Museum of Fine Arts,../../data/landmark_vietnam_dataset_split\train\159148\train_159148_6.jpg
train_159148_7,train,159148,Vietnam National Museum of Fine Arts,../../data/landmark_vietnam_dataset_split\train\159148\train_159148_7.jpg
train_159148_8,train,159148,Vietnam National Museum of Fine Arts,../../data/landmark_vietnam_dataset_split\train\159148\train_159148_8.jpg
train_159148_9,train,159148,Vietnam National Museum of Fine Arts,../../data/landmark_vietnam_dataset_split\train\159148\train_159148_9.jpg
train_159148_10,train,159148,Vietnam National Museum of Fine Arts,../../data/landmark_vietnam_dataset_split\train\159148\train_159148_10.jpg
train_159148_11,train,159148,Vietnam National Museum of Fine Arts,../../data/landmark_vietnam_dataset_split\train\159148\train_159148_11.jpg
train_159148_12,train,159148,Vietnam National Museum of Fine Arts,../../data/landmark_vietnam_dataset_split\train\159148\train_159148_12.jpg
train_159148_13,train,159148,Vietnam National Museum of Fine Arts,../../data/landmark_vietnam_dataset_split\train\159148\train_159148_13.jpg
train_159148_14,train,159148,Vietnam National Museum of Fine Arts,../../data/landmark_vietnam_dataset_split\train\159148\train_159148_14.jpg
train_159148_15,train,159148,Vietnam National Museum of Fine Arts,../../data/landmark_vietnam_dataset_split\train\159148\train_159148_15.jpg
train_159148_16,train,159148,Vietnam National Museum of Fine Arts,../../data/landmark_vietnam_dataset_split\train\159148\train_159148_16.jpg
train_159148_17,train,159148,Vietnam National Museum of Fine Arts,../../data/landmark_vietnam_dataset_split\train\159148\train_159148_17.jpg
train_159148_18,train,159148,Vietnam National Museum of Fine Arts,../../data/landmark_vietnam_dataset_split\train\159148\train_159148_18.jpg
train_159672_1,train,159672,An Dinh Residence,../../data/landmark_vietnam_dataset_split\train\159672\train_159672_1.jpg
train_159672_2,train,159672,An Dinh Residence,../../data/landmark_vietnam_dataset_split\train\159672\train_159672_2.jpg
train_159672_3,train,159672,An Dinh Residence,../../data/landmark_vietnam_dataset_split\train\159672\train_159672_3.jpg
train_159672_4,train,159672,An Dinh Residence,../../data/landmark_vietnam_dataset_split\train\159672\train_159672_4.jpg
train_159672_5,train,159672,An Dinh Residence,../../data/landmark_vietnam_dataset_split\train\159672\train_159672_5.jpg
train_159672_6,train,159672,An Dinh Residence,../../data/landmark_vietnam_dataset_split\train\159672\train_159672_6.jpg
train_159672_7,train,159672,An Dinh Residence,../../data/landmark_vietnam_dataset_split\train\159672\train_159672_7.jpg
train_159672_8,train,159672,An Dinh Residence,../../data/landmark_vietnam_dataset_split\train\159672\train_159672_8.jpg
train_159672_9,train,159672,An Dinh Residence,../../data/landmark_vietnam_dataset_split\train\159672\train_159672_9.jpg
train_159672_10,train,159672,An Dinh Residence,../../data/landmark_vietnam_dataset_split\train\159672\train_159672_10.jpg
train_159672_11,train,159672,An Dinh Residence,../../data/landmark_vietnam_dataset_split\train\159672\train_159672_11.jpg
train_159672_12,train,159672,An Dinh Residence,../../data/landmark_vietnam_dataset_split\train\159672\train_159672_12.jpg
train_159672_13,train,159672,An Dinh Residence,../../data/landmark_vietnam_dataset_split\train\159672\train_159672_13.jpg
train_159672_14,train,159672,An Dinh Residence,../../data/landmark_vietnam_dataset_split\train\159672\train_159672_14.jpg
train_159672_15,train,159672,An Dinh Residence,../../data/landmark_vietnam_dataset_split\train\159672\train_159672_15.jpg
train_159672_16,train,159672,An Dinh Residence,../../data/landmark_vietnam_dataset_split\train\159672\train_159672_16.jpg
train_159672_17,train,159672,An Dinh Residence,../../data/landmark_vietnam_dataset_split\train\159672\train_159672_17.jpg
train_159672_18,train,159672,An Dinh Residence,../../data/landmark_vietnam_dataset_split\train\159672\train_159672_18.jpg
train_159672_19,train,159672,An Dinh Residence,../../data/landmark_vietnam_dataset_split\train\159672\train_159672_19.jpg
train_159672_20,train,159672,An Dinh Residence,../../data/landmark_vietnam_dataset_split\train\159672\train_159672_20.jpg
train_159672_21,train,159672,An Dinh Residence,../../data/landmark_vietnam_dataset_split\train\159672\train_159672_21.jpg
train_162524_1,train,162524,Cathedral of Da Lat,../../data/landmark_vietnam_dataset_split\train\162524\train_162524_1.jpg
train_162524_2,train,162524,Cathedral of Da Lat,../../data/landmark_vietnam_dataset_split\train\162524\train_162524_2.jpg
train_162524_3,train,162524,Cathedral of Da Lat,../../data/landmark_vietnam_dataset_split\train\162524\train_162524_3.jpg
train_162524_4,train,162524,Cathedral of Da Lat,../../data/landmark_vietnam_dataset_split\train\162524\train_162524_4.jpg
train_162524_5,train,162524,Cathedral of Da Lat,../../data/landmark_vietnam_dataset_split\train\162524\train_162524_5.jpg
train_162524_6,train,162524,Cathedral of Da Lat,../../data/landmark_vietnam_dataset_split\train\162524\train_162524_6.jpg
train_162524_7,train,162524,Cathedral of Da Lat,../../data/landmark_vietnam_dataset_split\train\162524\train_162524_7.jpg
train_162524_8,train,162524,Cathedral of Da Lat,../../data/landmark_vietnam_dataset_split\train\162524\train_162524_8.jpg
train_162524_9,train,162524,Cathedral of Da Lat,../../data/landmark_vietnam_dataset_split\train\162524\train_162524_9.jpg
train_162524_10,train,162524,Cathedral of Da Lat,../../data/landmark_vietnam_dataset_split\train\162524\train_162524_10.jpg
train_162524_11,train,162524,Cathedral of Da Lat,../../data/landmark_vietnam_dataset_split\train\162524\train_162524_11.jpg
train_162524_12,train,162524,Cathedral of Da Lat,../../data/landmark_vietnam_dataset_split\train\162524\train_162524_12.jpg
train_162524_13,train,162524,Cathedral of Da Lat,../../data/landmark_vietnam_dataset_split\train\162524\train_162524_13.jpg
train_162524_14,train,162524,Cathedral of Da Lat,../../data/landmark_vietnam_dataset_split\train\162524\train_162524_14.jpg
train_162524_15,train,162524,Cathedral of Da Lat,../../data/landmark_vietnam_dataset_split\train\162524\train_162524_15.jpg
train_162524_16,train,162524,Cathedral of Da Lat,../../data/landmark_vietnam_dataset_split\train\162524\train_162524_16.jpg
train_162524_17,train,162524,Cathedral of Da Lat,../../data/landmark_vietnam_dataset_split\train\162524\train_162524_17.jpg
train_162524_18,train,162524,Cathedral of Da Lat,../../data/landmark_vietnam_dataset_split\train\162524\train_162524_18.jpg
train_162524_19,train,162524,Cathedral of Da Lat,../../data/landmark_vietnam_dataset_split\train\162524\train_162524_19.jpg
train_162524_20,train,162524,Cathedral of Da Lat,../../data/landmark_vietnam_dataset_split\train\162524\train_162524_20.jpg
train_162524_21,train,162524,Cathedral of Da Lat,../../data/landmark_vietnam_dataset_split\train\162524\train_162524_21.jpg
train_162524_22,train,162524,Cathedral of Da Lat,../../data/landmark_vietnam_dataset_split\train\162524\train_162524_22.jpg
train_162524_23,train,162524,Cathedral of Da Lat,../../data/landmark_vietnam_dataset_split\train\162524\train_162524_23.jpg
train_162524_24,train,162524,Cathedral of Da Lat,../../data/landmark_vietnam_dataset_split\train\162524\train_162524_24.jpg
train_162524_25,train,162524,Cathedral of Da Lat,../../data/landmark_vietnam_dataset_split\train\162524\train_162524_25.jpg
train_162524_26,train,162524,Cathedral of Da Lat,../../data/landmark_vietnam_dataset_split\train\162524\train_162524_26.jpg
train_162524_27,train,162524,Cathedral of Da Lat,../../data/landmark_vietnam_dataset_split\train\162524\train_162524_27.jpg
train_162703_1,train,162703,Tân Định Church,../../data/landmark_vietnam_dataset_split\train\162703\train_162703_1.jpg
train_162703_2,train,162703,Tân Định Church,../../data/landmark_vietnam_dataset_split\train\162703\train_162703_2.jpg
train_162703_3,train,162703,Tân Định Church,../../data/landmark_vietnam_dataset_split\train\162703\train_162703_3.jpg
train_162703_4,train,162703,Tân Định Church,../../data/landmark_vietnam_dataset_split\train\162703\train_162703_4.jpg
train_162703_5,train,162703,Tân Định Church,../../data/landmark_vietnam_dataset_split\train\162703\train_162703_5.jpg
train_162703_6,train,162703,Tân Định Church,../../data/landmark_vietnam_dataset_split\train\162703\train_162703_6.jpg
train_162703_7,train,162703,Tân Định Church,../../data/landmark_vietnam_dataset_split\train\162703\train_162703_7.jpg
train_162703_8,train,162703,Tân Định Church,../../data/landmark_vietnam_dataset_split\train\162703\train_162703_8.jpg
train_162703_9,train,162703,Tân Định Church,../../data/landmark_vietnam_dataset_split\train\162703\train_162703_9.jpg
train_162703_10,train,162703,Tân Định Church,../../data/landmark_vietnam_dataset_split\train\162703\train_162703_10.jpg
train_162703_11,train,162703,Tân Định Church,../../data/landmark_vietnam_dataset_split\train\162703\train_162703_11.jpg
train_162703_12,train,162703,Tân Định Church,../../data/landmark_vietnam_dataset_split\train\162703\train_162703_12.jpg
train_162703_13,train,162703,Tân Định Church,../../data/landmark_vietnam_dataset_split\train\162703\train_162703_13.jpg
train_162703_14,train,162703,Tân Định Church,../../data/landmark_vietnam_dataset_split\train\162703\train_162703_14.jpg
train_162703_15,train,162703,Tân Định Church,../../data/landmark_vietnam_dataset_split\train\162703\train_162703_15.jpg
train_162703_16,train,162703,Tân Định Church,../../data/landmark_vietnam_dataset_split\train\162703\train_162703_16.jpg
train_162703_17,train,162703,Tân Định Church,../../data/landmark_vietnam_dataset_split\train\162703\train_162703_17.jpg
train_162703_18,train,162703,Tân Định Church,../../data/landmark_vietnam_dataset_split\train\162703\train_162703_18.jpg
train_162703_19,train,162703,Tân Định Church,../../data/landmark_vietnam_dataset_split\train\162703\train_162703_19.jpg
train_162703_20,train,162703,Tân Định Church,../../data/landmark_vietnam_dataset_split\train\162703\train_162703_20.jpg
train_162703_21,train,162703,Tân Định Church,../../data/landmark_vietnam_dataset_split\train\162703\train_162703_21.jpg
train_16314_1,train,16314,Opera House of Ho Chi Minh City,../../data/landmark_vietnam_dataset_split\train\16314\train_16314_1.jpg
train_16314_2,train,16314,Opera House of Ho Chi Minh City,../../data/landmark_vietnam_dataset_split\train\16314\train_16314_2.jpg
train_16314_3,train,16314,Opera House of Ho Chi Minh City,../../data/landmark_vietnam_dataset_split\train\16314\train_16314_3.jpg
train_16314_4,train,16314,Opera House of Ho Chi Minh City,../../data/landmark_vietnam_dataset_split\train\16314\train_16314_4.jpg
train_16314_5,train,16314,Opera House of Ho Chi Minh City,../../data/landmark_vietnam_dataset_split\train\16314\train_16314_5.jpg
train_16314_6,train,16314,Opera House of Ho Chi Minh City,../../data/landmark_vietnam_dataset_split\train\16314\train_16314_6.jpg
train_16314_7,train,16314,Opera House of Ho Chi Minh City,../../data/landmark_vietnam_dataset_split\train\16314\train_16314_7.jpg
train_16314_8,train,16314,Opera House of Ho Chi Minh City,../../data/landmark_vietnam_dataset_split\train\16314\train_16314_8.jpg
train_16314_9,train,16314,Opera House of Ho Chi Minh City,../../data/landmark_vietnam_dataset_split\train\16314\train_16314_9.jpg
train_16314_10,train,16314,Opera House of Ho Chi Minh City,../../data/landmark_vietnam_dataset_split\train\16314\train_16314_10.jpg
train_16314_11,train,16314,Opera House of Ho Chi Minh City,../../data/landmark_vietnam_dataset_split\train\16314\train_16314_11.jpg
train_16314_12,train,16314,Opera House of Ho Chi Minh City,../../data/landmark_vietnam_dataset_split\train\16314\train_16314_12.jpg
train_16314_13,train,16314,Opera House of Ho Chi Minh City,../../data/landmark_vietnam_dataset_split\train\16314\train_16314_13.jpg
train_16314_14,train,16314,Opera House of Ho Chi Minh City,../../data/landmark_vietnam_dataset_split\train\16314\train_16314_14.jpg
train_16314_15,train,16314,Opera House of Ho Chi Minh City,../../data/landmark_vietnam_dataset_split\train\16314\train_16314_15.jpg
train_16314_16,train,16314,Opera House of Ho Chi Minh City,../../data/landmark_vietnam_dataset_split\train\16314\train_16314_16.jpg
train_16314_17,train,16314,Opera House of Ho Chi Minh City,../../data/landmark_vietnam_dataset_split\train\16314\train_16314_17.jpg
train_16314_18,train,16314,Opera House of Ho Chi Minh City,../../data/landmark_vietnam_dataset_split\train\16314\train_16314_18.jpg
train_16314_19,train,16314,Opera House of Ho Chi Minh City,../../data/landmark_vietnam_dataset_split\train\16314\train_16314_19.jpg
train_16314_20,train,16314,Opera House of Ho Chi Minh City,../../data/landmark_vietnam_dataset_split\train\16314\train_16314_20.jpg
train_16314_21,train,16314,Opera House of Ho Chi Minh City,../../data/landmark_vietnam_dataset_split\train\16314\train_16314_21.jpg
train_16314_22,train,16314,Opera House of Ho Chi Minh City,../../data/landmark_vietnam_dataset_split\train\16314\train_16314_22.jpg
train_16314_23,train,16314,Opera House of Ho Chi Minh City,../../data/landmark_vietnam_dataset_split\train\16314\train_16314_23.jpg
train_16314_24,train,16314,Opera House of Ho Chi Minh City,../../data/landmark_vietnam_dataset_split\train\16314\train_16314_24.jpg
train_16314_25,train,16314,Opera House of Ho Chi Minh City,../../data/landmark_vietnam_dataset_split\train\16314\train_16314_25.jpg
train_16314_26,train,16314,Opera House of Ho Chi Minh City,../../data/landmark_vietnam_dataset_split\train\16314\train_16314_26.jpg
train_16314_27,train,16314,Opera House of Ho Chi Minh City,../../data/landmark_vietnam_dataset_split\train\16314\train_16314_27.jpg
train_163230_1,train,163230,Bà Lụa Islands,../../data/landmark_vietnam_dataset_split\train\163230\train_163230_1.jpg
train_163230_2,train,163230,Bà Lụa Islands,../../data/landmark_vietnam_dataset_split\train\163230\train_163230_2.jpg
train_163230_3,train,163230,Bà Lụa Islands,../../data/landmark_vietnam_dataset_split\train\163230\train_163230_3.jpg
train_163230_4,train,163230,Bà Lụa Islands,../../data/landmark_vietnam_dataset_split\train\163230\train_163230_4.jpg
train_163230_5,train,163230,Bà Lụa Islands,../../data/landmark_vietnam_dataset_split\train\163230\train_163230_5.jpg
train_163230_6,train,163230,Bà Lụa Islands,../../data/landmark_vietnam_dataset_split\train\163230\train_163230_6.jpg
train_163230_7,train,163230,Bà Lụa Islands,../../data/landmark_vietnam_dataset_split\train\163230\train_163230_7.jpg
train_163230_8,train,163230,Bà Lụa Islands,../../data/landmark_vietnam_dataset_split\train\163230\train_163230_8.jpg
train_163230_9,train,163230,Bà Lụa Islands,../../data/landmark_vietnam_dataset_split\train\163230\train_163230_9.jpg
train_163230_10,train,163230,Bà Lụa Islands,../../data/landmark_vietnam_dataset_split\train\163230\train_163230_10.jpg
train_163230_11,train,163230,Bà Lụa Islands,../../data/landmark_vietnam_dataset_split\train\163230\train_163230_11.jpg
train_163230_12,train,163230,Bà Lụa Islands,../../data/landmark_vietnam_dataset_split\train\163230\train_163230_12.jpg
train_163230_13,train,163230,Bà Lụa Islands,../../data/landmark_vietnam_dataset_split\train\163230\train_163230_13.jpg
train_163230_14,train,163230,Bà Lụa Islands,../../data/landmark_vietnam_dataset_split\train\163230\train_163230_14.jpg
train_163230_15,train,163230,Bà Lụa Islands,../../data/landmark_vietnam_dataset_split\train\163230\train_163230_15.jpg
train_163230_16,train,163230,Bà Lụa Islands,../../data/landmark_vietnam_dataset_split\train\163230\train_163230_16.jpg
train_163230_17,train,163230,Bà Lụa Islands,../../data/landmark_vietnam_dataset_split\train\163230\train_163230_17.jpg
train_163230_18,train,163230,Bà Lụa Islands,../../data/landmark_vietnam_dataset_split\train\163230\train_163230_18.jpg
train_164543_1,train,164543,Đồng Xuân Market,../../data/landmark_vietnam_dataset_split\train\164543\train_164543_1.jpg
train_164543_2,train,164543,Đồng Xuân Market,../../data/landmark_vietnam_dataset_split\train\164543\train_164543_2.jpg
train_164543_3,train,164543,Đồng Xuân Market,../../data/landmark_vietnam_dataset_split\train\164543\train_164543_3.jpg
train_164543_4,train,164543,Đồng Xuân Market,../../data/landmark_vietnam_dataset_split\train\164543\train_164543_4.jpg
train_164543_5,train,164543,Đồng Xuân Market,../../data/landmark_vietnam_dataset_split\train\164543\train_164543_5.jpg
train_164543_6,train,164543,Đồng Xuân Market,../../data/landmark_vietnam_dataset_split\train\164543\train_164543_6.jpg
train_164543_7,train,164543,Đồng Xuân Market,../../data/landmark_vietnam_dataset_split\train\164543\train_164543_7.jpg
train_164543_8,train,164543,Đồng Xuân Market,../../data/landmark_vietnam_dataset_split\train\164543\train_164543_8.jpg
train_164543_9,train,164543,Đồng Xuân Market,../../data/landmark_vietnam_dataset_split\train\164543\train_164543_9.jpg
train_164543_10,train,164543,Đồng Xuân Market,../../data/landmark_vietnam_dataset_split\train\164543\train_164543_10.jpg
train_164543_11,train,164543,Đồng Xuân Market,../../data/landmark_vietnam_dataset_split\train\164543\train_164543_11.jpg
train_164543_12,train,164543,Đồng Xuân Market,../../data/landmark_vietnam_dataset_split\train\164543\train_164543_12.jpg
train_164543_13,train,164543,Đồng Xuân Market,../../data/landmark_vietnam_dataset_split\train\164543\train_164543_13.jpg
train_164543_14,train,164543,Đồng Xuân Market,../../data/landmark_vietnam_dataset_split\train\164543\train_164543_14.jpg
train_164543_15,train,164543,Đồng Xuân Market,../../data/landmark_vietnam_dataset_split\train\164543\train_164543_15.jpg
train_164543_16,train,164543,Đồng Xuân Market,../../data/landmark_vietnam_dataset_split\train\164543\train_164543_16.jpg
train_164543_17,train,164543,Đồng Xuân Market,../../data/landmark_vietnam_dataset_split\train\164543\train_164543_17.jpg
train_164543_18,train,164543,Đồng Xuân Market,../../data/landmark_vietnam_dataset_split\train\164543\train_164543_18.jpg
train_165388_1,train,165388,Hang Cop Waterfall,../../data/landmark_vietnam_dataset_split\train\165388\train_165388_1.jpg
train_165388_2,train,165388,Hang Cop Waterfall,../../data/landmark_vietnam_dataset_split\train\165388\train_165388_2.jpg
train_165388_3,train,165388,Hang Cop Waterfall,../../data/landmark_vietnam_dataset_split\train\165388\train_165388_3.jpg
train_165388_4,train,165388,Hang Cop Waterfall,../../data/landmark_vietnam_dataset_split\train\165388\train_165388_4.jpg
train_165388_5,train,165388,Hang Cop Waterfall,../../data/landmark_vietnam_dataset_split\train\165388\train_165388_5.jpg
train_165388_6,train,165388,Hang Cop Waterfall,../../data/landmark_vietnam_dataset_split\train\165388\train_165388_6.jpg
train_165388_7,train,165388,Hang Cop Waterfall,../../data/landmark_vietnam_dataset_split\train\165388\train_165388_7.jpg
train_165388_8,train,165388,Hang Cop Waterfall,../../data/landmark_vietnam_dataset_split\train\165388\train_165388_8.jpg
train_165388_9,train,165388,Hang Cop Waterfall,../../data/landmark_vietnam_dataset_split\train\165388\train_165388_9.jpg
train_165388_10,train,165388,Hang Cop Waterfall,../../data/landmark_vietnam_dataset_split\train\165388\train_165388_10.jpg
train_165388_11,train,165388,Hang Cop Waterfall,../../data/landmark_vietnam_dataset_split\train\165388\train_165388_11.jpg
train_165388_12,train,165388,Hang Cop Waterfall,../../data/landmark_vietnam_dataset_split\train\165388\train_165388_12.jpg
train_165388_13,train,165388,Hang Cop Waterfall,../../data/landmark_vietnam_dataset_split\train\165388\train_165388_13.jpg
train_165388_14,train,165388,Hang Cop Waterfall,../../data/landmark_vietnam_dataset_split\train\165388\train_165388_14.jpg
train_165388_15,train,165388,Hang Cop Waterfall,../../data/landmark_vietnam_dataset_split\train\165388\train_165388_15.jpg
train_165388_16,train,165388,Hang Cop Waterfall,../../data/landmark_vietnam_dataset_split\train\165388\train_165388_16.jpg
train_165388_17,train,165388,Hang Cop Waterfall,../../data/landmark_vietnam_dataset_split\train\165388\train_165388_17.jpg
train_165388_18,train,165388,Hang Cop Waterfall,../../data/landmark_vietnam_dataset_split\train\165388\train_165388_18.jpg
train_165388_19,train,165388,Hang Cop Waterfall,../../data/landmark_vietnam_dataset_split\train\165388\train_165388_19.jpg
train_165388_20,train,165388,Hang Cop Waterfall,../../data/landmark_vietnam_dataset_split\train\165388\train_165388_20.jpg
train_165388_21,train,165388,Hang Cop Waterfall,../../data/landmark_vietnam_dataset_split\train\165388\train_165388_21.jpg
train_165669_1,train,165669,Ba Vi National Park,../../data/landmark_vietnam_dataset_split\train\165669\train_165669_1.jpg
train_165669_2,train,165669,Ba Vi National Park,../../data/landmark_vietnam_dataset_split\train\165669\train_165669_2.jpg
train_165669_3,train,165669,Ba Vi National Park,../../data/landmark_vietnam_dataset_split\train\165669\train_165669_3.jpg
train_165669_4,train,165669,Ba Vi National Park,../../data/landmark_vietnam_dataset_split\train\165669\train_165669_4.jpg
train_165669_5,train,165669,Ba Vi National Park,../../data/landmark_vietnam_dataset_split\train\165669\train_165669_5.jpg
train_165669_6,train,165669,Ba Vi National Park,../../data/landmark_vietnam_dataset_split\train\165669\train_165669_6.jpg
train_165669_7,train,165669,Ba Vi National Park,../../data/landmark_vietnam_dataset_split\train\165669\train_165669_7.jpg
train_165669_8,train,165669,Ba Vi National Park,../../data/landmark_vietnam_dataset_split\train\165669\train_165669_8.jpg
train_165669_9,train,165669,Ba Vi National Park,../../data/landmark_vietnam_dataset_split\train\165669\train_165669_9.jpg
train_165669_10,train,165669,Ba Vi National Park,../../data/landmark_vietnam_dataset_split\train\165669\train_165669_10.jpg
train_165669_11,train,165669,Ba Vi National Park,../../data/landmark_vietnam_dataset_split\train\165669\train_165669_11.jpg
train_165669_12,train,165669,Ba Vi National Park,../../data/landmark_vietnam_dataset_split\train\165669\train_165669_12.jpg
train_165669_13,train,165669,Ba Vi National Park,../../data/landmark_vietnam_dataset_split\train\165669\train_165669_13.jpg
train_165669_14,train,165669,Ba Vi National Park,../../data/landmark_vietnam_dataset_split\train\165669\train_165669_14.jpg
train_165669_15,train,165669,Ba Vi National Park,../../data/landmark_vietnam_dataset_split\train\165669\train_165669_15.jpg
train_165669_16,train,165669,Ba Vi National Park,../../data/landmark_vietnam_dataset_split\train\165669\train_165669_16.jpg
train_165669_17,train,165669,Ba Vi National Park,../../data/landmark_vietnam_dataset_split\train\165669\train_165669_17.jpg
train_165669_18,train,165669,Ba Vi National Park,../../data/landmark_vietnam_dataset_split\train\165669\train_165669_18.jpg
train_165669_19,train,165669,Ba Vi National Park,../../data/landmark_vietnam_dataset_split\train\165669\train_165669_19.jpg
train_165669_20,train,165669,Ba Vi National Park,../../data/landmark_vietnam_dataset_split\train\165669\train_165669_20.jpg
train_165669_21,train,165669,Ba Vi National Park,../../data/landmark_vietnam_dataset_split\train\165669\train_165669_21.jpg
train_165669_22,train,165669,Ba Vi National Park,../../data/landmark_vietnam_dataset_split\train\165669\train_165669_22.jpg
train_165669_23,train,165669,Ba Vi National Park,../../data/landmark_vietnam_dataset_split\train\165669\train_165669_23.jpg
train_165669_24,train,165669,Ba Vi National Park,../../data/landmark_vietnam_dataset_split\train\165669\train_165669_24.jpg
train_165669_25,train,165669,Ba Vi National Park,../../data/landmark_vietnam_dataset_split\train\165669\train_165669_25.jpg
train_165669_26,train,165669,Ba Vi National Park,../../data/landmark_vietnam_dataset_split\train\165669\train_165669_26.jpg
train_165669_27,train,165669,Ba Vi National Park,../../data/landmark_vietnam_dataset_split\train\165669\train_165669_27.jpg
train_168064_1,train,168064,Xa Loi Pagoda,../../data/landmark_vietnam_dataset_split\train\168064\train_168064_1.jpg
train_168064_2,train,168064,Xa Loi Pagoda,../../data/landmark_vietnam_dataset_split\train\168064\train_168064_2.jpg
train_168064_3,train,168064,Xa Loi Pagoda,../../data/landmark_vietnam_dataset_split\train\168064\train_168064_3.jpg
train_168064_4,train,168064,Xa Loi Pagoda,../../data/landmark_vietnam_dataset_split\train\168064\train_168064_4.jpg
train_168064_5,train,168064,Xa Loi Pagoda,../../data/landmark_vietnam_dataset_split\train\168064\train_168064_5.jpg
train_168064_6,train,168064,Xa Loi Pagoda,../../data/landmark_vietnam_dataset_split\train\168064\train_168064_6.jpg
train_168064_7,train,168064,Xa Loi Pagoda,../../data/landmark_vietnam_dataset_split\train\168064\train_168064_7.jpg
train_168064_8,train,168064,Xa Loi Pagoda,../../data/landmark_vietnam_dataset_split\train\168064\train_168064_8.jpg
train_168064_9,train,168064,Xa Loi Pagoda,../../data/landmark_vietnam_dataset_split\train\168064\train_168064_9.jpg
train_168064_10,train,168064,Xa Loi Pagoda,../../data/landmark_vietnam_dataset_split\train\168064\train_168064_10.jpg
train_168064_11,train,168064,Xa Loi Pagoda,../../data/landmark_vietnam_dataset_split\train\168064\train_168064_11.jpg
train_168064_12,train,168064,Xa Loi Pagoda,../../data/landmark_vietnam_dataset_split\train\168064\train_168064_12.jpg
train_168064_13,train,168064,Xa Loi Pagoda,../../data/landmark_vietnam_dataset_split\train\168064\train_168064_13.jpg
train_168064_14,train,168064,Xa Loi Pagoda,../../data/landmark_vietnam_dataset_split\train\168064\train_168064_14.jpg
train_168064_15,train,168064,Xa Loi Pagoda,../../data/landmark_vietnam_dataset_split\train\168064\train_168064_15.jpg
train_168064_16,train,168064,Xa Loi Pagoda,../../data/landmark_vietnam_dataset_split\train\168064\train_168064_16.jpg
train_168064_17,train,168064,Xa Loi Pagoda,../../data/landmark_vietnam_dataset_split\train\168064\train_168064_17.jpg
train_168064_18,train,168064,Xa Loi Pagoda,../../data/landmark_vietnam_dataset_split\train\168064\train_168064_18.jpg
train_168064_19,train,168064,Xa Loi Pagoda,../../data/landmark_vietnam_dataset_split\train\168064\train_168064_19.jpg
train_168064_20,train,168064,Xa Loi Pagoda,../../data/landmark_vietnam_dataset_split\train\168064\train_168064_20.jpg
train_168064_21,train,168064,Xa Loi Pagoda,../../data/landmark_vietnam_dataset_split\train\168064\train_168064_21.jpg
train_173200_1,train,173200,Hang Nga guesthouse,../../data/landmark_vietnam_dataset_split\train\173200\train_173200_1.jpg
train_173200_2,train,173200,Hang Nga guesthouse,../../data/landmark_vietnam_dataset_split\train\173200\train_173200_2.jpg
train_173200_3,train,173200,Hang Nga guesthouse,../../data/landmark_vietnam_dataset_split\train\173200\train_173200_3.jpg
train_173200_4,train,173200,Hang Nga guesthouse,../../data/landmark_vietnam_dataset_split\train\173200\train_173200_4.jpg
train_173200_5,train,173200,Hang Nga guesthouse,../../data/landmark_vietnam_dataset_split\train\173200\train_173200_5.jpg
train_173200_6,train,173200,Hang Nga guesthouse,../../data/landmark_vietnam_dataset_split\train\173200\train_173200_6.jpg
train_173200_7,train,173200,Hang Nga guesthouse,../../data/landmark_vietnam_dataset_split\train\173200\train_173200_7.jpg
train_173200_8,train,173200,Hang Nga guesthouse,../../data/landmark_vietnam_dataset_split\train\173200\train_173200_8.jpg
train_173200_9,train,173200,Hang Nga guesthouse,../../data/landmark_vietnam_dataset_split\train\173200\train_173200_9.jpg
train_173200_10,train,173200,Hang Nga guesthouse,../../data/landmark_vietnam_dataset_split\train\173200\train_173200_10.jpg
train_173200_11,train,173200,Hang Nga guesthouse,../../data/landmark_vietnam_dataset_split\train\173200\train_173200_11.jpg
train_173200_12,train,173200,Hang Nga guesthouse,../../data/landmark_vietnam_dataset_split\train\173200\train_173200_12.jpg
train_173200_13,train,173200,Hang Nga guesthouse,../../data/landmark_vietnam_dataset_split\train\173200\train_173200_13.jpg
train_173200_14,train,173200,Hang Nga guesthouse,../../data/landmark_vietnam_dataset_split\train\173200\train_173200_14.jpg
train_173200_15,train,173200,Hang Nga guesthouse,../../data/landmark_vietnam_dataset_split\train\173200\train_173200_15.jpg
train_173200_16,train,173200,Hang Nga guesthouse,../../data/landmark_vietnam_dataset_split\train\173200\train_173200_16.jpg
train_173200_17,train,173200,Hang Nga guesthouse,../../data/landmark_vietnam_dataset_split\train\173200\train_173200_17.jpg
train_173200_18,train,173200,Hang Nga guesthouse,../../data/landmark_vietnam_dataset_split\train\173200\train_173200_18.jpg
train_174562_1,train,174562,Can Tho Bridge,../../data/landmark_vietnam_dataset_split\train\174562\train_174562_1.jpg
train_174562_2,train,174562,Can Tho Bridge,../../data/landmark_vietnam_dataset_split\train\174562\train_174562_2.jpg
train_174562_3,train,174562,Can Tho Bridge,../../data/landmark_vietnam_dataset_split\train\174562\train_174562_3.jpg
train_174562_4,train,174562,Can Tho Bridge,../../data/landmark_vietnam_dataset_split\train\174562\train_174562_4.jpg
train_174562_5,train,174562,Can Tho Bridge,../../data/landmark_vietnam_dataset_split\train\174562\train_174562_5.jpg
train_174562_6,train,174562,Can Tho Bridge,../../data/landmark_vietnam_dataset_split\train\174562\train_174562_6.jpg
train_174562_7,train,174562,Can Tho Bridge,../../data/landmark_vietnam_dataset_split\train\174562\train_174562_7.jpg
train_174562_8,train,174562,Can Tho Bridge,../../data/landmark_vietnam_dataset_split\train\174562\train_174562_8.jpg
train_174562_9,train,174562,Can Tho Bridge,../../data/landmark_vietnam_dataset_split\train\174562\train_174562_9.jpg
train_174562_10,train,174562,Can Tho Bridge,../../data/landmark_vietnam_dataset_split\train\174562\train_174562_10.jpg
train_174562_11,train,174562,Can Tho Bridge,../../data/landmark_vietnam_dataset_split\train\174562\train_174562_11.jpg
train_174562_12,train,174562,Can Tho Bridge,../../data/landmark_vietnam_dataset_split\train\174562\train_174562_12.jpg
train_174562_13,train,174562,Can Tho Bridge,../../data/landmark_vietnam_dataset_split\train\174562\train_174562_13.jpg
train_174562_14,train,174562,Can Tho Bridge,../../data/landmark_vietnam_dataset_split\train\174562\train_174562_14.jpg
train_174562_15,train,174562,Can Tho Bridge,../../data/landmark_vietnam_dataset_split\train\174562\train_174562_15.jpg
train_174562_16,train,174562,Can Tho Bridge,../../data/landmark_vietnam_dataset_split\train\174562\train_174562_16.jpg
train_174562_17,train,174562,Can Tho Bridge,../../data/landmark_vietnam_dataset_split\train\174562\train_174562_17.jpg
train_174562_18,train,174562,Can Tho Bridge,../../data/landmark_vietnam_dataset_split\train\174562\train_174562_18.jpg
train_174562_19,train,174562,Can Tho Bridge,../../data/landmark_vietnam_dataset_split\train\174562\train_174562_19.jpg
train_174562_20,train,174562,Can Tho Bridge,../../data/landmark_vietnam_dataset_split\train\174562\train_174562_20.jpg
train_174562_21,train,174562,Can Tho Bridge,../../data/landmark_vietnam_dataset_split\train\174562\train_174562_21.jpg
train_174562_22,train,174562,Can Tho Bridge,../../data/landmark_vietnam_dataset_split\train\174562\train_174562_22.jpg
train_174562_23,train,174562,Can Tho Bridge,../../data/landmark_vietnam_dataset_split\train\174562\train_174562_23.jpg
train_174562_24,train,174562,Can Tho Bridge,../../data/landmark_vietnam_dataset_split\train\174562\train_174562_24.jpg
train_174562_25,train,174562,Can Tho Bridge,../../data/landmark_vietnam_dataset_split\train\174562\train_174562_25.jpg
train_174562_26,train,174562,Can Tho Bridge,../../data/landmark_vietnam_dataset_split\train\174562\train_174562_26.jpg
train_174562_27,train,174562,Can Tho Bridge,../../data/landmark_vietnam_dataset_split\train\174562\train_174562_27.jpg
train_177220_1,train,177220,Cat Tien National Park,../../data/landmark_vietnam_dataset_split\train\177220\train_177220_1.jpg
train_177220_2,train,177220,Cat Tien National Park,../../data/landmark_vietnam_dataset_split\train\177220\train_177220_2.jpg
train_177220_3,train,177220,Cat Tien National Park,../../data/landmark_vietnam_dataset_split\train\177220\train_177220_3.jpg
train_177220_4,train,177220,Cat Tien National Park,../../data/landmark_vietnam_dataset_split\train\177220\train_177220_4.jpg
train_177220_5,train,177220,Cat Tien National Park,../../data/landmark_vietnam_dataset_split\train\177220\train_177220_5.jpg
train_177220_6,train,177220,Cat Tien National Park,../../data/landmark_vietnam_dataset_split\train\177220\train_177220_6.jpg
train_177220_7,train,177220,Cat Tien National Park,../../data/landmark_vietnam_dataset_split\train\177220\train_177220_7.jpg
train_177220_8,train,177220,Cat Tien National Park,../../data/landmark_vietnam_dataset_split\train\177220\train_177220_8.jpg
train_177220_9,train,177220,Cat Tien National Park,../../data/landmark_vietnam_dataset_split\train\177220\train_177220_9.jpg
train_177220_10,train,177220,Cat Tien National Park,../../data/landmark_vietnam_dataset_split\train\177220\train_177220_10.jpg
train_177220_11,train,177220,Cat Tien National Park,../../data/landmark_vietnam_dataset_split\train\177220\train_177220_11.jpg
train_177220_12,train,177220,Cat Tien National Park,../../data/landmark_vietnam_dataset_split\train\177220\train_177220_12.jpg
train_177220_13,train,177220,Cat Tien National Park,../../data/landmark_vietnam_dataset_split\train\177220\train_177220_13.jpg
train_177220_14,train,177220,Cat Tien National Park,../../data/landmark_vietnam_dataset_split\train\177220\train_177220_14.jpg
train_177220_15,train,177220,Cat Tien National Park,../../data/landmark_vietnam_dataset_split\train\177220\train_177220_15.jpg
train_177220_16,train,177220,Cat Tien National Park,../../data/landmark_vietnam_dataset_split\train\177220\train_177220_16.jpg
train_177220_17,train,177220,Cat Tien National Park,../../data/landmark_vietnam_dataset_split\train\177220\train_177220_17.jpg
train_177220_18,train,177220,Cat Tien National Park,../../data/landmark_vietnam_dataset_split\train\177220\train_177220_18.jpg
train_177220_19,train,177220,Cat Tien National Park,../../data/landmark_vietnam_dataset_split\train\177220\train_177220_19.jpg
train_177220_20,train,177220,Cat Tien National Park,../../data/landmark_vietnam_dataset_split\train\177220\train_177220_20.jpg
train_177220_21,train,177220,Cat Tien National Park,../../data/landmark_vietnam_dataset_split\train\177220\train_177220_21.jpg
train_178816_1,train,178816,Phu Quoc,../../data/landmark_vietnam_dataset_split\train\178816\train_178816_1.jpg
train_178816_2,train,178816,Phu Quoc,../../data/landmark_vietnam_dataset_split\train\178816\train_178816_2.jpg
train_178816_3,train,178816,Phu Quoc,../../data/landmark_vietnam_dataset_split\train\178816\train_178816_3.jpg
train_178816_4,train,178816,Phu Quoc,../../data/landmark_vietnam_dataset_split\train\178816\train_178816_4.jpg
train_178816_5,train,178816,Phu Quoc,../../data/landmark_vietnam_dataset_split\train\178816\train_178816_5.jpg
train_178816_6,train,178816,Phu Quoc,../../data/landmark_vietnam_dataset_split\train\178816\train_178816_6.jpg
train_178816_7,train,178816,Phu Quoc,../../data/landmark_vietnam_dataset_split\train\178816\train_178816_7.jpg
train_178816_8,train,178816,Phu Quoc,../../data/landmark_vietnam_dataset_split\train\178816\train_178816_8.jpg
train_178816_9,train,178816,Phu Quoc,../../data/landmark_vietnam_dataset_split\train\178816\train_178816_9.jpg
train_178816_10,train,178816,Phu Quoc,../../data/landmark_vietnam_dataset_split\train\178816\train_178816_10.jpg
train_178816_11,train,178816,Phu Quoc,../../data/landmark_vietnam_dataset_split\train\178816\train_178816_11.jpg
train_178816_12,train,178816,Phu Quoc,../../data/landmark_vietnam_dataset_split\train\178816\train_178816_12.jpg
train_178816_13,train,178816,Phu Quoc,../../data/landmark_vietnam_dataset_split\train\178816\train_178816_13.jpg
train_178816_14,train,178816,Phu Quoc,../../data/landmark_vietnam_dataset_split\train\178816\train_178816_14.jpg
train_178816_15,train,178816,Phu Quoc,../../data/landmark_vietnam_dataset_split\train\178816\train_178816_15.jpg
train_178816_16,train,178816,Phu Quoc,../../data/landmark_vietnam_dataset_split\train\178816\train_178816_16.jpg
train_178816_17,train,178816,Phu Quoc,../../data/landmark_vietnam_dataset_split\train\178816\train_178816_17.jpg
train_178816_18,train,178816,Phu Quoc,../../data/landmark_vietnam_dataset_split\train\178816\train_178816_18.jpg
train_178816_19,train,178816,Phu Quoc,../../data/landmark_vietnam_dataset_split\train\178816\train_178816_19.jpg
train_178816_20,train,178816,Phu Quoc,../../data/landmark_vietnam_dataset_split\train\178816\train_178816_20.jpg
train_178816_21,train,178816,Phu Quoc,../../data/landmark_vietnam_dataset_split\train\178816\train_178816_21.jpg
train_178816_22,train,178816,Phu Quoc,../../data/landmark_vietnam_dataset_split\train\178816\train_178816_22.jpg
train_178816_23,train,178816,Phu Quoc,../../data/landmark_vietnam_dataset_split\train\178816\train_178816_23.jpg
train_178816_24,train,178816,Phu Quoc,../../data/landmark_vietnam_dataset_split\train\178816\train_178816_24.jpg
train_179766_1,train,179766,Cù Hill,../../data/landmark_vietnam_dataset_split\train\179766\train_179766_1.jpg
train_179766_2,train,179766,Cù Hill,../../data/landmark_vietnam_dataset_split\train\179766\train_179766_2.jpg
train_179766_3,train,179766,Cù Hill,../../data/landmark_vietnam_dataset_split\train\179766\train_179766_3.jpg
train_179766_4,train,179766,Cù Hill,../../data/landmark_vietnam_dataset_split\train\179766\train_179766_4.jpg
train_179766_5,train,179766,Cù Hill,../../data/landmark_vietnam_dataset_split\train\179766\train_179766_5.jpg
train_179766_6,train,179766,Cù Hill,../../data/landmark_vietnam_dataset_split\train\179766\train_179766_6.jpg
train_179766_7,train,179766,Cù Hill,../../data/landmark_vietnam_dataset_split\train\179766\train_179766_7.jpg
train_179766_8,train,179766,Cù Hill,../../data/landmark_vietnam_dataset_split\train\179766\train_179766_8.jpg
train_179766_9,train,179766,Cù Hill,../../data/landmark_vietnam_dataset_split\train\179766\train_179766_9.jpg
train_179766_10,train,179766,Cù Hill,../../data/landmark_vietnam_dataset_split\train\179766\train_179766_10.jpg
train_179766_11,train,179766,Cù Hill,../../data/landmark_vietnam_dataset_split\train\179766\train_179766_11.jpg
train_179766_12,train,179766,Cù Hill,../../data/landmark_vietnam_dataset_split\train\179766\train_179766_12.jpg
train_179766_13,train,179766,Cù Hill,../../data/landmark_vietnam_dataset_split\train\179766\train_179766_13.jpg
train_179766_14,train,179766,Cù Hill,../../data/landmark_vietnam_dataset_split\train\179766\train_179766_14.jpg
train_179766_15,train,179766,Cù Hill,../../data/landmark_vietnam_dataset_split\train\179766\train_179766_15.jpg
train_179766_16,train,179766,Cù Hill,../../data/landmark_vietnam_dataset_split\train\179766\train_179766_16.jpg
train_179766_17,train,179766,Cù Hill,../../data/landmark_vietnam_dataset_split\train\179766\train_179766_17.jpg
train_179766_18,train,179766,Cù Hill,../../data/landmark_vietnam_dataset_split\train\179766\train_179766_18.jpg
train_179766_19,train,179766,Cù Hill,../../data/landmark_vietnam_dataset_split\train\179766\train_179766_19.jpg
train_179766_20,train,179766,Cù Hill,../../data/landmark_vietnam_dataset_split\train\179766\train_179766_20.jpg
train_179766_21,train,179766,Cù Hill,../../data/landmark_vietnam_dataset_split\train\179766\train_179766_21.jpg
train_180385_1,train,180385,Tay An Pagoda,../../data/landmark_vietnam_dataset_split\train\180385\train_180385_1.jpg
train_180385_2,train,180385,Tay An Pagoda,../../data/landmark_vietnam_dataset_split\train\180385\train_180385_2.jpg
train_180385_3,train,180385,Tay An Pagoda,../../data/landmark_vietnam_dataset_split\train\180385\train_180385_3.jpg
train_180385_4,train,180385,Tay An Pagoda,../../data/landmark_vietnam_dataset_split\train\180385\train_180385_4.jpg
train_180385_5,train,180385,Tay An Pagoda,../../data/landmark_vietnam_dataset_split\train\180385\train_180385_5.jpg
train_180385_6,train,180385,Tay An Pagoda,../../data/landmark_vietnam_dataset_split\train\180385\train_180385_6.jpg
train_180385_7,train,180385,Tay An Pagoda,../../data/landmark_vietnam_dataset_split\train\180385\train_180385_7.jpg
train_180385_8,train,180385,Tay An Pagoda,../../data/landmark_vietnam_dataset_split\train\180385\train_180385_8.jpg
train_180385_9,train,180385,Tay An Pagoda,../../data/landmark_vietnam_dataset_split\train\180385\train_180385_9.jpg
train_180385_10,train,180385,Tay An Pagoda,../../data/landmark_vietnam_dataset_split\train\180385\train_180385_10.jpg
train_180385_11,train,180385,Tay An Pagoda,../../data/landmark_vietnam_dataset_split\train\180385\train_180385_11.jpg
train_180385_12,train,180385,Tay An Pagoda,../../data/landmark_vietnam_dataset_split\train\180385\train_180385_12.jpg
train_180385_13,train,180385,Tay An Pagoda,../../data/landmark_vietnam_dataset_split\train\180385\train_180385_13.jpg
train_180385_14,train,180385,Tay An Pagoda,../../data/landmark_vietnam_dataset_split\train\180385\train_180385_14.jpg
train_180385_15,train,180385,Tay An Pagoda,../../data/landmark_vietnam_dataset_split\train\180385\train_180385_15.jpg
train_180385_16,train,180385,Tay An Pagoda,../../data/landmark_vietnam_dataset_split\train\180385\train_180385_16.jpg
train_180385_17,train,180385,Tay An Pagoda,../../data/landmark_vietnam_dataset_split\train\180385\train_180385_17.jpg
train_180385_18,train,180385,Tay An Pagoda,../../data/landmark_vietnam_dataset_split\train\180385\train_180385_18.jpg
train_180385_19,train,180385,Tay An Pagoda,../../data/landmark_vietnam_dataset_split\train\180385\train_180385_19.jpg
train_180385_20,train,180385,Tay An Pagoda,../../data/landmark_vietnam_dataset_split\train\180385\train_180385_20.jpg
train_180385_21,train,180385,Tay An Pagoda,../../data/landmark_vietnam_dataset_split\train\180385\train_180385_21.jpg
train_182673_1,train,182673,Tomb of Emperor Gia Long,../../data/landmark_vietnam_dataset_split\train\182673\train_182673_1.jpg
train_182673_2,train,182673,Tomb of Emperor Gia Long,../../data/landmark_vietnam_dataset_split\train\182673\train_182673_2.jpg
train_182673_3,train,182673,Tomb of Emperor Gia Long,../../data/landmark_vietnam_dataset_split\train\182673\train_182673_3.jpg
train_182673_4,train,182673,Tomb of Emperor Gia Long,../../data/landmark_vietnam_dataset_split\train\182673\train_182673_4.jpg
train_182673_5,train,182673,Tomb of Emperor Gia Long,../../data/landmark_vietnam_dataset_split\train\182673\train_182673_5.jpg
train_182673_6,train,182673,Tomb of Emperor Gia Long,../../data/landmark_vietnam_dataset_split\train\182673\train_182673_6.jpg
train_182673_7,train,182673,Tomb of Emperor Gia Long,../../data/landmark_vietnam_dataset_split\train\182673\train_182673_7.jpg
train_182673_8,train,182673,Tomb of Emperor Gia Long,../../data/landmark_vietnam_dataset_split\train\182673\train_182673_8.jpg
train_182673_9,train,182673,Tomb of Emperor Gia Long,../../data/landmark_vietnam_dataset_split\train\182673\train_182673_9.jpg
train_182673_10,train,182673,Tomb of Emperor Gia Long,../../data/landmark_vietnam_dataset_split\train\182673\train_182673_10.jpg
train_182673_11,train,182673,Tomb of Emperor Gia Long,../../data/landmark_vietnam_dataset_split\train\182673\train_182673_11.jpg
train_182673_12,train,182673,Tomb of Emperor Gia Long,../../data/landmark_vietnam_dataset_split\train\182673\train_182673_12.jpg
train_182673_13,train,182673,Tomb of Emperor Gia Long,../../data/landmark_vietnam_dataset_split\train\182673\train_182673_13.jpg
train_182673_14,train,182673,Tomb of Emperor Gia Long,../../data/landmark_vietnam_dataset_split\train\182673\train_182673_14.jpg
train_182673_15,train,182673,Tomb of Emperor Gia Long,../../data/landmark_vietnam_dataset_split\train\182673\train_182673_15.jpg
train_182673_16,train,182673,Tomb of Emperor Gia Long,../../data/landmark_vietnam_dataset_split\train\182673\train_182673_16.jpg
train_182673_17,train,182673,Tomb of Emperor Gia Long,../../data/landmark_vietnam_dataset_split\train\182673\train_182673_17.jpg
train_182673_18,train,182673,Tomb of Emperor Gia Long,../../data/landmark_vietnam_dataset_split\train\182673\train_182673_18.jpg
train_182673_19,train,182673,Tomb of Emperor Gia Long,../../data/landmark_vietnam_dataset_split\train\182673\train_182673_19.jpg
train_182673_20,train,182673,Tomb of Emperor Gia Long,../../data/landmark_vietnam_dataset_split\train\182673\train_182673_20.jpg
train_182673_21,train,182673,Tomb of Emperor Gia Long,../../data/landmark_vietnam_dataset_split\train\182673\train_182673_21.jpg
train_183876_1,train,183876,Con Dao Islands,../../data/landmark_vietnam_dataset_split\train\183876\train_183876_1.jpg
train_183876_2,train,183876,Con Dao Islands,../../data/landmark_vietnam_dataset_split\train\183876\train_183876_2.jpg
train_183876_3,train,183876,Con Dao Islands,../../data/landmark_vietnam_dataset_split\train\183876\train_183876_3.jpg
train_183876_4,train,183876,Con Dao Islands,../../data/landmark_vietnam_dataset_split\train\183876\train_183876_4.jpg
train_183876_5,train,183876,Con Dao Islands,../../data/landmark_vietnam_dataset_split\train\183876\train_183876_5.jpg
train_183876_6,train,183876,Con Dao Islands,../../data/landmark_vietnam_dataset_split\train\183876\train_183876_6.jpg
train_183876_7,train,183876,Con Dao Islands,../../data/landmark_vietnam_dataset_split\train\183876\train_183876_7.jpg
train_183876_8,train,183876,Con Dao Islands,../../data/landmark_vietnam_dataset_split\train\183876\train_183876_8.jpg
train_183876_9,train,183876,Con Dao Islands,../../data/landmark_vietnam_dataset_split\train\183876\train_183876_9.jpg
train_183876_10,train,183876,Con Dao Islands,../../data/landmark_vietnam_dataset_split\train\183876\train_183876_10.jpg
train_183876_11,train,183876,Con Dao Islands,../../data/landmark_vietnam_dataset_split\train\183876\train_183876_11.jpg
train_183876_12,train,183876,Con Dao Islands,../../data/landmark_vietnam_dataset_split\train\183876\train_183876_12.jpg
train_183876_13,train,183876,Con Dao Islands,../../data/landmark_vietnam_dataset_split\train\183876\train_183876_13.jpg
train_183876_14,train,183876,Con Dao Islands,../../data/landmark_vietnam_dataset_split\train\183876\train_183876_14.jpg
train_183876_15,train,183876,Con Dao Islands,../../data/landmark_vietnam_dataset_split\train\183876\train_183876_15.jpg
train_183876_16,train,183876,Con Dao Islands,../../data/landmark_vietnam_dataset_split\train\183876\train_183876_16.jpg
train_183876_17,train,183876,Con Dao Islands,../../data/landmark_vietnam_dataset_split\train\183876\train_183876_17.jpg
train_183876_18,train,183876,Con Dao Islands,../../data/landmark_vietnam_dataset_split\train\183876\train_183876_18.jpg
train_184326_1,train,184326,Ban Gioc Waterfalls,../../data/landmark_vietnam_dataset_split\train\184326\train_184326_1.jpg
train_184326_2,train,184326,Ban Gioc Waterfalls,../../data/landmark_vietnam_dataset_split\train\184326\train_184326_2.jpg
train_184326_3,train,184326,Ban Gioc Waterfalls,../../data/landmark_vietnam_dataset_split\train\184326\train_184326_3.jpg
train_184326_4,train,184326,Ban Gioc Waterfalls,../../data/landmark_vietnam_dataset_split\train\184326\train_184326_4.jpg
train_184326_5,train,184326,Ban Gioc Waterfalls,../../data/landmark_vietnam_dataset_split\train\184326\train_184326_5.jpg
train_184326_6,train,184326,Ban Gioc Waterfalls,../../data/landmark_vietnam_dataset_split\train\184326\train_184326_6.jpg
train_184326_7,train,184326,Ban Gioc Waterfalls,../../data/landmark_vietnam_dataset_split\train\184326\train_184326_7.jpg
train_184326_8,train,184326,Ban Gioc Waterfalls,../../data/landmark_vietnam_dataset_split\train\184326\train_184326_8.jpg
train_184326_9,train,184326,Ban Gioc Waterfalls,../../data/landmark_vietnam_dataset_split\train\184326\train_184326_9.jpg
train_184326_10,train,184326,Ban Gioc Waterfalls,../../data/landmark_vietnam_dataset_split\train\184326\train_184326_10.jpg
train_184326_11,train,184326,Ban Gioc Waterfalls,../../data/landmark_vietnam_dataset_split\train\184326\train_184326_11.jpg
train_184326_12,train,184326,Ban Gioc Waterfalls,../../data/landmark_vietnam_dataset_split\train\184326\train_184326_12.jpg
train_184326_13,train,184326,Ban Gioc Waterfalls,../../data/landmark_vietnam_dataset_split\train\184326\train_184326_13.jpg
train_184326_14,train,184326,Ban Gioc Waterfalls,../../data/landmark_vietnam_dataset_split\train\184326\train_184326_14.jpg
train_184326_15,train,184326,Ban Gioc Waterfalls,../../data/landmark_vietnam_dataset_split\train\184326\train_184326_15.jpg
train_184326_16,train,184326,Ban Gioc Waterfalls,../../data/landmark_vietnam_dataset_split\train\184326\train_184326_16.jpg
train_184326_17,train,184326,Ban Gioc Waterfalls,../../data/landmark_vietnam_dataset_split\train\184326\train_184326_17.jpg
train_184326_18,train,184326,Ban Gioc Waterfalls,../../data/landmark_vietnam_dataset_split\train\184326\train_184326_18.jpg
train_184326_19,train,184326,Ban Gioc Waterfalls,../../data/landmark_vietnam_dataset_split\train\184326\train_184326_19.jpg
train_184326_20,train,184326,Ban Gioc Waterfalls,../../data/landmark_vietnam_dataset_split\train\184326\train_184326_20.jpg
train_184326_21,train,184326,Ban Gioc Waterfalls,../../data/landmark_vietnam_dataset_split\train\184326\train_184326_21.jpg
train_184326_22,train,184326,Ban Gioc Waterfalls,../../data/landmark_vietnam_dataset_split\train\184326\train_184326_22.jpg
train_184326_23,train,184326,Ban Gioc Waterfalls,../../data/landmark_vietnam_dataset_split\train\184326\train_184326_23.jpg
train_184326_24,train,184326,Ban Gioc Waterfalls,../../data/landmark_vietnam_dataset_split\train\184326\train_184326_24.jpg
train_184716_1,train,184716,Ly Bat De Shrine,../../data/landmark_vietnam_dataset_split\train\184716\train_184716_1.jpg
train_184716_2,train,184716,Ly Bat De Shrine,../../data/landmark_vietnam_dataset_split\train\184716\train_184716_2.jpg
train_184716_3,train,184716,Ly Bat De Shrine,../../data/landmark_vietnam_dataset_split\train\184716\train_184716_3.jpg
train_184716_4,train,184716,Ly Bat De Shrine,../../data/landmark_vietnam_dataset_split\train\184716\train_184716_4.jpg
train_184716_5,train,184716,Ly Bat De Shrine,../../data/landmark_vietnam_dataset_split\train\184716\train_184716_5.jpg
train_184716_6,train,184716,Ly Bat De Shrine,../../data/landmark_vietnam_dataset_split\train\184716\train_184716_6.jpg
train_184716_7,train,184716,Ly Bat De Shrine,../../data/landmark_vietnam_dataset_split\train\184716\train_184716_7.jpg
train_184716_8,train,184716,Ly Bat De Shrine,../../data/landmark_vietnam_dataset_split\train\184716\train_184716_8.jpg
train_184716_9,train,184716,Ly Bat De Shrine,../../data/landmark_vietnam_dataset_split\train\184716\train_184716_9.jpg
train_184716_10,train,184716,Ly Bat De Shrine,../../data/landmark_vietnam_dataset_split\train\184716\train_184716_10.jpg
train_184716_11,train,184716,Ly Bat De Shrine,../../data/landmark_vietnam_dataset_split\train\184716\train_184716_11.jpg
train_184716_12,train,184716,Ly Bat De Shrine,../../data/landmark_vietnam_dataset_split\train\184716\train_184716_12.jpg
train_184716_13,train,184716,Ly Bat De Shrine,../../data/landmark_vietnam_dataset_split\train\184716\train_184716_13.jpg
train_184716_14,train,184716,Ly Bat De Shrine,../../data/landmark_vietnam_dataset_split\train\184716\train_184716_14.jpg
train_184716_15,train,184716,Ly Bat De Shrine,../../data/landmark_vietnam_dataset_split\train\184716\train_184716_15.jpg
train_184716_16,train,184716,Ly Bat De Shrine,../../data/landmark_vietnam_dataset_split\train\184716\train_184716_16.jpg
train_184716_17,train,184716,Ly Bat De Shrine,../../data/landmark_vietnam_dataset_split\train\184716\train_184716_17.jpg
train_184716_18,train,184716,Ly Bat De Shrine,../../data/landmark_vietnam_dataset_split\train\184716\train_184716_18.jpg
train_184716_19,train,184716,Ly Bat De Shrine,../../data/landmark_vietnam_dataset_split\train\184716\train_184716_19.jpg
train_184716_20,train,184716,Ly Bat De Shrine,../../data/landmark_vietnam_dataset_split\train\184716\train_184716_20.jpg
train_184716_21,train,184716,Ly Bat De Shrine,../../data/landmark_vietnam_dataset_split\train\184716\train_184716_21.jpg
train_184903_1,train,184903,Cổ Loa Citadel,../../data/landmark_vietnam_dataset_split\train\184903\train_184903_1.jpg
train_184903_2,train,184903,Cổ Loa Citadel,../../data/landmark_vietnam_dataset_split\train\184903\train_184903_2.jpg
train_184903_3,train,184903,Cổ Loa Citadel,../../data/landmark_vietnam_dataset_split\train\184903\train_184903_3.jpg
train_184903_4,train,184903,Cổ Loa Citadel,../../data/landmark_vietnam_dataset_split\train\184903\train_184903_4.jpg
train_184903_5,train,184903,Cổ Loa Citadel,../../data/landmark_vietnam_dataset_split\train\184903\train_184903_5.jpg
train_184903_6,train,184903,Cổ Loa Citadel,../../data/landmark_vietnam_dataset_split\train\184903\train_184903_6.jpg
train_184903_7,train,184903,Cổ Loa Citadel,../../data/landmark_vietnam_dataset_split\train\184903\train_184903_7.jpg
train_184903_8,train,184903,Cổ Loa Citadel,../../data/landmark_vietnam_dataset_split\train\184903\train_184903_8.jpg
train_184903_9,train,184903,Cổ Loa Citadel,../../data/landmark_vietnam_dataset_split\train\184903\train_184903_9.jpg
train_184903_10,train,184903,Cổ Loa Citadel,../../data/landmark_vietnam_dataset_split\train\184903\train_184903_10.jpg
train_184903_11,train,184903,Cổ Loa Citadel,../../data/landmark_vietnam_dataset_split\train\184903\train_184903_11.jpg
train_184903_12,train,184903,Cổ Loa Citadel,../../data/landmark_vietnam_dataset_split\train\184903\train_184903_12.jpg
train_184903_13,train,184903,Cổ Loa Citadel,../../data/landmark_vietnam_dataset_split\train\184903\train_184903_13.jpg
train_184903_14,train,184903,Cổ Loa Citadel,../../data/landmark_vietnam_dataset_split\train\184903\train_184903_14.jpg
train_184903_15,train,184903,Cổ Loa Citadel,../../data/landmark_vietnam_dataset_split\train\184903\train_184903_15.jpg
train_185687_1,train,185687,Saigon Times Square,../../data/landmark_vietnam_dataset_split\train\185687\train_185687_1.jpg
train_185687_2,train,185687,Saigon Times Square,../../data/landmark_vietnam_dataset_split\train\185687\train_185687_2.jpg
train_185687_3,train,185687,Saigon Times Square,../../data/landmark_vietnam_dataset_split\train\185687\train_185687_3.jpg
train_185687_4,train,185687,Saigon Times Square,../../data/landmark_vietnam_dataset_split\train\185687\train_185687_4.jpg
train_185687_5,train,185687,Saigon Times Square,../../data/landmark_vietnam_dataset_split\train\185687\train_185687_5.jpg
train_185687_6,train,185687,Saigon Times Square,../../data/landmark_vietnam_dataset_split\train\185687\train_185687_6.jpg
train_185687_7,train,185687,Saigon Times Square,../../data/landmark_vietnam_dataset_split\train\185687\train_185687_7.jpg
train_185687_8,train,185687,Saigon Times Square,../../data/landmark_vietnam_dataset_split\train\185687\train_185687_8.jpg
train_185687_9,train,185687,Saigon Times Square,../../data/landmark_vietnam_dataset_split\train\185687\train_185687_9.jpg
train_185687_10,train,185687,Saigon Times Square,../../data/landmark_vietnam_dataset_split\train\185687\train_185687_10.jpg
train_185687_11,train,185687,Saigon Times Square,../../data/landmark_vietnam_dataset_split\train\185687\train_185687_11.jpg
train_185687_12,train,185687,Saigon Times Square,../../data/landmark_vietnam_dataset_split\train\185687\train_185687_12.jpg
train_185687_13,train,185687,Saigon Times Square,../../data/landmark_vietnam_dataset_split\train\185687\train_185687_13.jpg
train_185687_14,train,185687,Saigon Times Square,../../data/landmark_vietnam_dataset_split\train\185687\train_185687_14.jpg
train_185687_15,train,185687,Saigon Times Square,../../data/landmark_vietnam_dataset_split\train\185687\train_185687_15.jpg
train_185687_16,train,185687,Saigon Times Square,../../data/landmark_vietnam_dataset_split\train\185687\train_185687_16.jpg
train_185687_17,train,185687,Saigon Times Square,../../data/landmark_vietnam_dataset_split\train\185687\train_185687_17.jpg
train_185687_18,train,185687,Saigon Times Square,../../data/landmark_vietnam_dataset_split\train\185687\train_185687_18.jpg
train_185687_19,train,185687,Saigon Times Square,../../data/landmark_vietnam_dataset_split\train\185687\train_185687_19.jpg
train_185687_20,train,185687,Saigon Times Square,../../data/landmark_vietnam_dataset_split\train\185687\train_185687_20.jpg
train_185687_21,train,185687,Saigon Times Square,../../data/landmark_vietnam_dataset_split\train\185687\train_185687_21.jpg
train_185687_22,train,185687,Saigon Times Square,../../data/landmark_vietnam_dataset_split\train\185687\train_185687_22.jpg
train_185687_23,train,185687,Saigon Times Square,../../data/landmark_vietnam_dataset_split\train\185687\train_185687_23.jpg
train_185687_24,train,185687,Saigon Times Square,../../data/landmark_vietnam_dataset_split\train\185687\train_185687_24.jpg
train_185687_25,train,185687,Saigon Times Square,../../data/landmark_vietnam_dataset_split\train\185687\train_185687_25.jpg
train_185687_26,train,185687,Saigon Times Square,../../data/landmark_vietnam_dataset_split\train\185687\train_185687_26.jpg
train_185687_27,train,185687,Saigon Times Square,../../data/landmark_vietnam_dataset_split\train\185687\train_185687_27.jpg
train_185771_1,train,185771,Hanoi Ceramic Mosaic Mural,../../data/landmark_vietnam_dataset_split\train\185771\train_185771_1.jpg
train_185771_2,train,185771,Hanoi Ceramic Mosaic Mural,../../data/landmark_vietnam_dataset_split\train\185771\train_185771_2.jpg
train_185771_3,train,185771,Hanoi Ceramic Mosaic Mural,../../data/landmark_vietnam_dataset_split\train\185771\train_185771_3.jpg
train_185771_4,train,185771,Hanoi Ceramic Mosaic Mural,../../data/landmark_vietnam_dataset_split\train\185771\train_185771_4.jpg
train_185771_5,train,185771,Hanoi Ceramic Mosaic Mural,../../data/landmark_vietnam_dataset_split\train\185771\train_185771_5.jpg
train_185771_6,train,185771,Hanoi Ceramic Mosaic Mural,../../data/landmark_vietnam_dataset_split\train\185771\train_185771_6.jpg
train_185771_7,train,185771,Hanoi Ceramic Mosaic Mural,../../data/landmark_vietnam_dataset_split\train\185771\train_185771_7.jpg
train_185771_8,train,185771,Hanoi Ceramic Mosaic Mural,../../data/landmark_vietnam_dataset_split\train\185771\train_185771_8.jpg
train_185771_9,train,185771,Hanoi Ceramic Mosaic Mural,../../data/landmark_vietnam_dataset_split\train\185771\train_185771_9.jpg
train_185771_10,train,185771,Hanoi Ceramic Mosaic Mural,../../data/landmark_vietnam_dataset_split\train\185771\train_185771_10.jpg
train_185771_11,train,185771,Hanoi Ceramic Mosaic Mural,../../data/landmark_vietnam_dataset_split\train\185771\train_185771_11.jpg
train_185771_12,train,185771,Hanoi Ceramic Mosaic Mural,../../data/landmark_vietnam_dataset_split\train\185771\train_185771_12.jpg
train_185771_13,train,185771,Hanoi Ceramic Mosaic Mural,../../data/landmark_vietnam_dataset_split\train\185771\train_185771_13.jpg
train_185771_14,train,185771,Hanoi Ceramic Mosaic Mural,../../data/landmark_vietnam_dataset_split\train\185771\train_185771_14.jpg
train_185771_15,train,185771,Hanoi Ceramic Mosaic Mural,../../data/landmark_vietnam_dataset_split\train\185771\train_185771_15.jpg
train_185771_16,train,185771,Hanoi Ceramic Mosaic Mural,../../data/landmark_vietnam_dataset_split\train\185771\train_185771_16.jpg
train_185771_17,train,185771,Hanoi Ceramic Mosaic Mural,../../data/landmark_vietnam_dataset_split\train\185771\train_185771_17.jpg
train_185771_18,train,185771,Hanoi Ceramic Mosaic Mural,../../data/landmark_vietnam_dataset_split\train\185771\train_185771_18.jpg
train_185834_1,train,185834,Po Nagar,../../data/landmark_vietnam_dataset_split\train\185834\train_185834_1.jpg
train_185834_2,train,185834,Po Nagar,../../data/landmark_vietnam_dataset_split\train\185834\train_185834_2.jpg
train_185834_3,train,185834,Po Nagar,../../data/landmark_vietnam_dataset_split\train\185834\train_185834_3.jpg
train_185834_4,train,185834,Po Nagar,../../data/landmark_vietnam_dataset_split\train\185834\train_185834_4.jpg
train_185834_5,train,185834,Po Nagar,../../data/landmark_vietnam_dataset_split\train\185834\train_185834_5.jpg
train_185834_6,train,185834,Po Nagar,../../data/landmark_vietnam_dataset_split\train\185834\train_185834_6.jpg
train_185834_7,train,185834,Po Nagar,../../data/landmark_vietnam_dataset_split\train\185834\train_185834_7.jpg
train_185834_8,train,185834,Po Nagar,../../data/landmark_vietnam_dataset_split\train\185834\train_185834_8.jpg
train_185834_9,train,185834,Po Nagar,../../data/landmark_vietnam_dataset_split\train\185834\train_185834_9.jpg
train_185834_10,train,185834,Po Nagar,../../data/landmark_vietnam_dataset_split\train\185834\train_185834_10.jpg
train_185834_11,train,185834,Po Nagar,../../data/landmark_vietnam_dataset_split\train\185834\train_185834_11.jpg
train_185834_12,train,185834,Po Nagar,../../data/landmark_vietnam_dataset_split\train\185834\train_185834_12.jpg
train_185834_13,train,185834,Po Nagar,../../data/landmark_vietnam_dataset_split\train\185834\train_185834_13.jpg
train_185834_14,train,185834,Po Nagar,../../data/landmark_vietnam_dataset_split\train\185834\train_185834_14.jpg
train_185834_15,train,185834,Po Nagar,../../data/landmark_vietnam_dataset_split\train\185834\train_185834_15.jpg
train_185834_16,train,185834,Po Nagar,../../data/landmark_vietnam_dataset_split\train\185834\train_185834_16.jpg
train_185834_17,train,185834,Po Nagar,../../data/landmark_vietnam_dataset_split\train\185834\train_185834_17.jpg
train_185834_18,train,185834,Po Nagar,../../data/landmark_vietnam_dataset_split\train\185834\train_185834_18.jpg
train_185834_19,train,185834,Po Nagar,../../data/landmark_vietnam_dataset_split\train\185834\train_185834_19.jpg
train_185834_20,train,185834,Po Nagar,../../data/landmark_vietnam_dataset_split\train\185834\train_185834_20.jpg
train_185834_21,train,185834,Po Nagar,../../data/landmark_vietnam_dataset_split\train\185834\train_185834_21.jpg
train_185834_22,train,185834,Po Nagar,../../data/landmark_vietnam_dataset_split\train\185834\train_185834_22.jpg
train_185834_23,train,185834,Po Nagar,../../data/landmark_vietnam_dataset_split\train\185834\train_185834_23.jpg
train_185834_24,train,185834,Po Nagar,../../data/landmark_vietnam_dataset_split\train\185834\train_185834_24.jpg
train_186946_1,train,186946,Hanoi Hilton,../../data/landmark_vietnam_dataset_split\train\186946\train_186946_1.jpg
train_186946_2,train,186946,Hanoi Hilton,../../data/landmark_vietnam_dataset_split\train\186946\train_186946_2.jpg
train_186946_3,train,186946,Hanoi Hilton,../../data/landmark_vietnam_dataset_split\train\186946\train_186946_3.jpg
train_186946_4,train,186946,Hanoi Hilton,../../data/landmark_vietnam_dataset_split\train\186946\train_186946_4.jpg
train_186946_5,train,186946,Hanoi Hilton,../../data/landmark_vietnam_dataset_split\train\186946\train_186946_5.jpg
train_186946_6,train,186946,Hanoi Hilton,../../data/landmark_vietnam_dataset_split\train\186946\train_186946_6.jpg
train_186946_7,train,186946,Hanoi Hilton,../../data/landmark_vietnam_dataset_split\train\186946\train_186946_7.jpg
train_186946_8,train,186946,Hanoi Hilton,../../data/landmark_vietnam_dataset_split\train\186946\train_186946_8.jpg
train_186946_9,train,186946,Hanoi Hilton,../../data/landmark_vietnam_dataset_split\train\186946\train_186946_9.jpg
train_186946_10,train,186946,Hanoi Hilton,../../data/landmark_vietnam_dataset_split\train\186946\train_186946_10.jpg
train_186946_11,train,186946,Hanoi Hilton,../../data/landmark_vietnam_dataset_split\train\186946\train_186946_11.jpg
train_186946_12,train,186946,Hanoi Hilton,../../data/landmark_vietnam_dataset_split\train\186946\train_186946_12.jpg
train_186946_13,train,186946,Hanoi Hilton,../../data/landmark_vietnam_dataset_split\train\186946\train_186946_13.jpg
train_186946_14,train,186946,Hanoi Hilton,../../data/landmark_vietnam_dataset_split\train\186946\train_186946_14.jpg
train_186946_15,train,186946,Hanoi Hilton,../../data/landmark_vietnam_dataset_split\train\186946\train_186946_15.jpg
train_186946_16,train,186946,Hanoi Hilton,../../data/landmark_vietnam_dataset_split\train\186946\train_186946_16.jpg
train_186946_17,train,186946,Hanoi Hilton,../../data/landmark_vietnam_dataset_split\train\186946\train_186946_17.jpg
train_186946_18,train,186946,Hanoi Hilton,../../data/landmark_vietnam_dataset_split\train\186946\train_186946_18.jpg
train_186946_19,train,186946,Hanoi Hilton,../../data/landmark_vietnam_dataset_split\train\186946\train_186946_19.jpg
train_186946_20,train,186946,Hanoi Hilton,../../data/landmark_vietnam_dataset_split\train\186946\train_186946_20.jpg
train_186946_21,train,186946,Hanoi Hilton,../../data/landmark_vietnam_dataset_split\train\186946\train_186946_21.jpg
train_186946_22,train,186946,Hanoi Hilton,../../data/landmark_vietnam_dataset_split\train\186946\train_186946_22.jpg
train_186946_23,train,186946,Hanoi Hilton,../../data/landmark_vietnam_dataset_split\train\186946\train_186946_23.jpg
train_186946_24,train,186946,Hanoi Hilton,../../data/landmark_vietnam_dataset_split\train\186946\train_186946_24.jpg
train_186946_25,train,186946,Hanoi Hilton,../../data/landmark_vietnam_dataset_split\train\186946\train_186946_25.jpg
train_186946_26,train,186946,Hanoi Hilton,../../data/landmark_vietnam_dataset_split\train\186946\train_186946_26.jpg
train_186946_27,train,186946,Hanoi Hilton,../../data/landmark_vietnam_dataset_split\train\186946\train_186946_27.jpg
train_18959_1,train,18959,Saint Joseph Church (Ho Chi Minh City),../../data/landmark_vietnam_dataset_split\train\18959\train_18959_1.jpg
train_18959_2,train,18959,Saint Joseph Church (Ho Chi Minh City),../../data/landmark_vietnam_dataset_split\train\18959\train_18959_2.jpg
train_18959_3,train,18959,Saint Joseph Church (Ho Chi Minh City),../../data/landmark_vietnam_dataset_split\train\18959\train_18959_3.jpg
train_18959_4,train,18959,Saint Joseph Church (Ho Chi Minh City),../../data/landmark_vietnam_dataset_split\train\18959\train_18959_4.jpg
train_18959_5,train,18959,Saint Joseph Church (Ho Chi Minh City),../../data/landmark_vietnam_dataset_split\train\18959\train_18959_5.jpg
train_18959_6,train,18959,Saint Joseph Church (Ho Chi Minh City),../../data/landmark_vietnam_dataset_split\train\18959\train_18959_6.jpg
train_18959_7,train,18959,Saint Joseph Church (Ho Chi Minh City),../../data/landmark_vietnam_dataset_split\train\18959\train_18959_7.jpg
train_18959_8,train,18959,Saint Joseph Church (Ho Chi Minh City),../../data/landmark_vietnam_dataset_split\train\18959\train_18959_8.jpg
train_18959_9,train,18959,Saint Joseph Church (Ho Chi Minh City),../../data/landmark_vietnam_dataset_split\train\18959\train_18959_9.jpg
train_18959_10,train,18959,Saint Joseph Church (Ho Chi Minh City),../../data/landmark_vietnam_dataset_split\train\18959\train_18959_10.jpg
train_18959_11,train,18959,Saint Joseph Church (Ho Chi Minh City),../../data/landmark_vietnam_dataset_split\train\18959\train_18959_11.jpg
train_18959_12,train,18959,Saint Joseph Church (Ho Chi Minh City),../../data/landmark_vietnam_dataset_split\train\18959\train_18959_12.jpg
train_18959_13,train,18959,Saint Joseph Church (Ho Chi Minh City),../../data/landmark_vietnam_dataset_split\train\18959\train_18959_13.jpg
train_18959_14,train,18959,Saint Joseph Church (Ho Chi Minh City),../../data/landmark_vietnam_dataset_split\train\18959\train_18959_14.jpg
train_18959_15,train,18959,Saint Joseph Church (Ho Chi Minh City),../../data/landmark_vietnam_dataset_split\train\18959\train_18959_15.jpg
train_18959_16,train,18959,Saint Joseph Church (Ho Chi Minh City),../../data/landmark_vietnam_dataset_split\train\18959\train_18959_16.jpg
train_18959_17,train,18959,Saint Joseph Church (Ho Chi Minh City),../../data/landmark_vietnam_dataset_split\train\18959\train_18959_17.jpg
train_18959_18,train,18959,Saint Joseph Church (Ho Chi Minh City),../../data/landmark_vietnam_dataset_split\train\18959\train_18959_18.jpg
train_18959_19,train,18959,Saint Joseph Church (Ho Chi Minh City),../../data/landmark_vietnam_dataset_split\train\18959\train_18959_19.jpg
train_18959_20,train,18959,Saint Joseph Church (Ho Chi Minh City),../../data/landmark_vietnam_dataset_split\train\18959\train_18959_20.jpg
train_18959_21,train,18959,Saint Joseph Church (Ho Chi Minh City),../../data/landmark_vietnam_dataset_split\train\18959\train_18959_21.jpg
train_189744_1,train,189744,West Lake (Hanoi),../../data/landmark_vietnam_dataset_split\train\189744\train_189744_1.jpg
train_189744_2,train,189744,West Lake (Hanoi),../../data/landmark_vietnam_dataset_split\train\189744\train_189744_2.jpg
train_189744_3,train,189744,West Lake (Hanoi),../../data/landmark_vietnam_dataset_split\train\189744\train_189744_3.jpg
train_189744_4,train,189744,West Lake (Hanoi),../../data/landmark_vietnam_dataset_split\train\189744\train_189744_4.jpg
train_189744_5,train,189744,West Lake (Hanoi),../../data/landmark_vietnam_dataset_split\train\189744\train_189744_5.jpg
train_189744_6,train,189744,West Lake (Hanoi),../../data/landmark_vietnam_dataset_split\train\189744\train_189744_6.jpg
train_189744_7,train,189744,West Lake (Hanoi),../../data/landmark_vietnam_dataset_split\train\189744\train_189744_7.jpg
train_189744_8,train,189744,West Lake (Hanoi),../../data/landmark_vietnam_dataset_split\train\189744\train_189744_8.jpg
train_189744_9,train,189744,West Lake (Hanoi),../../data/landmark_vietnam_dataset_split\train\189744\train_189744_9.jpg
train_189744_10,train,189744,West Lake (Hanoi),../../data/landmark_vietnam_dataset_split\train\189744\train_189744_10.jpg
train_189744_11,train,189744,West Lake (Hanoi),../../data/landmark_vietnam_dataset_split\train\189744\train_189744_11.jpg
train_189744_12,train,189744,West Lake (Hanoi),../../data/landmark_vietnam_dataset_split\train\189744\train_189744_12.jpg
train_189744_13,train,189744,West Lake (Hanoi),../../data/landmark_vietnam_dataset_split\train\189744\train_189744_13.jpg
train_189744_14,train,189744,West Lake (Hanoi),../../data/landmark_vietnam_dataset_split\train\189744\train_189744_14.jpg
train_189744_15,train,189744,West Lake (Hanoi),../../data/landmark_vietnam_dataset_split\train\189744\train_189744_15.jpg
train_189744_16,train,189744,West Lake (Hanoi),../../data/landmark_vietnam_dataset_split\train\189744\train_189744_16.jpg
train_189744_17,train,189744,West Lake (Hanoi),../../data/landmark_vietnam_dataset_split\train\189744\train_189744_17.jpg
train_189744_18,train,189744,West Lake (Hanoi),../../data/landmark_vietnam_dataset_split\train\189744\train_189744_18.jpg
train_189744_19,train,189744,West Lake (Hanoi),../../data/landmark_vietnam_dataset_split\train\189744\train_189744_19.jpg
train_189744_20,train,189744,West Lake (Hanoi),../../data/landmark_vietnam_dataset_split\train\189744\train_189744_20.jpg
train_189744_21,train,189744,West Lake (Hanoi),../../data/landmark_vietnam_dataset_split\train\189744\train_189744_21.jpg
train_189744_22,train,189744,West Lake (Hanoi),../../data/landmark_vietnam_dataset_split\train\189744\train_189744_22.jpg
train_189744_23,train,189744,West Lake (Hanoi),../../data/landmark_vietnam_dataset_split\train\189744\train_189744_23.jpg
train_189744_24,train,189744,West Lake (Hanoi),../../data/landmark_vietnam_dataset_split\train\189744\train_189744_24.jpg
train_189744_25,train,189744,West Lake (Hanoi),../../data/landmark_vietnam_dataset_split\train\189744\train_189744_25.jpg
train_189744_26,train,189744,West Lake (Hanoi),../../data/landmark_vietnam_dataset_split\train\189744\train_189744_26.jpg
train_189744_27,train,189744,West Lake (Hanoi),../../data/landmark_vietnam_dataset_split\train\189744\train_189744_27.jpg
train_189897_1,train,189897,Cao Dai Holy See,../../data/landmark_vietnam_dataset_split\train\189897\train_189897_1.jpg
train_189897_2,train,189897,Cao Dai Holy See,../../data/landmark_vietnam_dataset_split\train\189897\train_189897_2.jpg
train_189897_3,train,189897,Cao Dai Holy See,../../data/landmark_vietnam_dataset_split\train\189897\train_189897_3.jpg
train_189897_4,train,189897,Cao Dai Holy See,../../data/landmark_vietnam_dataset_split\train\189897\train_189897_4.jpg
train_189897_5,train,189897,Cao Dai Holy See,../../data/landmark_vietnam_dataset_split\train\189897\train_189897_5.jpg
train_189897_6,train,189897,Cao Dai Holy See,../../data/landmark_vietnam_dataset_split\train\189897\train_189897_6.jpg
train_189897_7,train,189897,Cao Dai Holy See,../../data/landmark_vietnam_dataset_split\train\189897\train_189897_7.jpg
train_189897_8,train,189897,Cao Dai Holy See,../../data/landmark_vietnam_dataset_split\train\189897\train_189897_8.jpg
train_189897_9,train,189897,Cao Dai Holy See,../../data/landmark_vietnam_dataset_split\train\189897\train_189897_9.jpg
train_189897_10,train,189897,Cao Dai Holy See,../../data/landmark_vietnam_dataset_split\train\189897\train_189897_10.jpg
train_189897_11,train,189897,Cao Dai Holy See,../../data/landmark_vietnam_dataset_split\train\189897\train_189897_11.jpg
train_189897_12,train,189897,Cao Dai Holy See,../../data/landmark_vietnam_dataset_split\train\189897\train_189897_12.jpg
train_189897_13,train,189897,Cao Dai Holy See,../../data/landmark_vietnam_dataset_split\train\189897\train_189897_13.jpg
train_189897_14,train,189897,Cao Dai Holy See,../../data/landmark_vietnam_dataset_split\train\189897\train_189897_14.jpg
train_189897_15,train,189897,Cao Dai Holy See,../../data/landmark_vietnam_dataset_split\train\189897\train_189897_15.jpg
train_189897_16,train,189897,Cao Dai Holy See,../../data/landmark_vietnam_dataset_split\train\189897\train_189897_16.jpg
train_189897_17,train,189897,Cao Dai Holy See,../../data/landmark_vietnam_dataset_split\train\189897\train_189897_17.jpg
train_189897_18,train,189897,Cao Dai Holy See,../../data/landmark_vietnam_dataset_split\train\189897\train_189897_18.jpg
train_189897_19,train,189897,Cao Dai Holy See,../../data/landmark_vietnam_dataset_split\train\189897\train_189897_19.jpg
train_189897_20,train,189897,Cao Dai Holy See,../../data/landmark_vietnam_dataset_split\train\189897\train_189897_20.jpg
train_189897_21,train,189897,Cao Dai Holy See,../../data/landmark_vietnam_dataset_split\train\189897\train_189897_21.jpg
train_19003_1,train,19003,Bến Dược Memorial Temple,../../data/landmark_vietnam_dataset_split\train\19003\train_19003_1.jpg
train_19003_2,train,19003,Bến Dược Memorial Temple,../../data/landmark_vietnam_dataset_split\train\19003\train_19003_2.jpg
train_19003_3,train,19003,Bến Dược Memorial Temple,../../data/landmark_vietnam_dataset_split\train\19003\train_19003_3.jpg
train_19003_4,train,19003,Bến Dược Memorial Temple,../../data/landmark_vietnam_dataset_split\train\19003\train_19003_4.jpg
train_19003_5,train,19003,Bến Dược Memorial Temple,../../data/landmark_vietnam_dataset_split\train\19003\train_19003_5.jpg
train_19003_6,train,19003,Bến Dược Memorial Temple,../../data/landmark_vietnam_dataset_split\train\19003\train_19003_6.jpg
train_19003_7,train,19003,Bến Dược Memorial Temple,../../data/landmark_vietnam_dataset_split\train\19003\train_19003_7.jpg
train_19003_8,train,19003,Bến Dược Memorial Temple,../../data/landmark_vietnam_dataset_split\train\19003\train_19003_8.jpg
train_19003_9,train,19003,Bến Dược Memorial Temple,../../data/landmark_vietnam_dataset_split\train\19003\train_19003_9.jpg
train_19003_10,train,19003,Bến Dược Memorial Temple,../../data/landmark_vietnam_dataset_split\train\19003\train_19003_10.jpg
train_19003_11,train,19003,Bến Dược Memorial Temple,../../data/landmark_vietnam_dataset_split\train\19003\train_19003_11.jpg
train_19003_12,train,19003,Bến Dược Memorial Temple,../../data/landmark_vietnam_dataset_split\train\19003\train_19003_12.jpg
train_19003_13,train,19003,Bến Dược Memorial Temple,../../data/landmark_vietnam_dataset_split\train\19003\train_19003_13.jpg
train_19003_14,train,19003,Bến Dược Memorial Temple,../../data/landmark_vietnam_dataset_split\train\19003\train_19003_14.jpg
train_19003_15,train,19003,Bến Dược Memorial Temple,../../data/landmark_vietnam_dataset_split\train\19003\train_19003_15.jpg
train_19003_16,train,19003,Bến Dược Memorial Temple,../../data/landmark_vietnam_dataset_split\train\19003\train_19003_16.jpg
train_19003_17,train,19003,Bến Dược Memorial Temple,../../data/landmark_vietnam_dataset_split\train\19003\train_19003_17.jpg
train_19003_18,train,19003,Bến Dược Memorial Temple,../../data/landmark_vietnam_dataset_split\train\19003\train_19003_18.jpg
train_19003_19,train,19003,Bến Dược Memorial Temple,../../data/landmark_vietnam_dataset_split\train\19003\train_19003_19.jpg
train_19003_20,train,19003,Bến Dược Memorial Temple,../../data/landmark_vietnam_dataset_split\train\19003\train_19003_20.jpg
train_19003_21,train,19003,Bến Dược Memorial Temple,../../data/landmark_vietnam_dataset_split\train\19003\train_19003_21.jpg
train_19003_22,train,19003,Bến Dược Memorial Temple,../../data/landmark_vietnam_dataset_split\train\19003\train_19003_22.jpg
train_19003_23,train,19003,Bến Dược Memorial Temple,../../data/landmark_vietnam_dataset_split\train\19003\train_19003_23.jpg
train_19003_24,train,19003,Bến Dược Memorial Temple,../../data/landmark_vietnam_dataset_split\train\19003\train_19003_24.jpg
train_19003_25,train,19003,Bến Dược Memorial Temple,../../data/landmark_vietnam_dataset_split\train\19003\train_19003_25.jpg
train_19003_26,train,19003,Bến Dược Memorial Temple,../../data/landmark_vietnam_dataset_split\train\19003\train_19003_26.jpg
train_19003_27,train,19003,Bến Dược Memorial Temple,../../data/landmark_vietnam_dataset_split\train\19003\train_19003_27.jpg
train_19003_28,train,19003,Bến Dược Memorial Temple,../../data/landmark_vietnam_dataset_split\train\19003\train_19003_28.jpg
train_19003_29,train,19003,Bến Dược Memorial Temple,../../data/landmark_vietnam_dataset_split\train\19003\train_19003_29.jpg
train_19003_30,train,19003,Bến Dược Memorial Temple,../../data/landmark_vietnam_dataset_split\train\19003\train_19003_30.jpg
train_190292_1,train,190292,Zone 5 Military Museum,../../data/landmark_vietnam_dataset_split\train\190292\train_190292_1.jpg
train_190292_2,train,190292,Zone 5 Military Museum,../../data/landmark_vietnam_dataset_split\train\190292\train_190292_2.jpg
train_190292_3,train,190292,Zone 5 Military Museum,../../data/landmark_vietnam_dataset_split\train\190292\train_190292_3.jpg
train_190292_4,train,190292,Zone 5 Military Museum,../../data/landmark_vietnam_dataset_split\train\190292\train_190292_4.jpg
train_190292_5,train,190292,Zone 5 Military Museum,../../data/landmark_vietnam_dataset_split\train\190292\train_190292_5.jpg
train_190292_6,train,190292,Zone 5 Military Museum,../../data/landmark_vietnam_dataset_split\train\190292\train_190292_6.jpg
train_190292_7,train,190292,Zone 5 Military Museum,../../data/landmark_vietnam_dataset_split\train\190292\train_190292_7.jpg
train_190292_8,train,190292,Zone 5 Military Museum,../../data/landmark_vietnam_dataset_split\train\190292\train_190292_8.jpg
train_190292_9,train,190292,Zone 5 Military Museum,../../data/landmark_vietnam_dataset_split\train\190292\train_190292_9.jpg
train_190292_10,train,190292,Zone 5 Military Museum,../../data/landmark_vietnam_dataset_split\train\190292\train_190292_10.jpg
train_190292_11,train,190292,Zone 5 Military Museum,../../data/landmark_vietnam_dataset_split\train\190292\train_190292_11.jpg
train_190292_12,train,190292,Zone 5 Military Museum,../../data/landmark_vietnam_dataset_split\train\190292\train_190292_12.jpg
train_190292_13,train,190292,Zone 5 Military Museum,../../data/landmark_vietnam_dataset_split\train\190292\train_190292_13.jpg
train_190292_14,train,190292,Zone 5 Military Museum,../../data/landmark_vietnam_dataset_split\train\190292\train_190292_14.jpg
train_190292_15,train,190292,Zone 5 Military Museum,../../data/landmark_vietnam_dataset_split\train\190292\train_190292_15.jpg
train_190292_16,train,190292,Zone 5 Military Museum,../../data/landmark_vietnam_dataset_split\train\190292\train_190292_16.jpg
train_190292_17,train,190292,Zone 5 Military Museum,../../data/landmark_vietnam_dataset_split\train\190292\train_190292_17.jpg
train_190292_18,train,190292,Zone 5 Military Museum,../../data/landmark_vietnam_dataset_split\train\190292\train_190292_18.jpg
train_190292_19,train,190292,Zone 5 Military Museum,../../data/landmark_vietnam_dataset_split\train\190292\train_190292_19.jpg
train_190292_20,train,190292,Zone 5 Military Museum,../../data/landmark_vietnam_dataset_split\train\190292\train_190292_20.jpg
train_190292_21,train,190292,Zone 5 Military Museum,../../data/landmark_vietnam_dataset_split\train\190292\train_190292_21.jpg
train_190292_22,train,190292,Zone 5 Military Museum,../../data/landmark_vietnam_dataset_split\train\190292\train_190292_22.jpg
train_190292_23,train,190292,Zone 5 Military Museum,../../data/landmark_vietnam_dataset_split\train\190292\train_190292_23.jpg
train_190292_24,train,190292,Zone 5 Military Museum,../../data/landmark_vietnam_dataset_split\train\190292\train_190292_24.jpg
train_190292_25,train,190292,Zone 5 Military Museum,../../data/landmark_vietnam_dataset_split\train\190292\train_190292_25.jpg
train_190292_26,train,190292,Zone 5 Military Museum,../../data/landmark_vietnam_dataset_split\train\190292\train_190292_26.jpg
train_190292_27,train,190292,Zone 5 Military Museum,../../data/landmark_vietnam_dataset_split\train\190292\train_190292_27.jpg
train_191801_1,train,191801,Gò Đậu Stadium,../../data/landmark_vietnam_dataset_split\train\191801\train_191801_1.jpg
train_191801_2,train,191801,Gò Đậu Stadium,../../data/landmark_vietnam_dataset_split\train\191801\train_191801_2.jpg
train_191801_3,train,191801,Gò Đậu Stadium,../../data/landmark_vietnam_dataset_split\train\191801\train_191801_3.jpg
train_191801_4,train,191801,Gò Đậu Stadium,../../data/landmark_vietnam_dataset_split\train\191801\train_191801_4.jpg
train_191801_5,train,191801,Gò Đậu Stadium,../../data/landmark_vietnam_dataset_split\train\191801\train_191801_5.jpg
train_191801_6,train,191801,Gò Đậu Stadium,../../data/landmark_vietnam_dataset_split\train\191801\train_191801_6.jpg
train_191801_7,train,191801,Gò Đậu Stadium,../../data/landmark_vietnam_dataset_split\train\191801\train_191801_7.jpg
train_191801_8,train,191801,Gò Đậu Stadium,../../data/landmark_vietnam_dataset_split\train\191801\train_191801_8.jpg
train_191801_9,train,191801,Gò Đậu Stadium,../../data/landmark_vietnam_dataset_split\train\191801\train_191801_9.jpg
train_191801_10,train,191801,Gò Đậu Stadium,../../data/landmark_vietnam_dataset_split\train\191801\train_191801_10.jpg
train_191801_11,train,191801,Gò Đậu Stadium,../../data/landmark_vietnam_dataset_split\train\191801\train_191801_11.jpg
train_191801_12,train,191801,Gò Đậu Stadium,../../data/landmark_vietnam_dataset_split\train\191801\train_191801_12.jpg
train_191801_13,train,191801,Gò Đậu Stadium,../../data/landmark_vietnam_dataset_split\train\191801\train_191801_13.jpg
train_191801_14,train,191801,Gò Đậu Stadium,../../data/landmark_vietnam_dataset_split\train\191801\train_191801_14.jpg
train_191801_15,train,191801,Gò Đậu Stadium,../../data/landmark_vietnam_dataset_split\train\191801\train_191801_15.jpg
train_191801_16,train,191801,Gò Đậu Stadium,../../data/landmark_vietnam_dataset_split\train\191801\train_191801_16.jpg
train_191801_17,train,191801,Gò Đậu Stadium,../../data/landmark_vietnam_dataset_split\train\191801\train_191801_17.jpg
train_191801_18,train,191801,Gò Đậu Stadium,../../data/landmark_vietnam_dataset_split\train\191801\train_191801_18.jpg
train_191801_19,train,191801,Gò Đậu Stadium,../../data/landmark_vietnam_dataset_split\train\191801\train_191801_19.jpg
train_191801_20,train,191801,Gò Đậu Stadium,../../data/landmark_vietnam_dataset_split\train\191801\train_191801_20.jpg
train_191801_21,train,191801,Gò Đậu Stadium,../../data/landmark_vietnam_dataset_split\train\191801\train_191801_21.jpg
train_194348_1,train,194348,Tomb of Emperor Thiệu Trị,../../data/landmark_vietnam_dataset_split\train\194348\train_194348_1.jpg
train_194348_2,train,194348,Tomb of Emperor Thiệu Trị,../../data/landmark_vietnam_dataset_split\train\194348\train_194348_2.jpg
train_194348_3,train,194348,Tomb of Emperor Thiệu Trị,../../data/landmark_vietnam_dataset_split\train\194348\train_194348_3.jpg
train_194348_4,train,194348,Tomb of Emperor Thiệu Trị,../../data/landmark_vietnam_dataset_split\train\194348\train_194348_4.jpg
train_194348_5,train,194348,Tomb of Emperor Thiệu Trị,../../data/landmark_vietnam_dataset_split\train\194348\train_194348_5.jpg
train_194348_6,train,194348,Tomb of Emperor Thiệu Trị,../../data/landmark_vietnam_dataset_split\train\194348\train_194348_6.jpg
train_194348_7,train,194348,Tomb of Emperor Thiệu Trị,../../data/landmark_vietnam_dataset_split\train\194348\train_194348_7.jpg
train_194348_8,train,194348,Tomb of Emperor Thiệu Trị,../../data/landmark_vietnam_dataset_split\train\194348\train_194348_8.jpg
train_194348_9,train,194348,Tomb of Emperor Thiệu Trị,../../data/landmark_vietnam_dataset_split\train\194348\train_194348_9.jpg
train_194954_1,train,194954,The Huc Bridge,../../data/landmark_vietnam_dataset_split\train\194954\train_194954_1.jpg
train_194954_2,train,194954,The Huc Bridge,../../data/landmark_vietnam_dataset_split\train\194954\train_194954_2.jpg
train_194954_3,train,194954,The Huc Bridge,../../data/landmark_vietnam_dataset_split\train\194954\train_194954_3.jpg
train_194954_4,train,194954,The Huc Bridge,../../data/landmark_vietnam_dataset_split\train\194954\train_194954_4.jpg
train_194954_5,train,194954,The Huc Bridge,../../data/landmark_vietnam_dataset_split\train\194954\train_194954_5.jpg
train_194954_6,train,194954,The Huc Bridge,../../data/landmark_vietnam_dataset_split\train\194954\train_194954_6.jpg
train_194954_7,train,194954,The Huc Bridge,../../data/landmark_vietnam_dataset_split\train\194954\train_194954_7.jpg
train_194954_8,train,194954,The Huc Bridge,../../data/landmark_vietnam_dataset_split\train\194954\train_194954_8.jpg
train_194954_9,train,194954,The Huc Bridge,../../data/landmark_vietnam_dataset_split\train\194954\train_194954_9.jpg
train_194954_10,train,194954,The Huc Bridge,../../data/landmark_vietnam_dataset_split\train\194954\train_194954_10.jpg
train_194954_11,train,194954,The Huc Bridge,../../data/landmark_vietnam_dataset_split\train\194954\train_194954_11.jpg
train_194954_12,train,194954,The Huc Bridge,../../data/landmark_vietnam_dataset_split\train\194954\train_194954_12.jpg
train_194954_13,train,194954,The Huc Bridge,../../data/landmark_vietnam_dataset_split\train\194954\train_194954_13.jpg
train_194954_14,train,194954,The Huc Bridge,../../data/landmark_vietnam_dataset_split\train\194954\train_194954_14.jpg
train_194954_15,train,194954,The Huc Bridge,../../data/landmark_vietnam_dataset_split\train\194954\train_194954_15.jpg
train_194954_16,train,194954,The Huc Bridge,../../data/landmark_vietnam_dataset_split\train\194954\train_194954_16.jpg
train_194954_17,train,194954,The Huc Bridge,../../data/landmark_vietnam_dataset_split\train\194954\train_194954_17.jpg
train_194954_18,train,194954,The Huc Bridge,../../data/landmark_vietnam_dataset_split\train\194954\train_194954_18.jpg
train_194954_19,train,194954,The Huc Bridge,../../data/landmark_vietnam_dataset_split\train\194954\train_194954_19.jpg
train_194954_20,train,194954,The Huc Bridge,../../data/landmark_vietnam_dataset_split\train\194954\train_194954_20.jpg
train_194954_21,train,194954,The Huc Bridge,../../data/landmark_vietnam_dataset_split\train\194954\train_194954_21.jpg
train_194954_22,train,194954,The Huc Bridge,../../data/landmark_vietnam_dataset_split\train\194954\train_194954_22.jpg
train_194954_23,train,194954,The Huc Bridge,../../data/landmark_vietnam_dataset_split\train\194954\train_194954_23.jpg
train_194954_24,train,194954,The Huc Bridge,../../data/landmark_vietnam_dataset_split\train\194954\train_194954_24.jpg
train_194954_25,train,194954,The Huc Bridge,../../data/landmark_vietnam_dataset_split\train\194954\train_194954_25.jpg
train_194954_26,train,194954,The Huc Bridge,../../data/landmark_vietnam_dataset_split\train\194954\train_194954_26.jpg
train_194954_27,train,194954,The Huc Bridge,../../data/landmark_vietnam_dataset_split\train\194954\train_194954_27.jpg
train_195083_1,train,195083,Reunification Palace,../../data/landmark_vietnam_dataset_split\train\195083\train_195083_1.jpg
train_195083_2,train,195083,Reunification Palace,../../data/landmark_vietnam_dataset_split\train\195083\train_195083_2.jpg
train_195083_3,train,195083,Reunification Palace,../../data/landmark_vietnam_dataset_split\train\195083\train_195083_3.jpg
train_195083_4,train,195083,Reunification Palace,../../data/landmark_vietnam_dataset_split\train\195083\train_195083_4.jpg
train_195083_5,train,195083,Reunification Palace,../../data/landmark_vietnam_dataset_split\train\195083\train_195083_5.jpg
train_195083_6,train,195083,Reunification Palace,../../data/landmark_vietnam_dataset_split\train\195083\train_195083_6.jpg
train_195083_7,train,195083,Reunification Palace,../../data/landmark_vietnam_dataset_split\train\195083\train_195083_7.jpg
train_195083_8,train,195083,Reunification Palace,../../data/landmark_vietnam_dataset_split\train\195083\train_195083_8.jpg
train_195083_9,train,195083,Reunification Palace,../../data/landmark_vietnam_dataset_split\train\195083\train_195083_9.jpg
train_195083_10,train,195083,Reunification Palace,../../data/landmark_vietnam_dataset_split\train\195083\train_195083_10.jpg
train_195083_11,train,195083,Reunification Palace,../../data/landmark_vietnam_dataset_split\train\195083\train_195083_11.jpg
train_195083_12,train,195083,Reunification Palace,../../data/landmark_vietnam_dataset_split\train\195083\train_195083_12.jpg
train_195083_13,train,195083,Reunification Palace,../../data/landmark_vietnam_dataset_split\train\195083\train_195083_13.jpg
train_195083_14,train,195083,Reunification Palace,../../data/landmark_vietnam_dataset_split\train\195083\train_195083_14.jpg
train_195083_15,train,195083,Reunification Palace,../../data/landmark_vietnam_dataset_split\train\195083\train_195083_15.jpg
train_195083_16,train,195083,Reunification Palace,../../data/landmark_vietnam_dataset_split\train\195083\train_195083_16.jpg
train_195083_17,train,195083,Reunification Palace,../../data/landmark_vietnam_dataset_split\train\195083\train_195083_17.jpg
train_195083_18,train,195083,Reunification Palace,../../data/landmark_vietnam_dataset_split\train\195083\train_195083_18.jpg
train_195083_19,train,195083,Reunification Palace,../../data/landmark_vietnam_dataset_split\train\195083\train_195083_19.jpg
train_195083_20,train,195083,Reunification Palace,../../data/landmark_vietnam_dataset_split\train\195083\train_195083_20.jpg
train_195083_21,train,195083,Reunification Palace,../../data/landmark_vietnam_dataset_split\train\195083\train_195083_21.jpg
train_195083_22,train,195083,Reunification Palace,../../data/landmark_vietnam_dataset_split\train\195083\train_195083_22.jpg
train_195083_23,train,195083,Reunification Palace,../../data/landmark_vietnam_dataset_split\train\195083\train_195083_23.jpg
train_195083_24,train,195083,Reunification Palace,../../data/landmark_vietnam_dataset_split\train\195083\train_195083_24.jpg
train_195083_25,train,195083,Reunification Palace,../../data/landmark_vietnam_dataset_split\train\195083\train_195083_25.jpg
train_195083_26,train,195083,Reunification Palace,../../data/landmark_vietnam_dataset_split\train\195083\train_195083_26.jpg
train_195083_27,train,195083,Reunification Palace,../../data/landmark_vietnam_dataset_split\train\195083\train_195083_27.jpg
train_19534_1,train,19534,Dam Sen Cultural Park,../../data/landmark_vietnam_dataset_split\train\19534\train_19534_1.jpg
train_19534_2,train,19534,Dam Sen Cultural Park,../../data/landmark_vietnam_dataset_split\train\19534\train_19534_2.jpg
train_19534_3,train,19534,Dam Sen Cultural Park,../../data/landmark_vietnam_dataset_split\train\19534\train_19534_3.jpg
train_19534_4,train,19534,Dam Sen Cultural Park,../../data/landmark_vietnam_dataset_split\train\19534\train_19534_4.jpg
train_19534_5,train,19534,Dam Sen Cultural Park,../../data/landmark_vietnam_dataset_split\train\19534\train_19534_5.jpg
train_19534_6,train,19534,Dam Sen Cultural Park,../../data/landmark_vietnam_dataset_split\train\19534\train_19534_6.jpg
train_19534_7,train,19534,Dam Sen Cultural Park,../../data/landmark_vietnam_dataset_split\train\19534\train_19534_7.jpg
train_19534_8,train,19534,Dam Sen Cultural Park,../../data/landmark_vietnam_dataset_split\train\19534\train_19534_8.jpg
train_19534_9,train,19534,Dam Sen Cultural Park,../../data/landmark_vietnam_dataset_split\train\19534\train_19534_9.jpg
train_19534_10,train,19534,Dam Sen Cultural Park,../../data/landmark_vietnam_dataset_split\train\19534\train_19534_10.jpg
train_19534_11,train,19534,Dam Sen Cultural Park,../../data/landmark_vietnam_dataset_split\train\19534\train_19534_11.jpg
train_19534_12,train,19534,Dam Sen Cultural Park,../../data/landmark_vietnam_dataset_split\train\19534\train_19534_12.jpg
train_19534_13,train,19534,Dam Sen Cultural Park,../../data/landmark_vietnam_dataset_split\train\19534\train_19534_13.jpg
train_19534_14,train,19534,Dam Sen Cultural Park,../../data/landmark_vietnam_dataset_split\train\19534\train_19534_14.jpg
train_19534_15,train,19534,Dam Sen Cultural Park,../../data/landmark_vietnam_dataset_split\train\19534\train_19534_15.jpg
train_19534_16,train,19534,Dam Sen Cultural Park,../../data/landmark_vietnam_dataset_split\train\19534\train_19534_16.jpg
train_19534_17,train,19534,Dam Sen Cultural Park,../../data/landmark_vietnam_dataset_split\train\19534\train_19534_17.jpg
train_19534_18,train,19534,Dam Sen Cultural Park,../../data/landmark_vietnam_dataset_split\train\19534\train_19534_18.jpg
train_195579_1,train,195579,Tà Cú,../../data/landmark_vietnam_dataset_split\train\195579\train_195579_1.jpg
train_195579_2,train,195579,Tà Cú,../../data/landmark_vietnam_dataset_split\train\195579\train_195579_2.jpg
train_195579_3,train,195579,Tà Cú,../../data/landmark_vietnam_dataset_split\train\195579\train_195579_3.jpg
train_195579_4,train,195579,Tà Cú,../../data/landmark_vietnam_dataset_split\train\195579\train_195579_4.jpg
train_195579_5,train,195579,Tà Cú,../../data/landmark_vietnam_dataset_split\train\195579\train_195579_5.jpg
train_195579_6,train,195579,Tà Cú,../../data/landmark_vietnam_dataset_split\train\195579\train_195579_6.jpg
train_195579_7,train,195579,Tà Cú,../../data/landmark_vietnam_dataset_split\train\195579\train_195579_7.jpg
train_195579_8,train,195579,Tà Cú,../../data/landmark_vietnam_dataset_split\train\195579\train_195579_8.jpg
train_195579_9,train,195579,Tà Cú,../../data/landmark_vietnam_dataset_split\train\195579\train_195579_9.jpg
train_195579_10,train,195579,Tà Cú,../../data/landmark_vietnam_dataset_split\train\195579\train_195579_10.jpg
train_195579_11,train,195579,Tà Cú,../../data/landmark_vietnam_dataset_split\train\195579\train_195579_11.jpg
train_195579_12,train,195579,Tà Cú,../../data/landmark_vietnam_dataset_split\train\195579\train_195579_12.jpg
train_195579_13,train,195579,Tà Cú,../../data/landmark_vietnam_dataset_split\train\195579\train_195579_13.jpg
train_195579_14,train,195579,Tà Cú,../../data/landmark_vietnam_dataset_split\train\195579\train_195579_14.jpg
train_195579_15,train,195579,Tà Cú,../../data/landmark_vietnam_dataset_split\train\195579\train_195579_15.jpg
train_195579_16,train,195579,Tà Cú,../../data/landmark_vietnam_dataset_split\train\195579\train_195579_16.jpg
train_195579_17,train,195579,Tà Cú,../../data/landmark_vietnam_dataset_split\train\195579\train_195579_17.jpg
train_195579_18,train,195579,Tà Cú,../../data/landmark_vietnam_dataset_split\train\195579\train_195579_18.jpg
train_195579_19,train,195579,Tà Cú,../../data/landmark_vietnam_dataset_split\train\195579\train_195579_19.jpg
train_195579_20,train,195579,Tà Cú,../../data/landmark_vietnam_dataset_split\train\195579\train_195579_20.jpg
train_195579_21,train,195579,Tà Cú,../../data/landmark_vietnam_dataset_split\train\195579\train_195579_21.jpg
train_195954_1,train,195954,Tomb of Emperor Tự Đức,../../data/landmark_vietnam_dataset_split\train\195954\train_195954_1.jpg
train_195954_2,train,195954,Tomb of Emperor Tự Đức,../../data/landmark_vietnam_dataset_split\train\195954\train_195954_2.jpg
train_195954_3,train,195954,Tomb of Emperor Tự Đức,../../data/landmark_vietnam_dataset_split\train\195954\train_195954_3.jpg
train_195954_4,train,195954,Tomb of Emperor Tự Đức,../../data/landmark_vietnam_dataset_split\train\195954\train_195954_4.jpg
train_195954_5,train,195954,Tomb of Emperor Tự Đức,../../data/landmark_vietnam_dataset_split\train\195954\train_195954_5.jpg
train_195954_6,train,195954,Tomb of Emperor Tự Đức,../../data/landmark_vietnam_dataset_split\train\195954\train_195954_6.jpg
train_195954_7,train,195954,Tomb of Emperor Tự Đức,../../data/landmark_vietnam_dataset_split\train\195954\train_195954_7.jpg
train_195954_8,train,195954,Tomb of Emperor Tự Đức,../../data/landmark_vietnam_dataset_split\train\195954\train_195954_8.jpg
train_195954_9,train,195954,Tomb of Emperor Tự Đức,../../data/landmark_vietnam_dataset_split\train\195954\train_195954_9.jpg
train_195954_10,train,195954,Tomb of Emperor Tự Đức,../../data/landmark_vietnam_dataset_split\train\195954\train_195954_10.jpg
train_195954_11,train,195954,Tomb of Emperor Tự Đức,../../data/landmark_vietnam_dataset_split\train\195954\train_195954_11.jpg
train_195954_12,train,195954,Tomb of Emperor Tự Đức,../../data/landmark_vietnam_dataset_split\train\195954\train_195954_12.jpg
train_195954_13,train,195954,Tomb of Emperor Tự Đức,../../data/landmark_vietnam_dataset_split\train\195954\train_195954_13.jpg
train_195954_14,train,195954,Tomb of Emperor Tự Đức,../../data/landmark_vietnam_dataset_split\train\195954\train_195954_14.jpg
train_195954_15,train,195954,Tomb of Emperor Tự Đức,../../data/landmark_vietnam_dataset_split\train\195954\train_195954_15.jpg
train_195954_16,train,195954,Tomb of Emperor Tự Đức,../../data/landmark_vietnam_dataset_split\train\195954\train_195954_16.jpg
train_195954_17,train,195954,Tomb of Emperor Tự Đức,../../data/landmark_vietnam_dataset_split\train\195954\train_195954_17.jpg
train_195954_18,train,195954,Tomb of Emperor Tự Đức,../../data/landmark_vietnam_dataset_split\train\195954\train_195954_18.jpg
train_195954_19,train,195954,Tomb of Emperor Tự Đức,../../data/landmark_vietnam_dataset_split\train\195954\train_195954_19.jpg
train_195954_20,train,195954,Tomb of Emperor Tự Đức,../../data/landmark_vietnam_dataset_split\train\195954\train_195954_20.jpg
train_195954_21,train,195954,Tomb of Emperor Tự Đức,../../data/landmark_vietnam_dataset_split\train\195954\train_195954_21.jpg
train_195954_22,train,195954,Tomb of Emperor Tự Đức,../../data/landmark_vietnam_dataset_split\train\195954\train_195954_22.jpg
train_195954_23,train,195954,Tomb of Emperor Tự Đức,../../data/landmark_vietnam_dataset_split\train\195954\train_195954_23.jpg
train_195954_24,train,195954,Tomb of Emperor Tự Đức,../../data/landmark_vietnam_dataset_split\train\195954\train_195954_24.jpg
train_195954_25,train,195954,Tomb of Emperor Tự Đức,../../data/landmark_vietnam_dataset_split\train\195954\train_195954_25.jpg
train_195954_26,train,195954,Tomb of Emperor Tự Đức,../../data/landmark_vietnam_dataset_split\train\195954\train_195954_26.jpg
train_195954_27,train,195954,Tomb of Emperor Tự Đức,../../data/landmark_vietnam_dataset_split\train\195954\train_195954_27.jpg
train_19621_1,train,19621,Hoa Phong Tower,../../data/landmark_vietnam_dataset_split\train\19621\train_19621_1.jpg
train_19621_2,train,19621,Hoa Phong Tower,../../data/landmark_vietnam_dataset_split\train\19621\train_19621_2.jpg
train_19621_3,train,19621,Hoa Phong Tower,../../data/landmark_vietnam_dataset_split\train\19621\train_19621_3.jpg
train_19621_4,train,19621,Hoa Phong Tower,../../data/landmark_vietnam_dataset_split\train\19621\train_19621_4.jpg
train_19621_5,train,19621,Hoa Phong Tower,../../data/landmark_vietnam_dataset_split\train\19621\train_19621_5.jpg
train_19621_6,train,19621,Hoa Phong Tower,../../data/landmark_vietnam_dataset_split\train\19621\train_19621_6.jpg
train_19621_7,train,19621,Hoa Phong Tower,../../data/landmark_vietnam_dataset_split\train\19621\train_19621_7.jpg
train_19621_8,train,19621,Hoa Phong Tower,../../data/landmark_vietnam_dataset_split\train\19621\train_19621_8.jpg
train_19621_9,train,19621,Hoa Phong Tower,../../data/landmark_vietnam_dataset_split\train\19621\train_19621_9.jpg
train_19621_10,train,19621,Hoa Phong Tower,../../data/landmark_vietnam_dataset_split\train\19621\train_19621_10.jpg
train_19621_11,train,19621,Hoa Phong Tower,../../data/landmark_vietnam_dataset_split\train\19621\train_19621_11.jpg
train_19621_12,train,19621,Hoa Phong Tower,../../data/landmark_vietnam_dataset_split\train\19621\train_19621_12.jpg
train_19621_13,train,19621,Hoa Phong Tower,../../data/landmark_vietnam_dataset_split\train\19621\train_19621_13.jpg
train_19621_14,train,19621,Hoa Phong Tower,../../data/landmark_vietnam_dataset_split\train\19621\train_19621_14.jpg
train_19621_15,train,19621,Hoa Phong Tower,../../data/landmark_vietnam_dataset_split\train\19621\train_19621_15.jpg
train_19621_16,train,19621,Hoa Phong Tower,../../data/landmark_vietnam_dataset_split\train\19621\train_19621_16.jpg
train_19621_17,train,19621,Hoa Phong Tower,../../data/landmark_vietnam_dataset_split\train\19621\train_19621_17.jpg
train_19621_18,train,19621,Hoa Phong Tower,../../data/landmark_vietnam_dataset_split\train\19621\train_19621_18.jpg
train_198060_1,train,198060,Saint Francis Xavier Church (Ho Chi Minh City),../../data/landmark_vietnam_dataset_split\train\198060\train_198060_1.jpg
train_198060_2,train,198060,Saint Francis Xavier Church (Ho Chi Minh City),../../data/landmark_vietnam_dataset_split\train\198060\train_198060_2.jpg
train_198060_3,train,198060,Saint Francis Xavier Church (Ho Chi Minh City),../../data/landmark_vietnam_dataset_split\train\198060\train_198060_3.jpg
train_198060_4,train,198060,Saint Francis Xavier Church (Ho Chi Minh City),../../data/landmark_vietnam_dataset_split\train\198060\train_198060_4.jpg
train_198060_5,train,198060,Saint Francis Xavier Church (Ho Chi Minh City),../../data/landmark_vietnam_dataset_split\train\198060\train_198060_5.jpg
train_198060_6,train,198060,Saint Francis Xavier Church (Ho Chi Minh City),../../data/landmark_vietnam_dataset_split\train\198060\train_198060_6.jpg
train_198060_7,train,198060,Saint Francis Xavier Church (Ho Chi Minh City),../../data/landmark_vietnam_dataset_split\train\198060\train_198060_7.jpg
train_198060_8,train,198060,Saint Francis Xavier Church (Ho Chi Minh City),../../data/landmark_vietnam_dataset_split\train\198060\train_198060_8.jpg
train_198060_9,train,198060,Saint Francis Xavier Church (Ho Chi Minh City),../../data/landmark_vietnam_dataset_split\train\198060\train_198060_9.jpg
train_198060_10,train,198060,Saint Francis Xavier Church (Ho Chi Minh City),../../data/landmark_vietnam_dataset_split\train\198060\train_198060_10.jpg
train_198060_11,train,198060,Saint Francis Xavier Church (Ho Chi Minh City),../../data/landmark_vietnam_dataset_split\train\198060\train_198060_11.jpg
train_198060_12,train,198060,Saint Francis Xavier Church (Ho Chi Minh City),../../data/landmark_vietnam_dataset_split\train\198060\train_198060_12.jpg
train_198060_13,train,198060,Saint Francis Xavier Church (Ho Chi Minh City),../../data/landmark_vietnam_dataset_split\train\198060\train_198060_13.jpg
train_198060_14,train,198060,Saint Francis Xavier Church (Ho Chi Minh City),../../data/landmark_vietnam_dataset_split\train\198060\train_198060_14.jpg
train_198060_15,train,198060,Saint Francis Xavier Church (Ho Chi Minh City),../../data/landmark_vietnam_dataset_split\train\198060\train_198060_15.jpg
train_198060_16,train,198060,Saint Francis Xavier Church (Ho Chi Minh City),../../data/landmark_vietnam_dataset_split\train\198060\train_198060_16.jpg
train_198060_17,train,198060,Saint Francis Xavier Church (Ho Chi Minh City),../../data/landmark_vietnam_dataset_split\train\198060\train_198060_17.jpg
train_198060_18,train,198060,Saint Francis Xavier Church (Ho Chi Minh City),../../data/landmark_vietnam_dataset_split\train\198060\train_198060_18.jpg
train_198060_19,train,198060,Saint Francis Xavier Church (Ho Chi Minh City),../../data/landmark_vietnam_dataset_split\train\198060\train_198060_19.jpg
train_198060_20,train,198060,Saint Francis Xavier Church (Ho Chi Minh City),../../data/landmark_vietnam_dataset_split\train\198060\train_198060_20.jpg
train_198060_21,train,198060,Saint Francis Xavier Church (Ho Chi Minh City),../../data/landmark_vietnam_dataset_split\train\198060\train_198060_21.jpg
train_199566_1,train,199566,Thuan Phuoc Bridge,../../data/landmark_vietnam_dataset_split\train\199566\train_199566_1.jpg
train_199566_2,train,199566,Thuan Phuoc Bridge,../../data/landmark_vietnam_dataset_split\train\199566\train_199566_2.jpg
train_199566_3,train,199566,Thuan Phuoc Bridge,../../data/landmark_vietnam_dataset_split\train\199566\train_199566_3.jpg
train_199566_4,train,199566,Thuan Phuoc Bridge,../../data/landmark_vietnam_dataset_split\train\199566\train_199566_4.jpg
train_199566_5,train,199566,Thuan Phuoc Bridge,../../data/landmark_vietnam_dataset_split\train\199566\train_199566_5.jpg
train_199566_6,train,199566,Thuan Phuoc Bridge,../../data/landmark_vietnam_dataset_split\train\199566\train_199566_6.jpg
train_199566_7,train,199566,Thuan Phuoc Bridge,../../data/landmark_vietnam_dataset_split\train\199566\train_199566_7.jpg
train_199566_8,train,199566,Thuan Phuoc Bridge,../../data/landmark_vietnam_dataset_split\train\199566\train_199566_8.jpg
train_199566_9,train,199566,Thuan Phuoc Bridge,../../data/landmark_vietnam_dataset_split\train\199566\train_199566_9.jpg
train_199566_10,train,199566,Thuan Phuoc Bridge,../../data/landmark_vietnam_dataset_split\train\199566\train_199566_10.jpg
train_199566_11,train,199566,Thuan Phuoc Bridge,../../data/landmark_vietnam_dataset_split\train\199566\train_199566_11.jpg
train_199566_12,train,199566,Thuan Phuoc Bridge,../../data/landmark_vietnam_dataset_split\train\199566\train_199566_12.jpg
train_199566_13,train,199566,Thuan Phuoc Bridge,../../data/landmark_vietnam_dataset_split\train\199566\train_199566_13.jpg
train_199566_14,train,199566,Thuan Phuoc Bridge,../../data/landmark_vietnam_dataset_split\train\199566\train_199566_14.jpg
train_199566_15,train,199566,Thuan Phuoc Bridge,../../data/landmark_vietnam_dataset_split\train\199566\train_199566_15.jpg
train_199566_16,train,199566,Thuan Phuoc Bridge,../../data/landmark_vietnam_dataset_split\train\199566\train_199566_16.jpg
train_199566_17,train,199566,Thuan Phuoc Bridge,../../data/landmark_vietnam_dataset_split\train\199566\train_199566_17.jpg
train_199566_18,train,199566,Thuan Phuoc Bridge,../../data/landmark_vietnam_dataset_split\train\199566\train_199566_18.jpg
train_199566_19,train,199566,Thuan Phuoc Bridge,../../data/landmark_vietnam_dataset_split\train\199566\train_199566_19.jpg
train_199566_20,train,199566,Thuan Phuoc Bridge,../../data/landmark_vietnam_dataset_split\train\199566\train_199566_20.jpg
train_199566_21,train,199566,Thuan Phuoc Bridge,../../data/landmark_vietnam_dataset_split\train\199566\train_199566_21.jpg
train_199566_22,train,199566,Thuan Phuoc Bridge,../../data/landmark_vietnam_dataset_split\train\199566\train_199566_22.jpg
train_199566_23,train,199566,Thuan Phuoc Bridge,../../data/landmark_vietnam_dataset_split\train\199566\train_199566_23.jpg
train_199566_24,train,199566,Thuan Phuoc Bridge,../../data/landmark_vietnam_dataset_split\train\199566\train_199566_24.jpg
train_199566_25,train,199566,Thuan Phuoc Bridge,../../data/landmark_vietnam_dataset_split\train\199566\train_199566_25.jpg
train_199566_26,train,199566,Thuan Phuoc Bridge,../../data/landmark_vietnam_dataset_split\train\199566\train_199566_26.jpg
train_199566_27,train,199566,Thuan Phuoc Bridge,../../data/landmark_vietnam_dataset_split\train\199566\train_199566_27.jpg
train_201016_1,train,201016,Valley of Love,../../data/landmark_vietnam_dataset_split\train\201016\train_201016_1.jpg
train_201016_2,train,201016,Valley of Love,../../data/landmark_vietnam_dataset_split\train\201016\train_201016_2.jpg
train_201016_3,train,201016,Valley of Love,../../data/landmark_vietnam_dataset_split\train\201016\train_201016_3.jpg
train_201016_4,train,201016,Valley of Love,../../data/landmark_vietnam_dataset_split\train\201016\train_201016_4.jpg
train_201016_5,train,201016,Valley of Love,../../data/landmark_vietnam_dataset_split\train\201016\train_201016_5.jpg
train_201016_6,train,201016,Valley of Love,../../data/landmark_vietnam_dataset_split\train\201016\train_201016_6.jpg
train_201016_7,train,201016,Valley of Love,../../data/landmark_vietnam_dataset_split\train\201016\train_201016_7.jpg
train_201016_8,train,201016,Valley of Love,../../data/landmark_vietnam_dataset_split\train\201016\train_201016_8.jpg
train_201016_9,train,201016,Valley of Love,../../data/landmark_vietnam_dataset_split\train\201016\train_201016_9.jpg
train_201016_10,train,201016,Valley of Love,../../data/landmark_vietnam_dataset_split\train\201016\train_201016_10.jpg
train_201016_11,train,201016,Valley of Love,../../data/landmark_vietnam_dataset_split\train\201016\train_201016_11.jpg
train_201016_12,train,201016,Valley of Love,../../data/landmark_vietnam_dataset_split\train\201016\train_201016_12.jpg
train_201016_13,train,201016,Valley of Love,../../data/landmark_vietnam_dataset_split\train\201016\train_201016_13.jpg
train_201016_14,train,201016,Valley of Love,../../data/landmark_vietnam_dataset_split\train\201016\train_201016_14.jpg
train_201016_15,train,201016,Valley of Love,../../data/landmark_vietnam_dataset_split\train\201016\train_201016_15.jpg
train_201016_16,train,201016,Valley of Love,../../data/landmark_vietnam_dataset_split\train\201016\train_201016_16.jpg
train_201016_17,train,201016,Valley of Love,../../data/landmark_vietnam_dataset_split\train\201016\train_201016_17.jpg
train_201016_18,train,201016,Valley of Love,../../data/landmark_vietnam_dataset_split\train\201016\train_201016_18.jpg
train_201016_19,train,201016,Valley of Love,../../data/landmark_vietnam_dataset_split\train\201016\train_201016_19.jpg
train_201016_20,train,201016,Valley of Love,../../data/landmark_vietnam_dataset_split\train\201016\train_201016_20.jpg
train_201016_21,train,201016,Valley of Love,../../data/landmark_vietnam_dataset_split\train\201016\train_201016_21.jpg
train_201016_22,train,201016,Valley of Love,../../data/landmark_vietnam_dataset_split\train\201016\train_201016_22.jpg
train_201016_23,train,201016,Valley of Love,../../data/landmark_vietnam_dataset_split\train\201016\train_201016_23.jpg
train_201016_24,train,201016,Valley of Love,../../data/landmark_vietnam_dataset_split\train\201016\train_201016_24.jpg
train_201016_25,train,201016,Valley of Love,../../data/landmark_vietnam_dataset_split\train\201016\train_201016_25.jpg
train_201016_26,train,201016,Valley of Love,../../data/landmark_vietnam_dataset_split\train\201016\train_201016_26.jpg
train_201016_27,train,201016,Valley of Love,../../data/landmark_vietnam_dataset_split\train\201016\train_201016_27.jpg
train_201016_28,train,201016,Valley of Love,../../data/landmark_vietnam_dataset_split\train\201016\train_201016_28.jpg
train_201016_29,train,201016,Valley of Love,../../data/landmark_vietnam_dataset_split\train\201016\train_201016_29.jpg
train_201016_30,train,201016,Valley of Love,../../data/landmark_vietnam_dataset_split\train\201016\train_201016_30.jpg
train_22656_1,train,22656,Hòn Dáu,../../data/landmark_vietnam_dataset_split\train\22656\train_22656_1.jpg
train_22656_2,train,22656,Hòn Dáu,../../data/landmark_vietnam_dataset_split\train\22656\train_22656_2.jpg
train_22656_3,train,22656,Hòn Dáu,../../data/landmark_vietnam_dataset_split\train\22656\train_22656_3.jpg
train_22656_4,train,22656,Hòn Dáu,../../data/landmark_vietnam_dataset_split\train\22656\train_22656_4.jpg
train_22656_5,train,22656,Hòn Dáu,../../data/landmark_vietnam_dataset_split\train\22656\train_22656_5.jpg
train_22656_6,train,22656,Hòn Dáu,../../data/landmark_vietnam_dataset_split\train\22656\train_22656_6.jpg
train_22656_7,train,22656,Hòn Dáu,../../data/landmark_vietnam_dataset_split\train\22656\train_22656_7.jpg
train_22656_8,train,22656,Hòn Dáu,../../data/landmark_vietnam_dataset_split\train\22656\train_22656_8.jpg
train_22656_9,train,22656,Hòn Dáu,../../data/landmark_vietnam_dataset_split\train\22656\train_22656_9.jpg
train_22656_10,train,22656,Hòn Dáu,../../data/landmark_vietnam_dataset_split\train\22656\train_22656_10.jpg
train_22656_11,train,22656,Hòn Dáu,../../data/landmark_vietnam_dataset_split\train\22656\train_22656_11.jpg
train_22656_12,train,22656,Hòn Dáu,../../data/landmark_vietnam_dataset_split\train\22656\train_22656_12.jpg
train_22656_13,train,22656,Hòn Dáu,../../data/landmark_vietnam_dataset_split\train\22656\train_22656_13.jpg
train_22656_14,train,22656,Hòn Dáu,../../data/landmark_vietnam_dataset_split\train\22656\train_22656_14.jpg
train_22656_15,train,22656,Hòn Dáu,../../data/landmark_vietnam_dataset_split\train\22656\train_22656_15.jpg
train_22656_16,train,22656,Hòn Dáu,../../data/landmark_vietnam_dataset_split\train\22656\train_22656_16.jpg
train_22656_17,train,22656,Hòn Dáu,../../data/landmark_vietnam_dataset_split\train\22656\train_22656_17.jpg
train_22656_18,train,22656,Hòn Dáu,../../data/landmark_vietnam_dataset_split\train\22656\train_22656_18.jpg
train_2414_1,train,2414,"St. Joseph's Cathedral, Hanoi",../../data/landmark_vietnam_dataset_split\train\2414\train_2414_1.jpg
train_2414_2,train,2414,"St. Joseph's Cathedral, Hanoi",../../data/landmark_vietnam_dataset_split\train\2414\train_2414_2.jpg
train_2414_3,train,2414,"St. Joseph's Cathedral, Hanoi",../../data/landmark_vietnam_dataset_split\train\2414\train_2414_3.jpg
train_2414_4,train,2414,"St. Joseph's Cathedral, Hanoi",../../data/landmark_vietnam_dataset_split\train\2414\train_2414_4.jpg
train_2414_5,train,2414,"St. Joseph's Cathedral, Hanoi",../../data/landmark_vietnam_dataset_split\train\2414\train_2414_5.jpg
train_2414_6,train,2414,"St. Joseph's Cathedral, Hanoi",../../data/landmark_vietnam_dataset_split\train\2414\train_2414_6.jpg
train_2414_7,train,2414,"St. Joseph's Cathedral, Hanoi",../../data/landmark_vietnam_dataset_split\train\2414\train_2414_7.jpg
train_2414_8,train,2414,"St. Joseph's Cathedral, Hanoi",../../data/landmark_vietnam_dataset_split\train\2414\train_2414_8.jpg
train_2414_9,train,2414,"St. Joseph's Cathedral, Hanoi",../../data/landmark_vietnam_dataset_split\train\2414\train_2414_9.jpg
train_2414_10,train,2414,"St. Joseph's Cathedral, Hanoi",../../data/landmark_vietnam_dataset_split\train\2414\train_2414_10.jpg
train_2414_11,train,2414,"St. Joseph's Cathedral, Hanoi",../../data/landmark_vietnam_dataset_split\train\2414\train_2414_11.jpg
train_2414_12,train,2414,"St. Joseph's Cathedral, Hanoi",../../data/landmark_vietnam_dataset_split\train\2414\train_2414_12.jpg
train_2414_13,train,2414,"St. Joseph's Cathedral, Hanoi",../../data/landmark_vietnam_dataset_split\train\2414\train_2414_13.jpg
train_2414_14,train,2414,"St. Joseph's Cathedral, Hanoi",../../data/landmark_vietnam_dataset_split\train\2414\train_2414_14.jpg
train_2414_15,train,2414,"St. Joseph's Cathedral, Hanoi",../../data/landmark_vietnam_dataset_split\train\2414\train_2414_15.jpg
train_2414_16,train,2414,"St. Joseph's Cathedral, Hanoi",../../data/landmark_vietnam_dataset_split\train\2414\train_2414_16.jpg
train_2414_17,train,2414,"St. Joseph's Cathedral, Hanoi",../../data/landmark_vietnam_dataset_split\train\2414\train_2414_17.jpg
train_2414_18,train,2414,"St. Joseph's Cathedral, Hanoi",../../data/landmark_vietnam_dataset_split\train\2414\train_2414_18.jpg
train_2414_19,train,2414,"St. Joseph's Cathedral, Hanoi",../../data/landmark_vietnam_dataset_split\train\2414\train_2414_19.jpg
train_2414_20,train,2414,"St. Joseph's Cathedral, Hanoi",../../data/landmark_vietnam_dataset_split\train\2414\train_2414_20.jpg
train_2414_21,train,2414,"St. Joseph's Cathedral, Hanoi",../../data/landmark_vietnam_dataset_split\train\2414\train_2414_21.jpg
train_24264_1,train,24264,Hall of Supreme Harmony (Citadel of Huế),../../data/landmark_vietnam_dataset_split\train\24264\train_24264_1.jpg
train_24264_2,train,24264,Hall of Supreme Harmony (Citadel of Huế),../../data/landmark_vietnam_dataset_split\train\24264\train_24264_2.jpg
train_24264_3,train,24264,Hall of Supreme Harmony (Citadel of Huế),../../data/landmark_vietnam_dataset_split\train\24264\train_24264_3.jpg
train_24264_4,train,24264,Hall of Supreme Harmony (Citadel of Huế),../../data/landmark_vietnam_dataset_split\train\24264\train_24264_4.jpg
train_24264_5,train,24264,Hall of Supreme Harmony (Citadel of Huế),../../data/landmark_vietnam_dataset_split\train\24264\train_24264_5.jpg
train_24264_6,train,24264,Hall of Supreme Harmony (Citadel of Huế),../../data/landmark_vietnam_dataset_split\train\24264\train_24264_6.jpg
train_24264_7,train,24264,Hall of Supreme Harmony (Citadel of Huế),../../data/landmark_vietnam_dataset_split\train\24264\train_24264_7.jpg
train_24264_8,train,24264,Hall of Supreme Harmony (Citadel of Huế),../../data/landmark_vietnam_dataset_split\train\24264\train_24264_8.jpg
train_24264_9,train,24264,Hall of Supreme Harmony (Citadel of Huế),../../data/landmark_vietnam_dataset_split\train\24264\train_24264_9.jpg
train_24264_10,train,24264,Hall of Supreme Harmony (Citadel of Huế),../../data/landmark_vietnam_dataset_split\train\24264\train_24264_10.jpg
train_24264_11,train,24264,Hall of Supreme Harmony (Citadel of Huế),../../data/landmark_vietnam_dataset_split\train\24264\train_24264_11.jpg
train_24264_12,train,24264,Hall of Supreme Harmony (Citadel of Huế),../../data/landmark_vietnam_dataset_split\train\24264\train_24264_12.jpg
train_24264_13,train,24264,Hall of Supreme Harmony (Citadel of Huế),../../data/landmark_vietnam_dataset_split\train\24264\train_24264_13.jpg
train_24264_14,train,24264,Hall of Supreme Harmony (Citadel of Huế),../../data/landmark_vietnam_dataset_split\train\24264\train_24264_14.jpg
train_24264_15,train,24264,Hall of Supreme Harmony (Citadel of Huế),../../data/landmark_vietnam_dataset_split\train\24264\train_24264_15.jpg
train_24264_16,train,24264,Hall of Supreme Harmony (Citadel of Huế),../../data/landmark_vietnam_dataset_split\train\24264\train_24264_16.jpg
train_24264_17,train,24264,Hall of Supreme Harmony (Citadel of Huế),../../data/landmark_vietnam_dataset_split\train\24264\train_24264_17.jpg
train_24264_18,train,24264,Hall of Supreme Harmony (Citadel of Huế),../../data/landmark_vietnam_dataset_split\train\24264\train_24264_18.jpg
train_24264_19,train,24264,Hall of Supreme Harmony (Citadel of Huế),../../data/landmark_vietnam_dataset_split\train\24264\train_24264_19.jpg
train_24264_20,train,24264,Hall of Supreme Harmony (Citadel of Huế),../../data/landmark_vietnam_dataset_split\train\24264\train_24264_20.jpg
train_24264_21,train,24264,Hall of Supreme Harmony (Citadel of Huế),../../data/landmark_vietnam_dataset_split\train\24264\train_24264_21.jpg
train_24264_22,train,24264,Hall of Supreme Harmony (Citadel of Huế),../../data/landmark_vietnam_dataset_split\train\24264\train_24264_22.jpg
train_24264_23,train,24264,Hall of Supreme Harmony (Citadel of Huế),../../data/landmark_vietnam_dataset_split\train\24264\train_24264_23.jpg
train_24264_24,train,24264,Hall of Supreme Harmony (Citadel of Huế),../../data/landmark_vietnam_dataset_split\train\24264\train_24264_24.jpg
train_25073_1,train,25073,Anh Sao Bridge,../../data/landmark_vietnam_dataset_split\train\25073\train_25073_1.jpg
train_25073_2,train,25073,Anh Sao Bridge,../../data/landmark_vietnam_dataset_split\train\25073\train_25073_2.jpg
train_25073_3,train,25073,Anh Sao Bridge,../../data/landmark_vietnam_dataset_split\train\25073\train_25073_3.jpg
train_25073_4,train,25073,Anh Sao Bridge,../../data/landmark_vietnam_dataset_split\train\25073\train_25073_4.jpg
train_25073_5,train,25073,Anh Sao Bridge,../../data/landmark_vietnam_dataset_split\train\25073\train_25073_5.jpg
train_25073_6,train,25073,Anh Sao Bridge,../../data/landmark_vietnam_dataset_split\train\25073\train_25073_6.jpg
train_25073_7,train,25073,Anh Sao Bridge,../../data/landmark_vietnam_dataset_split\train\25073\train_25073_7.jpg
train_25073_8,train,25073,Anh Sao Bridge,../../data/landmark_vietnam_dataset_split\train\25073\train_25073_8.jpg
train_25073_9,train,25073,Anh Sao Bridge,../../data/landmark_vietnam_dataset_split\train\25073\train_25073_9.jpg
train_25073_10,train,25073,Anh Sao Bridge,../../data/landmark_vietnam_dataset_split\train\25073\train_25073_10.jpg
train_25073_11,train,25073,Anh Sao Bridge,../../data/landmark_vietnam_dataset_split\train\25073\train_25073_11.jpg
train_25073_12,train,25073,Anh Sao Bridge,../../data/landmark_vietnam_dataset_split\train\25073\train_25073_12.jpg
train_25073_13,train,25073,Anh Sao Bridge,../../data/landmark_vietnam_dataset_split\train\25073\train_25073_13.jpg
train_25073_14,train,25073,Anh Sao Bridge,../../data/landmark_vietnam_dataset_split\train\25073\train_25073_14.jpg
train_25073_15,train,25073,Anh Sao Bridge,../../data/landmark_vietnam_dataset_split\train\25073\train_25073_15.jpg
train_25569_1,train,25569,Cathedral of Christ the King (Nha Trang),../../data/landmark_vietnam_dataset_split\train\25569\train_25569_1.jpg
train_25569_2,train,25569,Cathedral of Christ the King (Nha Trang),../../data/landmark_vietnam_dataset_split\train\25569\train_25569_2.jpg
train_25569_3,train,25569,Cathedral of Christ the King (Nha Trang),../../data/landmark_vietnam_dataset_split\train\25569\train_25569_3.jpg
train_25569_4,train,25569,Cathedral of Christ the King (Nha Trang),../../data/landmark_vietnam_dataset_split\train\25569\train_25569_4.jpg
train_25569_5,train,25569,Cathedral of Christ the King (Nha Trang),../../data/landmark_vietnam_dataset_split\train\25569\train_25569_5.jpg
train_25569_6,train,25569,Cathedral of Christ the King (Nha Trang),../../data/landmark_vietnam_dataset_split\train\25569\train_25569_6.jpg
train_25569_7,train,25569,Cathedral of Christ the King (Nha Trang),../../data/landmark_vietnam_dataset_split\train\25569\train_25569_7.jpg
train_25569_8,train,25569,Cathedral of Christ the King (Nha Trang),../../data/landmark_vietnam_dataset_split\train\25569\train_25569_8.jpg
train_25569_9,train,25569,Cathedral of Christ the King (Nha Trang),../../data/landmark_vietnam_dataset_split\train\25569\train_25569_9.jpg
train_25569_10,train,25569,Cathedral of Christ the King (Nha Trang),../../data/landmark_vietnam_dataset_split\train\25569\train_25569_10.jpg
train_25569_11,train,25569,Cathedral of Christ the King (Nha Trang),../../data/landmark_vietnam_dataset_split\train\25569\train_25569_11.jpg
train_25569_12,train,25569,Cathedral of Christ the King (Nha Trang),../../data/landmark_vietnam_dataset_split\train\25569\train_25569_12.jpg
train_25569_13,train,25569,Cathedral of Christ the King (Nha Trang),../../data/landmark_vietnam_dataset_split\train\25569\train_25569_13.jpg
train_25569_14,train,25569,Cathedral of Christ the King (Nha Trang),../../data/landmark_vietnam_dataset_split\train\25569\train_25569_14.jpg
train_25569_15,train,25569,Cathedral of Christ the King (Nha Trang),../../data/landmark_vietnam_dataset_split\train\25569\train_25569_15.jpg
train_25569_16,train,25569,Cathedral of Christ the King (Nha Trang),../../data/landmark_vietnam_dataset_split\train\25569\train_25569_16.jpg
train_25569_17,train,25569,Cathedral of Christ the King (Nha Trang),../../data/landmark_vietnam_dataset_split\train\25569\train_25569_17.jpg
train_25569_18,train,25569,Cathedral of Christ the King (Nha Trang),../../data/landmark_vietnam_dataset_split\train\25569\train_25569_18.jpg
train_25569_19,train,25569,Cathedral of Christ the King (Nha Trang),../../data/landmark_vietnam_dataset_split\train\25569\train_25569_19.jpg
train_25569_20,train,25569,Cathedral of Christ the King (Nha Trang),../../data/landmark_vietnam_dataset_split\train\25569\train_25569_20.jpg
train_25569_21,train,25569,Cathedral of Christ the King (Nha Trang),../../data/landmark_vietnam_dataset_split\train\25569\train_25569_21.jpg
train_25693_1,train,25693,Hai Bà Trưng Temple,../../data/landmark_vietnam_dataset_split\train\25693\train_25693_1.jpg
train_25693_2,train,25693,Hai Bà Trưng Temple,../../data/landmark_vietnam_dataset_split\train\25693\train_25693_2.jpg
train_25693_3,train,25693,Hai Bà Trưng Temple,../../data/landmark_vietnam_dataset_split\train\25693\train_25693_3.jpg
train_25693_4,train,25693,Hai Bà Trưng Temple,../../data/landmark_vietnam_dataset_split\train\25693\train_25693_4.jpg
train_25693_5,train,25693,Hai Bà Trưng Temple,../../data/landmark_vietnam_dataset_split\train\25693\train_25693_5.jpg
train_25693_6,train,25693,Hai Bà Trưng Temple,../../data/landmark_vietnam_dataset_split\train\25693\train_25693_6.jpg
train_25693_7,train,25693,Hai Bà Trưng Temple,../../data/landmark_vietnam_dataset_split\train\25693\train_25693_7.jpg
train_25693_8,train,25693,Hai Bà Trưng Temple,../../data/landmark_vietnam_dataset_split\train\25693\train_25693_8.jpg
train_25693_9,train,25693,Hai Bà Trưng Temple,../../data/landmark_vietnam_dataset_split\train\25693\train_25693_9.jpg
train_25693_10,train,25693,Hai Bà Trưng Temple,../../data/landmark_vietnam_dataset_split\train\25693\train_25693_10.jpg
train_25693_11,train,25693,Hai Bà Trưng Temple,../../data/landmark_vietnam_dataset_split\train\25693\train_25693_11.jpg
train_25693_12,train,25693,Hai Bà Trưng Temple,../../data/landmark_vietnam_dataset_split\train\25693\train_25693_12.jpg
train_25693_13,train,25693,Hai Bà Trưng Temple,../../data/landmark_vietnam_dataset_split\train\25693\train_25693_13.jpg
train_25693_14,train,25693,Hai Bà Trưng Temple,../../data/landmark_vietnam_dataset_split\train\25693\train_25693_14.jpg
train_25693_15,train,25693,Hai Bà Trưng Temple,../../data/landmark_vietnam_dataset_split\train\25693\train_25693_15.jpg
train_25693_16,train,25693,Hai Bà Trưng Temple,../../data/landmark_vietnam_dataset_split\train\25693\train_25693_16.jpg
train_25693_17,train,25693,Hai Bà Trưng Temple,../../data/landmark_vietnam_dataset_split\train\25693\train_25693_17.jpg
train_25693_18,train,25693,Hai Bà Trưng Temple,../../data/landmark_vietnam_dataset_split\train\25693\train_25693_18.jpg
train_25693_19,train,25693,Hai Bà Trưng Temple,../../data/landmark_vietnam_dataset_split\train\25693\train_25693_19.jpg
train_25693_20,train,25693,Hai Bà Trưng Temple,../../data/landmark_vietnam_dataset_split\train\25693\train_25693_20.jpg
train_25693_21,train,25693,Hai Bà Trưng Temple,../../data/landmark_vietnam_dataset_split\train\25693\train_25693_21.jpg
train_26359_1,train,26359,War Remnants Museum,../../data/landmark_vietnam_dataset_split\train\26359\train_26359_1.jpg
train_26359_2,train,26359,War Remnants Museum,../../data/landmark_vietnam_dataset_split\train\26359\train_26359_2.jpg
train_26359_3,train,26359,War Remnants Museum,../../data/landmark_vietnam_dataset_split\train\26359\train_26359_3.jpg
train_26359_4,train,26359,War Remnants Museum,../../data/landmark_vietnam_dataset_split\train\26359\train_26359_4.jpg
train_26359_5,train,26359,War Remnants Museum,../../data/landmark_vietnam_dataset_split\train\26359\train_26359_5.jpg
train_26359_6,train,26359,War Remnants Museum,../../data/landmark_vietnam_dataset_split\train\26359\train_26359_6.jpg
train_26359_7,train,26359,War Remnants Museum,../../data/landmark_vietnam_dataset_split\train\26359\train_26359_7.jpg
train_26359_8,train,26359,War Remnants Museum,../../data/landmark_vietnam_dataset_split\train\26359\train_26359_8.jpg
train_26359_9,train,26359,War Remnants Museum,../../data/landmark_vietnam_dataset_split\train\26359\train_26359_9.jpg
train_26359_10,train,26359,War Remnants Museum,../../data/landmark_vietnam_dataset_split\train\26359\train_26359_10.jpg
train_26359_11,train,26359,War Remnants Museum,../../data/landmark_vietnam_dataset_split\train\26359\train_26359_11.jpg
train_26359_12,train,26359,War Remnants Museum,../../data/landmark_vietnam_dataset_split\train\26359\train_26359_12.jpg
train_26359_13,train,26359,War Remnants Museum,../../data/landmark_vietnam_dataset_split\train\26359\train_26359_13.jpg
train_26359_14,train,26359,War Remnants Museum,../../data/landmark_vietnam_dataset_split\train\26359\train_26359_14.jpg
train_26359_15,train,26359,War Remnants Museum,../../data/landmark_vietnam_dataset_split\train\26359\train_26359_15.jpg
train_26688_1,train,26688,Gia Long Falls,../../data/landmark_vietnam_dataset_split\train\26688\train_26688_1.jpg
train_26688_2,train,26688,Gia Long Falls,../../data/landmark_vietnam_dataset_split\train\26688\train_26688_2.jpg
train_26688_3,train,26688,Gia Long Falls,../../data/landmark_vietnam_dataset_split\train\26688\train_26688_3.jpg
train_26688_4,train,26688,Gia Long Falls,../../data/landmark_vietnam_dataset_split\train\26688\train_26688_4.jpg
train_26688_5,train,26688,Gia Long Falls,../../data/landmark_vietnam_dataset_split\train\26688\train_26688_5.jpg
train_26688_6,train,26688,Gia Long Falls,../../data/landmark_vietnam_dataset_split\train\26688\train_26688_6.jpg
train_26688_7,train,26688,Gia Long Falls,../../data/landmark_vietnam_dataset_split\train\26688\train_26688_7.jpg
train_26688_8,train,26688,Gia Long Falls,../../data/landmark_vietnam_dataset_split\train\26688\train_26688_8.jpg
train_26688_9,train,26688,Gia Long Falls,../../data/landmark_vietnam_dataset_split\train\26688\train_26688_9.jpg
train_26688_10,train,26688,Gia Long Falls,../../data/landmark_vietnam_dataset_split\train\26688\train_26688_10.jpg
train_26688_11,train,26688,Gia Long Falls,../../data/landmark_vietnam_dataset_split\train\26688\train_26688_11.jpg
train_26688_12,train,26688,Gia Long Falls,../../data/landmark_vietnam_dataset_split\train\26688\train_26688_12.jpg
train_26688_13,train,26688,Gia Long Falls,../../data/landmark_vietnam_dataset_split\train\26688\train_26688_13.jpg
train_26688_14,train,26688,Gia Long Falls,../../data/landmark_vietnam_dataset_split\train\26688\train_26688_14.jpg
train_26688_15,train,26688,Gia Long Falls,../../data/landmark_vietnam_dataset_split\train\26688\train_26688_15.jpg
train_26688_16,train,26688,Gia Long Falls,../../data/landmark_vietnam_dataset_split\train\26688\train_26688_16.jpg
train_26688_17,train,26688,Gia Long Falls,../../data/landmark_vietnam_dataset_split\train\26688\train_26688_17.jpg
train_26688_18,train,26688,Gia Long Falls,../../data/landmark_vietnam_dataset_split\train\26688\train_26688_18.jpg
train_26854_1,train,26854,Huu Tiep Lake,../../data/landmark_vietnam_dataset_split\train\26854\train_26854_1.jpg
train_26854_2,train,26854,Huu Tiep Lake,../../data/landmark_vietnam_dataset_split\train\26854\train_26854_2.jpg
train_26854_3,train,26854,Huu Tiep Lake,../../data/landmark_vietnam_dataset_split\train\26854\train_26854_3.jpg
train_26854_4,train,26854,Huu Tiep Lake,../../data/landmark_vietnam_dataset_split\train\26854\train_26854_4.jpg
train_26854_5,train,26854,Huu Tiep Lake,../../data/landmark_vietnam_dataset_split\train\26854\train_26854_5.jpg
train_26854_6,train,26854,Huu Tiep Lake,../../data/landmark_vietnam_dataset_split\train\26854\train_26854_6.jpg
train_26854_7,train,26854,Huu Tiep Lake,../../data/landmark_vietnam_dataset_split\train\26854\train_26854_7.jpg
train_26854_8,train,26854,Huu Tiep Lake,../../data/landmark_vietnam_dataset_split\train\26854\train_26854_8.jpg
train_26854_9,train,26854,Huu Tiep Lake,../../data/landmark_vietnam_dataset_split\train\26854\train_26854_9.jpg
train_26854_10,train,26854,Huu Tiep Lake,../../data/landmark_vietnam_dataset_split\train\26854\train_26854_10.jpg
train_26854_11,train,26854,Huu Tiep Lake,../../data/landmark_vietnam_dataset_split\train\26854\train_26854_11.jpg
train_26854_12,train,26854,Huu Tiep Lake,../../data/landmark_vietnam_dataset_split\train\26854\train_26854_12.jpg
train_26854_13,train,26854,Huu Tiep Lake,../../data/landmark_vietnam_dataset_split\train\26854\train_26854_13.jpg
train_26854_14,train,26854,Huu Tiep Lake,../../data/landmark_vietnam_dataset_split\train\26854\train_26854_14.jpg
train_26854_15,train,26854,Huu Tiep Lake,../../data/landmark_vietnam_dataset_split\train\26854\train_26854_15.jpg
train_26854_16,train,26854,Huu Tiep Lake,../../data/landmark_vietnam_dataset_split\train\26854\train_26854_16.jpg
train_26854_17,train,26854,Huu Tiep Lake,../../data/landmark_vietnam_dataset_split\train\26854\train_26854_17.jpg
train_26854_18,train,26854,Huu Tiep Lake,../../data/landmark_vietnam_dataset_split\train\26854\train_26854_18.jpg
train_26854_19,train,26854,Huu Tiep Lake,../../data/landmark_vietnam_dataset_split\train\26854\train_26854_19.jpg
train_26854_20,train,26854,Huu Tiep Lake,../../data/landmark_vietnam_dataset_split\train\26854\train_26854_20.jpg
train_26854_21,train,26854,Huu Tiep Lake,../../data/landmark_vietnam_dataset_split\train\26854\train_26854_21.jpg
train_26854_22,train,26854,Huu Tiep Lake,../../data/landmark_vietnam_dataset_split\train\26854\train_26854_22.jpg
train_26854_23,train,26854,Huu Tiep Lake,../../data/landmark_vietnam_dataset_split\train\26854\train_26854_23.jpg
train_26854_24,train,26854,Huu Tiep Lake,../../data/landmark_vietnam_dataset_split\train\26854\train_26854_24.jpg
train_27048_1,train,27048,Museum of Vietnamese History,../../data/landmark_vietnam_dataset_split\train\27048\train_27048_1.jpg
train_27048_2,train,27048,Museum of Vietnamese History,../../data/landmark_vietnam_dataset_split\train\27048\train_27048_2.jpg
train_27048_3,train,27048,Museum of Vietnamese History,../../data/landmark_vietnam_dataset_split\train\27048\train_27048_3.jpg
train_27048_4,train,27048,Museum of Vietnamese History,../../data/landmark_vietnam_dataset_split\train\27048\train_27048_4.jpg
train_27048_5,train,27048,Museum of Vietnamese History,../../data/landmark_vietnam_dataset_split\train\27048\train_27048_5.jpg
train_27048_6,train,27048,Museum of Vietnamese History,../../data/landmark_vietnam_dataset_split\train\27048\train_27048_6.jpg
train_27048_7,train,27048,Museum of Vietnamese History,../../data/landmark_vietnam_dataset_split\train\27048\train_27048_7.jpg
train_27048_8,train,27048,Museum of Vietnamese History,../../data/landmark_vietnam_dataset_split\train\27048\train_27048_8.jpg
train_27048_9,train,27048,Museum of Vietnamese History,../../data/landmark_vietnam_dataset_split\train\27048\train_27048_9.jpg
train_27048_10,train,27048,Museum of Vietnamese History,../../data/landmark_vietnam_dataset_split\train\27048\train_27048_10.jpg
train_27048_11,train,27048,Museum of Vietnamese History,../../data/landmark_vietnam_dataset_split\train\27048\train_27048_11.jpg
train_27048_12,train,27048,Museum of Vietnamese History,../../data/landmark_vietnam_dataset_split\train\27048\train_27048_12.jpg
train_27048_13,train,27048,Museum of Vietnamese History,../../data/landmark_vietnam_dataset_split\train\27048\train_27048_13.jpg
train_27048_14,train,27048,Museum of Vietnamese History,../../data/landmark_vietnam_dataset_split\train\27048\train_27048_14.jpg
train_27048_15,train,27048,Museum of Vietnamese History,../../data/landmark_vietnam_dataset_split\train\27048\train_27048_15.jpg
train_27048_16,train,27048,Museum of Vietnamese History,../../data/landmark_vietnam_dataset_split\train\27048\train_27048_16.jpg
train_27048_17,train,27048,Museum of Vietnamese History,../../data/landmark_vietnam_dataset_split\train\27048\train_27048_17.jpg
train_27048_18,train,27048,Museum of Vietnamese History,../../data/landmark_vietnam_dataset_split\train\27048\train_27048_18.jpg
train_27048_19,train,27048,Museum of Vietnamese History,../../data/landmark_vietnam_dataset_split\train\27048\train_27048_19.jpg
train_27048_20,train,27048,Museum of Vietnamese History,../../data/landmark_vietnam_dataset_split\train\27048\train_27048_20.jpg
train_27048_21,train,27048,Museum of Vietnamese History,../../data/landmark_vietnam_dataset_split\train\27048\train_27048_21.jpg
train_27605_1,train,27605,Datanla Waterfall,../../data/landmark_vietnam_dataset_split\train\27605\train_27605_1.jpg
train_27605_2,train,27605,Datanla Waterfall,../../data/landmark_vietnam_dataset_split\train\27605\train_27605_2.jpg
train_27605_3,train,27605,Datanla Waterfall,../../data/landmark_vietnam_dataset_split\train\27605\train_27605_3.jpg
train_27605_4,train,27605,Datanla Waterfall,../../data/landmark_vietnam_dataset_split\train\27605\train_27605_4.jpg
train_27605_5,train,27605,Datanla Waterfall,../../data/landmark_vietnam_dataset_split\train\27605\train_27605_5.jpg
train_27605_6,train,27605,Datanla Waterfall,../../data/landmark_vietnam_dataset_split\train\27605\train_27605_6.jpg
train_27605_7,train,27605,Datanla Waterfall,../../data/landmark_vietnam_dataset_split\train\27605\train_27605_7.jpg
train_27605_8,train,27605,Datanla Waterfall,../../data/landmark_vietnam_dataset_split\train\27605\train_27605_8.jpg
train_27605_9,train,27605,Datanla Waterfall,../../data/landmark_vietnam_dataset_split\train\27605\train_27605_9.jpg
train_27605_10,train,27605,Datanla Waterfall,../../data/landmark_vietnam_dataset_split\train\27605\train_27605_10.jpg
train_27605_11,train,27605,Datanla Waterfall,../../data/landmark_vietnam_dataset_split\train\27605\train_27605_11.jpg
train_27605_12,train,27605,Datanla Waterfall,../../data/landmark_vietnam_dataset_split\train\27605\train_27605_12.jpg
train_27605_13,train,27605,Datanla Waterfall,../../data/landmark_vietnam_dataset_split\train\27605\train_27605_13.jpg
train_27605_14,train,27605,Datanla Waterfall,../../data/landmark_vietnam_dataset_split\train\27605\train_27605_14.jpg
train_27605_15,train,27605,Datanla Waterfall,../../data/landmark_vietnam_dataset_split\train\27605\train_27605_15.jpg
train_27605_16,train,27605,Datanla Waterfall,../../data/landmark_vietnam_dataset_split\train\27605\train_27605_16.jpg
train_27605_17,train,27605,Datanla Waterfall,../../data/landmark_vietnam_dataset_split\train\27605\train_27605_17.jpg
train_27605_18,train,27605,Datanla Waterfall,../../data/landmark_vietnam_dataset_split\train\27605\train_27605_18.jpg
train_27605_19,train,27605,Datanla Waterfall,../../data/landmark_vietnam_dataset_split\train\27605\train_27605_19.jpg
train_27605_20,train,27605,Datanla Waterfall,../../data/landmark_vietnam_dataset_split\train\27605\train_27605_20.jpg
train_27605_21,train,27605,Datanla Waterfall,../../data/landmark_vietnam_dataset_split\train\27605\train_27605_21.jpg
train_27605_22,train,27605,Datanla Waterfall,../../data/landmark_vietnam_dataset_split\train\27605\train_27605_22.jpg
train_27605_23,train,27605,Datanla Waterfall,../../data/landmark_vietnam_dataset_split\train\27605\train_27605_23.jpg
train_27605_24,train,27605,Datanla Waterfall,../../data/landmark_vietnam_dataset_split\train\27605\train_27605_24.jpg
train_27605_25,train,27605,Datanla Waterfall,../../data/landmark_vietnam_dataset_split\train\27605\train_27605_25.jpg
train_27605_26,train,27605,Datanla Waterfall,../../data/landmark_vietnam_dataset_split\train\27605\train_27605_26.jpg
train_27605_27,train,27605,Datanla Waterfall,../../data/landmark_vietnam_dataset_split\train\27605\train_27605_27.jpg
train_2809_1,train,2809,Xuan Thuy National Park,../../data/landmark_vietnam_dataset_split\train\2809\train_2809_1.jpg
train_2809_2,train,2809,Xuan Thuy National Park,../../data/landmark_vietnam_dataset_split\train\2809\train_2809_2.jpg
train_2809_3,train,2809,Xuan Thuy National Park,../../data/landmark_vietnam_dataset_split\train\2809\train_2809_3.jpg
train_2809_4,train,2809,Xuan Thuy National Park,../../data/landmark_vietnam_dataset_split\train\2809\train_2809_4.jpg
train_2809_5,train,2809,Xuan Thuy National Park,../../data/landmark_vietnam_dataset_split\train\2809\train_2809_5.jpg
train_2809_6,train,2809,Xuan Thuy National Park,../../data/landmark_vietnam_dataset_split\train\2809\train_2809_6.jpg
train_2809_7,train,2809,Xuan Thuy National Park,../../data/landmark_vietnam_dataset_split\train\2809\train_2809_7.jpg
train_2809_8,train,2809,Xuan Thuy National Park,../../data/landmark_vietnam_dataset_split\train\2809\train_2809_8.jpg
train_2809_9,train,2809,Xuan Thuy National Park,../../data/landmark_vietnam_dataset_split\train\2809\train_2809_9.jpg
train_2809_10,train,2809,Xuan Thuy National Park,../../data/landmark_vietnam_dataset_split\train\2809\train_2809_10.jpg
train_2809_11,train,2809,Xuan Thuy National Park,../../data/landmark_vietnam_dataset_split\train\2809\train_2809_11.jpg
train_2809_12,train,2809,Xuan Thuy National Park,../../data/landmark_vietnam_dataset_split\train\2809\train_2809_12.jpg
train_2809_13,train,2809,Xuan Thuy National Park,../../data/landmark_vietnam_dataset_split\train\2809\train_2809_13.jpg
train_2809_14,train,2809,Xuan Thuy National Park,../../data/landmark_vietnam_dataset_split\train\2809\train_2809_14.jpg
train_2809_15,train,2809,Xuan Thuy National Park,../../data/landmark_vietnam_dataset_split\train\2809\train_2809_15.jpg
train_2809_16,train,2809,Xuan Thuy National Park,../../data/landmark_vietnam_dataset_split\train\2809\train_2809_16.jpg
train_2809_17,train,2809,Xuan Thuy National Park,../../data/landmark_vietnam_dataset_split\train\2809\train_2809_17.jpg
train_2809_18,train,2809,Xuan Thuy National Park,../../data/landmark_vietnam_dataset_split\train\2809\train_2809_18.jpg
train_2809_19,train,2809,Xuan Thuy National Park,../../data/landmark_vietnam_dataset_split\train\2809\train_2809_19.jpg
train_2809_20,train,2809,Xuan Thuy National Park,../../data/landmark_vietnam_dataset_split\train\2809\train_2809_20.jpg
train_2809_21,train,2809,Xuan Thuy National Park,../../data/landmark_vietnam_dataset_split\train\2809\train_2809_21.jpg
train_29884_1,train,29884,Bobla Waterfall,../../data/landmark_vietnam_dataset_split\train\29884\train_29884_1.jpg
train_29884_2,train,29884,Bobla Waterfall,../../data/landmark_vietnam_dataset_split\train\29884\train_29884_2.jpg
train_29884_3,train,29884,Bobla Waterfall,../../data/landmark_vietnam_dataset_split\train\29884\train_29884_3.jpg
train_29884_4,train,29884,Bobla Waterfall,../../data/landmark_vietnam_dataset_split\train\29884\train_29884_4.jpg
train_29884_5,train,29884,Bobla Waterfall,../../data/landmark_vietnam_dataset_split\train\29884\train_29884_5.jpg
train_29884_6,train,29884,Bobla Waterfall,../../data/landmark_vietnam_dataset_split\train\29884\train_29884_6.jpg
train_29884_7,train,29884,Bobla Waterfall,../../data/landmark_vietnam_dataset_split\train\29884\train_29884_7.jpg
train_29884_8,train,29884,Bobla Waterfall,../../data/landmark_vietnam_dataset_split\train\29884\train_29884_8.jpg
train_29884_9,train,29884,Bobla Waterfall,../../data/landmark_vietnam_dataset_split\train\29884\train_29884_9.jpg
train_29884_10,train,29884,Bobla Waterfall,../../data/landmark_vietnam_dataset_split\train\29884\train_29884_10.jpg
train_29884_11,train,29884,Bobla Waterfall,../../data/landmark_vietnam_dataset_split\train\29884\train_29884_11.jpg
train_29884_12,train,29884,Bobla Waterfall,../../data/landmark_vietnam_dataset_split\train\29884\train_29884_12.jpg
train_29884_13,train,29884,Bobla Waterfall,../../data/landmark_vietnam_dataset_split\train\29884\train_29884_13.jpg
train_29884_14,train,29884,Bobla Waterfall,../../data/landmark_vietnam_dataset_split\train\29884\train_29884_14.jpg
train_29884_15,train,29884,Bobla Waterfall,../../data/landmark_vietnam_dataset_split\train\29884\train_29884_15.jpg
train_29884_16,train,29884,Bobla Waterfall,../../data/landmark_vietnam_dataset_split\train\29884\train_29884_16.jpg
train_29884_17,train,29884,Bobla Waterfall,../../data/landmark_vietnam_dataset_split\train\29884\train_29884_17.jpg
train_29884_18,train,29884,Bobla Waterfall,../../data/landmark_vietnam_dataset_split\train\29884\train_29884_18.jpg
train_29884_19,train,29884,Bobla Waterfall,../../data/landmark_vietnam_dataset_split\train\29884\train_29884_19.jpg
train_29884_20,train,29884,Bobla Waterfall,../../data/landmark_vietnam_dataset_split\train\29884\train_29884_20.jpg
train_29884_21,train,29884,Bobla Waterfall,../../data/landmark_vietnam_dataset_split\train\29884\train_29884_21.jpg
train_30807_1,train,30807,Chuong Duong Bridge,../../data/landmark_vietnam_dataset_split\train\30807\train_30807_1.jpg
train_30807_2,train,30807,Chuong Duong Bridge,../../data/landmark_vietnam_dataset_split\train\30807\train_30807_2.jpg
train_30807_3,train,30807,Chuong Duong Bridge,../../data/landmark_vietnam_dataset_split\train\30807\train_30807_3.jpg
train_30807_4,train,30807,Chuong Duong Bridge,../../data/landmark_vietnam_dataset_split\train\30807\train_30807_4.jpg
train_30807_5,train,30807,Chuong Duong Bridge,../../data/landmark_vietnam_dataset_split\train\30807\train_30807_5.jpg
train_30807_6,train,30807,Chuong Duong Bridge,../../data/landmark_vietnam_dataset_split\train\30807\train_30807_6.jpg
train_30807_7,train,30807,Chuong Duong Bridge,../../data/landmark_vietnam_dataset_split\train\30807\train_30807_7.jpg
train_30807_8,train,30807,Chuong Duong Bridge,../../data/landmark_vietnam_dataset_split\train\30807\train_30807_8.jpg
train_30807_9,train,30807,Chuong Duong Bridge,../../data/landmark_vietnam_dataset_split\train\30807\train_30807_9.jpg
train_30807_10,train,30807,Chuong Duong Bridge,../../data/landmark_vietnam_dataset_split\train\30807\train_30807_10.jpg
train_30807_11,train,30807,Chuong Duong Bridge,../../data/landmark_vietnam_dataset_split\train\30807\train_30807_11.jpg
train_30807_12,train,30807,Chuong Duong Bridge,../../data/landmark_vietnam_dataset_split\train\30807\train_30807_12.jpg
train_30807_13,train,30807,Chuong Duong Bridge,../../data/landmark_vietnam_dataset_split\train\30807\train_30807_13.jpg
train_30807_14,train,30807,Chuong Duong Bridge,../../data/landmark_vietnam_dataset_split\train\30807\train_30807_14.jpg
train_30807_15,train,30807,Chuong Duong Bridge,../../data/landmark_vietnam_dataset_split\train\30807\train_30807_15.jpg
train_30807_16,train,30807,Chuong Duong Bridge,../../data/landmark_vietnam_dataset_split\train\30807\train_30807_16.jpg
train_30807_17,train,30807,Chuong Duong Bridge,../../data/landmark_vietnam_dataset_split\train\30807\train_30807_17.jpg
train_30807_18,train,30807,Chuong Duong Bridge,../../data/landmark_vietnam_dataset_split\train\30807\train_30807_18.jpg
train_30807_19,train,30807,Chuong Duong Bridge,../../data/landmark_vietnam_dataset_split\train\30807\train_30807_19.jpg
train_30807_20,train,30807,Chuong Duong Bridge,../../data/landmark_vietnam_dataset_split\train\30807\train_30807_20.jpg
train_30807_21,train,30807,Chuong Duong Bridge,../../data/landmark_vietnam_dataset_split\train\30807\train_30807_21.jpg
train_3113_1,train,3113,Van Hanh Zen Monastery,../../data/landmark_vietnam_dataset_split\train\3113\train_3113_1.jpg
train_3113_2,train,3113,Van Hanh Zen Monastery,../../data/landmark_vietnam_dataset_split\train\3113\train_3113_2.jpg
train_3113_3,train,3113,Van Hanh Zen Monastery,../../data/landmark_vietnam_dataset_split\train\3113\train_3113_3.jpg
train_3113_4,train,3113,Van Hanh Zen Monastery,../../data/landmark_vietnam_dataset_split\train\3113\train_3113_4.jpg
train_3113_5,train,3113,Van Hanh Zen Monastery,../../data/landmark_vietnam_dataset_split\train\3113\train_3113_5.jpg
train_3113_6,train,3113,Van Hanh Zen Monastery,../../data/landmark_vietnam_dataset_split\train\3113\train_3113_6.jpg
train_3113_7,train,3113,Van Hanh Zen Monastery,../../data/landmark_vietnam_dataset_split\train\3113\train_3113_7.jpg
train_3113_8,train,3113,Van Hanh Zen Monastery,../../data/landmark_vietnam_dataset_split\train\3113\train_3113_8.jpg
train_3113_9,train,3113,Van Hanh Zen Monastery,../../data/landmark_vietnam_dataset_split\train\3113\train_3113_9.jpg
train_3113_10,train,3113,Van Hanh Zen Monastery,../../data/landmark_vietnam_dataset_split\train\3113\train_3113_10.jpg
train_3113_11,train,3113,Van Hanh Zen Monastery,../../data/landmark_vietnam_dataset_split\train\3113\train_3113_11.jpg
train_3113_12,train,3113,Van Hanh Zen Monastery,../../data/landmark_vietnam_dataset_split\train\3113\train_3113_12.jpg
train_3113_13,train,3113,Van Hanh Zen Monastery,../../data/landmark_vietnam_dataset_split\train\3113\train_3113_13.jpg
train_3113_14,train,3113,Van Hanh Zen Monastery,../../data/landmark_vietnam_dataset_split\train\3113\train_3113_14.jpg
train_3113_15,train,3113,Van Hanh Zen Monastery,../../data/landmark_vietnam_dataset_split\train\3113\train_3113_15.jpg
train_3113_16,train,3113,Van Hanh Zen Monastery,../../data/landmark_vietnam_dataset_split\train\3113\train_3113_16.jpg
train_3113_17,train,3113,Van Hanh Zen Monastery,../../data/landmark_vietnam_dataset_split\train\3113\train_3113_17.jpg
train_3113_18,train,3113,Van Hanh Zen Monastery,../../data/landmark_vietnam_dataset_split\train\3113\train_3113_18.jpg
train_3113_19,train,3113,Van Hanh Zen Monastery,../../data/landmark_vietnam_dataset_split\train\3113\train_3113_19.jpg
train_3113_20,train,3113,Van Hanh Zen Monastery,../../data/landmark_vietnam_dataset_split\train\3113\train_3113_20.jpg
train_3113_21,train,3113,Van Hanh Zen Monastery,../../data/landmark_vietnam_dataset_split\train\3113\train_3113_21.jpg
train_3113_22,train,3113,Van Hanh Zen Monastery,../../data/landmark_vietnam_dataset_split\train\3113\train_3113_22.jpg
train_3113_23,train,3113,Van Hanh Zen Monastery,../../data/landmark_vietnam_dataset_split\train\3113\train_3113_23.jpg
train_3113_24,train,3113,Van Hanh Zen Monastery,../../data/landmark_vietnam_dataset_split\train\3113\train_3113_24.jpg
train_3113_25,train,3113,Van Hanh Zen Monastery,../../data/landmark_vietnam_dataset_split\train\3113\train_3113_25.jpg
train_3113_26,train,3113,Van Hanh Zen Monastery,../../data/landmark_vietnam_dataset_split\train\3113\train_3113_26.jpg
train_3113_27,train,3113,Van Hanh Zen Monastery,../../data/landmark_vietnam_dataset_split\train\3113\train_3113_27.jpg
train_31603_1,train,31603,Buôn Akõ Dhông,../../data/landmark_vietnam_dataset_split\train\31603\train_31603_1.jpg
train_31603_2,train,31603,Buôn Akõ Dhông,../../data/landmark_vietnam_dataset_split\train\31603\train_31603_2.jpg
train_31603_3,train,31603,Buôn Akõ Dhông,../../data/landmark_vietnam_dataset_split\train\31603\train_31603_3.jpg
train_31603_4,train,31603,Buôn Akõ Dhông,../../data/landmark_vietnam_dataset_split\train\31603\train_31603_4.jpg
train_31603_5,train,31603,Buôn Akõ Dhông,../../data/landmark_vietnam_dataset_split\train\31603\train_31603_5.jpg
train_31603_6,train,31603,Buôn Akõ Dhông,../../data/landmark_vietnam_dataset_split\train\31603\train_31603_6.jpg
train_31603_7,train,31603,Buôn Akõ Dhông,../../data/landmark_vietnam_dataset_split\train\31603\train_31603_7.jpg
train_31603_8,train,31603,Buôn Akõ Dhông,../../data/landmark_vietnam_dataset_split\train\31603\train_31603_8.jpg
train_31603_9,train,31603,Buôn Akõ Dhông,../../data/landmark_vietnam_dataset_split\train\31603\train_31603_9.jpg
train_31603_10,train,31603,Buôn Akõ Dhông,../../data/landmark_vietnam_dataset_split\train\31603\train_31603_10.jpg
train_31603_11,train,31603,Buôn Akõ Dhông,../../data/landmark_vietnam_dataset_split\train\31603\train_31603_11.jpg
train_31603_12,train,31603,Buôn Akõ Dhông,../../data/landmark_vietnam_dataset_split\train\31603\train_31603_12.jpg
train_31603_13,train,31603,Buôn Akõ Dhông,../../data/landmark_vietnam_dataset_split\train\31603\train_31603_13.jpg
train_31603_14,train,31603,Buôn Akõ Dhông,../../data/landmark_vietnam_dataset_split\train\31603\train_31603_14.jpg
train_31603_15,train,31603,Buôn Akõ Dhông,../../data/landmark_vietnam_dataset_split\train\31603\train_31603_15.jpg
train_31603_16,train,31603,Buôn Akõ Dhông,../../data/landmark_vietnam_dataset_split\train\31603\train_31603_16.jpg
train_31603_17,train,31603,Buôn Akõ Dhông,../../data/landmark_vietnam_dataset_split\train\31603\train_31603_17.jpg
train_31603_18,train,31603,Buôn Akõ Dhông,../../data/landmark_vietnam_dataset_split\train\31603\train_31603_18.jpg
train_31603_19,train,31603,Buôn Akõ Dhông,../../data/landmark_vietnam_dataset_split\train\31603\train_31603_19.jpg
train_31603_20,train,31603,Buôn Akõ Dhông,../../data/landmark_vietnam_dataset_split\train\31603\train_31603_20.jpg
train_31603_21,train,31603,Buôn Akõ Dhông,../../data/landmark_vietnam_dataset_split\train\31603\train_31603_21.jpg
train_31603_22,train,31603,Buôn Akõ Dhông,../../data/landmark_vietnam_dataset_split\train\31603\train_31603_22.jpg
train_31603_23,train,31603,Buôn Akõ Dhông,../../data/landmark_vietnam_dataset_split\train\31603\train_31603_23.jpg
train_31603_24,train,31603,Buôn Akõ Dhông,../../data/landmark_vietnam_dataset_split\train\31603\train_31603_24.jpg
train_31603_25,train,31603,Buôn Akõ Dhông,../../data/landmark_vietnam_dataset_split\train\31603\train_31603_25.jpg
train_31603_26,train,31603,Buôn Akõ Dhông,../../data/landmark_vietnam_dataset_split\train\31603\train_31603_26.jpg
train_31603_27,train,31603,Buôn Akõ Dhông,../../data/landmark_vietnam_dataset_split\train\31603\train_31603_27.jpg
train_31769_1,train,31769,Fansipan,../../data/landmark_vietnam_dataset_split\train\31769\train_31769_1.jpg
train_31769_2,train,31769,Fansipan,../../data/landmark_vietnam_dataset_split\train\31769\train_31769_2.jpg
train_31769_3,train,31769,Fansipan,../../data/landmark_vietnam_dataset_split\train\31769\train_31769_3.jpg
train_31769_4,train,31769,Fansipan,../../data/landmark_vietnam_dataset_split\train\31769\train_31769_4.jpg
train_31769_5,train,31769,Fansipan,../../data/landmark_vietnam_dataset_split\train\31769\train_31769_5.jpg
train_31769_6,train,31769,Fansipan,../../data/landmark_vietnam_dataset_split\train\31769\train_31769_6.jpg
train_31769_7,train,31769,Fansipan,../../data/landmark_vietnam_dataset_split\train\31769\train_31769_7.jpg
train_31769_8,train,31769,Fansipan,../../data/landmark_vietnam_dataset_split\train\31769\train_31769_8.jpg
train_31769_9,train,31769,Fansipan,../../data/landmark_vietnam_dataset_split\train\31769\train_31769_9.jpg
train_31769_10,train,31769,Fansipan,../../data/landmark_vietnam_dataset_split\train\31769\train_31769_10.jpg
train_31769_11,train,31769,Fansipan,../../data/landmark_vietnam_dataset_split\train\31769\train_31769_11.jpg
train_31769_12,train,31769,Fansipan,../../data/landmark_vietnam_dataset_split\train\31769\train_31769_12.jpg
train_31889_1,train,31889,Tomb of Emperor Khải Định,../../data/landmark_vietnam_dataset_split\train\31889\train_31889_1.jpg
train_31889_2,train,31889,Tomb of Emperor Khải Định,../../data/landmark_vietnam_dataset_split\train\31889\train_31889_2.jpg
train_31889_3,train,31889,Tomb of Emperor Khải Định,../../data/landmark_vietnam_dataset_split\train\31889\train_31889_3.jpg
train_31889_4,train,31889,Tomb of Emperor Khải Định,../../data/landmark_vietnam_dataset_split\train\31889\train_31889_4.jpg
train_31889_5,train,31889,Tomb of Emperor Khải Định,../../data/landmark_vietnam_dataset_split\train\31889\train_31889_5.jpg
train_31889_6,train,31889,Tomb of Emperor Khải Định,../../data/landmark_vietnam_dataset_split\train\31889\train_31889_6.jpg
train_31889_7,train,31889,Tomb of Emperor Khải Định,../../data/landmark_vietnam_dataset_split\train\31889\train_31889_7.jpg
train_31889_8,train,31889,Tomb of Emperor Khải Định,../../data/landmark_vietnam_dataset_split\train\31889\train_31889_8.jpg
train_31889_9,train,31889,Tomb of Emperor Khải Định,../../data/landmark_vietnam_dataset_split\train\31889\train_31889_9.jpg
train_31889_10,train,31889,Tomb of Emperor Khải Định,../../data/landmark_vietnam_dataset_split\train\31889\train_31889_10.jpg
train_31889_11,train,31889,Tomb of Emperor Khải Định,../../data/landmark_vietnam_dataset_split\train\31889\train_31889_11.jpg
train_31889_12,train,31889,Tomb of Emperor Khải Định,../../data/landmark_vietnam_dataset_split\train\31889\train_31889_12.jpg
train_31889_13,train,31889,Tomb of Emperor Khải Định,../../data/landmark_vietnam_dataset_split\train\31889\train_31889_13.jpg
train_31889_14,train,31889,Tomb of Emperor Khải Định,../../data/landmark_vietnam_dataset_split\train\31889\train_31889_14.jpg
train_31889_15,train,31889,Tomb of Emperor Khải Định,../../data/landmark_vietnam_dataset_split\train\31889\train_31889_15.jpg
train_31889_16,train,31889,Tomb of Emperor Khải Định,../../data/landmark_vietnam_dataset_split\train\31889\train_31889_16.jpg
train_31889_17,train,31889,Tomb of Emperor Khải Định,../../data/landmark_vietnam_dataset_split\train\31889\train_31889_17.jpg
train_31889_18,train,31889,Tomb of Emperor Khải Định,../../data/landmark_vietnam_dataset_split\train\31889\train_31889_18.jpg
train_31889_19,train,31889,Tomb of Emperor Khải Định,../../data/landmark_vietnam_dataset_split\train\31889\train_31889_19.jpg
train_31889_20,train,31889,Tomb of Emperor Khải Định,../../data/landmark_vietnam_dataset_split\train\31889\train_31889_20.jpg
train_31889_21,train,31889,Tomb of Emperor Khải Định,../../data/landmark_vietnam_dataset_split\train\31889\train_31889_21.jpg
train_32276_1,train,32276,Cat Ba,../../data/landmark_vietnam_dataset_split\train\32276\train_32276_1.jpg
train_32276_2,train,32276,Cat Ba,../../data/landmark_vietnam_dataset_split\train\32276\train_32276_2.jpg
train_32276_3,train,32276,Cat Ba,../../data/landmark_vietnam_dataset_split\train\32276\train_32276_3.jpg
train_32276_4,train,32276,Cat Ba,../../data/landmark_vietnam_dataset_split\train\32276\train_32276_4.jpg
train_32276_5,train,32276,Cat Ba,../../data/landmark_vietnam_dataset_split\train\32276\train_32276_5.jpg
train_32276_6,train,32276,Cat Ba,../../data/landmark_vietnam_dataset_split\train\32276\train_32276_6.jpg
train_32276_7,train,32276,Cat Ba,../../data/landmark_vietnam_dataset_split\train\32276\train_32276_7.jpg
train_32276_8,train,32276,Cat Ba,../../data/landmark_vietnam_dataset_split\train\32276\train_32276_8.jpg
train_32276_9,train,32276,Cat Ba,../../data/landmark_vietnam_dataset_split\train\32276\train_32276_9.jpg
train_32276_10,train,32276,Cat Ba,../../data/landmark_vietnam_dataset_split\train\32276\train_32276_10.jpg
train_32276_11,train,32276,Cat Ba,../../data/landmark_vietnam_dataset_split\train\32276\train_32276_11.jpg
train_32276_12,train,32276,Cat Ba,../../data/landmark_vietnam_dataset_split\train\32276\train_32276_12.jpg
train_32276_13,train,32276,Cat Ba,../../data/landmark_vietnam_dataset_split\train\32276\train_32276_13.jpg
train_32276_14,train,32276,Cat Ba,../../data/landmark_vietnam_dataset_split\train\32276\train_32276_14.jpg
train_32276_15,train,32276,Cat Ba,../../data/landmark_vietnam_dataset_split\train\32276\train_32276_15.jpg
train_32276_16,train,32276,Cat Ba,../../data/landmark_vietnam_dataset_split\train\32276\train_32276_16.jpg
train_32276_17,train,32276,Cat Ba,../../data/landmark_vietnam_dataset_split\train\32276\train_32276_17.jpg
train_32276_18,train,32276,Cat Ba,../../data/landmark_vietnam_dataset_split\train\32276\train_32276_18.jpg
train_32276_19,train,32276,Cat Ba,../../data/landmark_vietnam_dataset_split\train\32276\train_32276_19.jpg
train_32276_20,train,32276,Cat Ba,../../data/landmark_vietnam_dataset_split\train\32276\train_32276_20.jpg
train_32276_21,train,32276,Cat Ba,../../data/landmark_vietnam_dataset_split\train\32276\train_32276_21.jpg
train_33080_1,train,33080,Prenn Waterfall,../../data/landmark_vietnam_dataset_split\train\33080\train_33080_1.jpg
train_33080_2,train,33080,Prenn Waterfall,../../data/landmark_vietnam_dataset_split\train\33080\train_33080_2.jpg
train_33080_3,train,33080,Prenn Waterfall,../../data/landmark_vietnam_dataset_split\train\33080\train_33080_3.jpg
train_33080_4,train,33080,Prenn Waterfall,../../data/landmark_vietnam_dataset_split\train\33080\train_33080_4.jpg
train_33080_5,train,33080,Prenn Waterfall,../../data/landmark_vietnam_dataset_split\train\33080\train_33080_5.jpg
train_33080_6,train,33080,Prenn Waterfall,../../data/landmark_vietnam_dataset_split\train\33080\train_33080_6.jpg
train_33080_7,train,33080,Prenn Waterfall,../../data/landmark_vietnam_dataset_split\train\33080\train_33080_7.jpg
train_33080_8,train,33080,Prenn Waterfall,../../data/landmark_vietnam_dataset_split\train\33080\train_33080_8.jpg
train_33080_9,train,33080,Prenn Waterfall,../../data/landmark_vietnam_dataset_split\train\33080\train_33080_9.jpg
train_33080_10,train,33080,Prenn Waterfall,../../data/landmark_vietnam_dataset_split\train\33080\train_33080_10.jpg
train_33080_11,train,33080,Prenn Waterfall,../../data/landmark_vietnam_dataset_split\train\33080\train_33080_11.jpg
train_33080_12,train,33080,Prenn Waterfall,../../data/landmark_vietnam_dataset_split\train\33080\train_33080_12.jpg
train_33080_13,train,33080,Prenn Waterfall,../../data/landmark_vietnam_dataset_split\train\33080\train_33080_13.jpg
train_33080_14,train,33080,Prenn Waterfall,../../data/landmark_vietnam_dataset_split\train\33080\train_33080_14.jpg
train_33080_15,train,33080,Prenn Waterfall,../../data/landmark_vietnam_dataset_split\train\33080\train_33080_15.jpg
train_33080_16,train,33080,Prenn Waterfall,../../data/landmark_vietnam_dataset_split\train\33080\train_33080_16.jpg
train_33080_17,train,33080,Prenn Waterfall,../../data/landmark_vietnam_dataset_split\train\33080\train_33080_17.jpg
train_33080_18,train,33080,Prenn Waterfall,../../data/landmark_vietnam_dataset_split\train\33080\train_33080_18.jpg
train_33080_19,train,33080,Prenn Waterfall,../../data/landmark_vietnam_dataset_split\train\33080\train_33080_19.jpg
train_33080_20,train,33080,Prenn Waterfall,../../data/landmark_vietnam_dataset_split\train\33080\train_33080_20.jpg
train_33080_21,train,33080,Prenn Waterfall,../../data/landmark_vietnam_dataset_split\train\33080\train_33080_21.jpg
train_33080_22,train,33080,Prenn Waterfall,../../data/landmark_vietnam_dataset_split\train\33080\train_33080_22.jpg
train_33080_23,train,33080,Prenn Waterfall,../../data/landmark_vietnam_dataset_split\train\33080\train_33080_23.jpg
train_33080_24,train,33080,Prenn Waterfall,../../data/landmark_vietnam_dataset_split\train\33080\train_33080_24.jpg
train_34266_1,train,34266,Tomb of Emperor Minh Mạng,../../data/landmark_vietnam_dataset_split\train\34266\train_34266_1.jpg
train_34266_2,train,34266,Tomb of Emperor Minh Mạng,../../data/landmark_vietnam_dataset_split\train\34266\train_34266_2.jpg
train_34266_3,train,34266,Tomb of Emperor Minh Mạng,../../data/landmark_vietnam_dataset_split\train\34266\train_34266_3.jpg
train_34266_4,train,34266,Tomb of Emperor Minh Mạng,../../data/landmark_vietnam_dataset_split\train\34266\train_34266_4.jpg
train_34266_5,train,34266,Tomb of Emperor Minh Mạng,../../data/landmark_vietnam_dataset_split\train\34266\train_34266_5.jpg
train_34266_6,train,34266,Tomb of Emperor Minh Mạng,../../data/landmark_vietnam_dataset_split\train\34266\train_34266_6.jpg
train_34266_7,train,34266,Tomb of Emperor Minh Mạng,../../data/landmark_vietnam_dataset_split\train\34266\train_34266_7.jpg
train_34266_8,train,34266,Tomb of Emperor Minh Mạng,../../data/landmark_vietnam_dataset_split\train\34266\train_34266_8.jpg
train_34266_9,train,34266,Tomb of Emperor Minh Mạng,../../data/landmark_vietnam_dataset_split\train\34266\train_34266_9.jpg
train_34266_10,train,34266,Tomb of Emperor Minh Mạng,../../data/landmark_vietnam_dataset_split\train\34266\train_34266_10.jpg
train_34266_11,train,34266,Tomb of Emperor Minh Mạng,../../data/landmark_vietnam_dataset_split\train\34266\train_34266_11.jpg
train_34266_12,train,34266,Tomb of Emperor Minh Mạng,../../data/landmark_vietnam_dataset_split\train\34266\train_34266_12.jpg
train_34266_13,train,34266,Tomb of Emperor Minh Mạng,../../data/landmark_vietnam_dataset_split\train\34266\train_34266_13.jpg
train_34266_14,train,34266,Tomb of Emperor Minh Mạng,../../data/landmark_vietnam_dataset_split\train\34266\train_34266_14.jpg
train_34266_15,train,34266,Tomb of Emperor Minh Mạng,../../data/landmark_vietnam_dataset_split\train\34266\train_34266_15.jpg
train_34266_16,train,34266,Tomb of Emperor Minh Mạng,../../data/landmark_vietnam_dataset_split\train\34266\train_34266_16.jpg
train_34266_17,train,34266,Tomb of Emperor Minh Mạng,../../data/landmark_vietnam_dataset_split\train\34266\train_34266_17.jpg
train_34266_18,train,34266,Tomb of Emperor Minh Mạng,../../data/landmark_vietnam_dataset_split\train\34266\train_34266_18.jpg
train_34266_19,train,34266,Tomb of Emperor Minh Mạng,../../data/landmark_vietnam_dataset_split\train\34266\train_34266_19.jpg
train_34266_20,train,34266,Tomb of Emperor Minh Mạng,../../data/landmark_vietnam_dataset_split\train\34266\train_34266_20.jpg
train_34266_21,train,34266,Tomb of Emperor Minh Mạng,../../data/landmark_vietnam_dataset_split\train\34266\train_34266_21.jpg
train_34387_1,train,34387,Times City,../../data/landmark_vietnam_dataset_split\train\34387\train_34387_1.jpg
train_34387_2,train,34387,Times City,../../data/landmark_vietnam_dataset_split\train\34387\train_34387_2.jpg
train_34387_3,train,34387,Times City,../../data/landmark_vietnam_dataset_split\train\34387\train_34387_3.jpg
train_34387_4,train,34387,Times City,../../data/landmark_vietnam_dataset_split\train\34387\train_34387_4.jpg
train_34387_5,train,34387,Times City,../../data/landmark_vietnam_dataset_split\train\34387\train_34387_5.jpg
train_34387_6,train,34387,Times City,../../data/landmark_vietnam_dataset_split\train\34387\train_34387_6.jpg
train_34387_7,train,34387,Times City,../../data/landmark_vietnam_dataset_split\train\34387\train_34387_7.jpg
train_34387_8,train,34387,Times City,../../data/landmark_vietnam_dataset_split\train\34387\train_34387_8.jpg
train_34387_9,train,34387,Times City,../../data/landmark_vietnam_dataset_split\train\34387\train_34387_9.jpg
train_34387_10,train,34387,Times City,../../data/landmark_vietnam_dataset_split\train\34387\train_34387_10.jpg
train_34387_11,train,34387,Times City,../../data/landmark_vietnam_dataset_split\train\34387\train_34387_11.jpg
train_34387_12,train,34387,Times City,../../data/landmark_vietnam_dataset_split\train\34387\train_34387_12.jpg
train_34387_13,train,34387,Times City,../../data/landmark_vietnam_dataset_split\train\34387\train_34387_13.jpg
train_34387_14,train,34387,Times City,../../data/landmark_vietnam_dataset_split\train\34387\train_34387_14.jpg
train_34387_15,train,34387,Times City,../../data/landmark_vietnam_dataset_split\train\34387\train_34387_15.jpg
train_34610_1,train,34610,Ha Tien Islands,../../data/landmark_vietnam_dataset_split\train\34610\train_34610_1.jpg
train_34610_2,train,34610,Ha Tien Islands,../../data/landmark_vietnam_dataset_split\train\34610\train_34610_2.jpg
train_34610_3,train,34610,Ha Tien Islands,../../data/landmark_vietnam_dataset_split\train\34610\train_34610_3.jpg
train_34610_4,train,34610,Ha Tien Islands,../../data/landmark_vietnam_dataset_split\train\34610\train_34610_4.jpg
train_34610_5,train,34610,Ha Tien Islands,../../data/landmark_vietnam_dataset_split\train\34610\train_34610_5.jpg
train_34610_6,train,34610,Ha Tien Islands,../../data/landmark_vietnam_dataset_split\train\34610\train_34610_6.jpg
train_34610_7,train,34610,Ha Tien Islands,../../data/landmark_vietnam_dataset_split\train\34610\train_34610_7.jpg
train_34610_8,train,34610,Ha Tien Islands,../../data/landmark_vietnam_dataset_split\train\34610\train_34610_8.jpg
train_34610_9,train,34610,Ha Tien Islands,../../data/landmark_vietnam_dataset_split\train\34610\train_34610_9.jpg
train_34610_10,train,34610,Ha Tien Islands,../../data/landmark_vietnam_dataset_split\train\34610\train_34610_10.jpg
train_34610_11,train,34610,Ha Tien Islands,../../data/landmark_vietnam_dataset_split\train\34610\train_34610_11.jpg
train_34610_12,train,34610,Ha Tien Islands,../../data/landmark_vietnam_dataset_split\train\34610\train_34610_12.jpg
train_35438_1,train,35438,Thu Thiem Tunnel,../../data/landmark_vietnam_dataset_split\train\35438\train_35438_1.jpg
train_35438_2,train,35438,Thu Thiem Tunnel,../../data/landmark_vietnam_dataset_split\train\35438\train_35438_2.jpg
train_35438_3,train,35438,Thu Thiem Tunnel,../../data/landmark_vietnam_dataset_split\train\35438\train_35438_3.jpg
train_35438_4,train,35438,Thu Thiem Tunnel,../../data/landmark_vietnam_dataset_split\train\35438\train_35438_4.jpg
train_35438_5,train,35438,Thu Thiem Tunnel,../../data/landmark_vietnam_dataset_split\train\35438\train_35438_5.jpg
train_35438_6,train,35438,Thu Thiem Tunnel,../../data/landmark_vietnam_dataset_split\train\35438\train_35438_6.jpg
train_35438_7,train,35438,Thu Thiem Tunnel,../../data/landmark_vietnam_dataset_split\train\35438\train_35438_7.jpg
train_35438_8,train,35438,Thu Thiem Tunnel,../../data/landmark_vietnam_dataset_split\train\35438\train_35438_8.jpg
train_35438_9,train,35438,Thu Thiem Tunnel,../../data/landmark_vietnam_dataset_split\train\35438\train_35438_9.jpg
train_35438_10,train,35438,Thu Thiem Tunnel,../../data/landmark_vietnam_dataset_split\train\35438\train_35438_10.jpg
train_35438_11,train,35438,Thu Thiem Tunnel,../../data/landmark_vietnam_dataset_split\train\35438\train_35438_11.jpg
train_35438_12,train,35438,Thu Thiem Tunnel,../../data/landmark_vietnam_dataset_split\train\35438\train_35438_12.jpg
train_35438_13,train,35438,Thu Thiem Tunnel,../../data/landmark_vietnam_dataset_split\train\35438\train_35438_13.jpg
train_35438_14,train,35438,Thu Thiem Tunnel,../../data/landmark_vietnam_dataset_split\train\35438\train_35438_14.jpg
train_35438_15,train,35438,Thu Thiem Tunnel,../../data/landmark_vietnam_dataset_split\train\35438\train_35438_15.jpg
train_35484_1,train,35484,Tram Chim National Park,../../data/landmark_vietnam_dataset_split\train\35484\train_35484_1.jpg
train_35484_2,train,35484,Tram Chim National Park,../../data/landmark_vietnam_dataset_split\train\35484\train_35484_2.jpg
train_35484_3,train,35484,Tram Chim National Park,../../data/landmark_vietnam_dataset_split\train\35484\train_35484_3.jpg
train_35484_4,train,35484,Tram Chim National Park,../../data/landmark_vietnam_dataset_split\train\35484\train_35484_4.jpg
train_35484_5,train,35484,Tram Chim National Park,../../data/landmark_vietnam_dataset_split\train\35484\train_35484_5.jpg
train_35484_6,train,35484,Tram Chim National Park,../../data/landmark_vietnam_dataset_split\train\35484\train_35484_6.jpg
train_35484_7,train,35484,Tram Chim National Park,../../data/landmark_vietnam_dataset_split\train\35484\train_35484_7.jpg
train_35484_8,train,35484,Tram Chim National Park,../../data/landmark_vietnam_dataset_split\train\35484\train_35484_8.jpg
train_35484_9,train,35484,Tram Chim National Park,../../data/landmark_vietnam_dataset_split\train\35484\train_35484_9.jpg
train_35484_10,train,35484,Tram Chim National Park,../../data/landmark_vietnam_dataset_split\train\35484\train_35484_10.jpg
train_35484_11,train,35484,Tram Chim National Park,../../data/landmark_vietnam_dataset_split\train\35484\train_35484_11.jpg
train_35484_12,train,35484,Tram Chim National Park,../../data/landmark_vietnam_dataset_split\train\35484\train_35484_12.jpg
train_35484_13,train,35484,Tram Chim National Park,../../data/landmark_vietnam_dataset_split\train\35484\train_35484_13.jpg
train_35484_14,train,35484,Tram Chim National Park,../../data/landmark_vietnam_dataset_split\train\35484\train_35484_14.jpg
train_35484_15,train,35484,Tram Chim National Park,../../data/landmark_vietnam_dataset_split\train\35484\train_35484_15.jpg
train_35484_16,train,35484,Tram Chim National Park,../../data/landmark_vietnam_dataset_split\train\35484\train_35484_16.jpg
train_35484_17,train,35484,Tram Chim National Park,../../data/landmark_vietnam_dataset_split\train\35484\train_35484_17.jpg
train_35484_18,train,35484,Tram Chim National Park,../../data/landmark_vietnam_dataset_split\train\35484\train_35484_18.jpg
train_35484_19,train,35484,Tram Chim National Park,../../data/landmark_vietnam_dataset_split\train\35484\train_35484_19.jpg
train_35484_20,train,35484,Tram Chim National Park,../../data/landmark_vietnam_dataset_split\train\35484\train_35484_20.jpg
train_35484_21,train,35484,Tram Chim National Park,../../data/landmark_vietnam_dataset_split\train\35484\train_35484_21.jpg
train_35484_22,train,35484,Tram Chim National Park,../../data/landmark_vietnam_dataset_split\train\35484\train_35484_22.jpg
train_35484_23,train,35484,Tram Chim National Park,../../data/landmark_vietnam_dataset_split\train\35484\train_35484_23.jpg
train_35484_24,train,35484,Tram Chim National Park,../../data/landmark_vietnam_dataset_split\train\35484\train_35484_24.jpg
train_35573_1,train,35573,Saigon Central Post Office,../../data/landmark_vietnam_dataset_split\train\35573\train_35573_1.jpg
train_35573_2,train,35573,Saigon Central Post Office,../../data/landmark_vietnam_dataset_split\train\35573\train_35573_2.jpg
train_35573_3,train,35573,Saigon Central Post Office,../../data/landmark_vietnam_dataset_split\train\35573\train_35573_3.jpg
train_35573_4,train,35573,Saigon Central Post Office,../../data/landmark_vietnam_dataset_split\train\35573\train_35573_4.jpg
train_35573_5,train,35573,Saigon Central Post Office,../../data/landmark_vietnam_dataset_split\train\35573\train_35573_5.jpg
train_35573_6,train,35573,Saigon Central Post Office,../../data/landmark_vietnam_dataset_split\train\35573\train_35573_6.jpg
train_35573_7,train,35573,Saigon Central Post Office,../../data/landmark_vietnam_dataset_split\train\35573\train_35573_7.jpg
train_35573_8,train,35573,Saigon Central Post Office,../../data/landmark_vietnam_dataset_split\train\35573\train_35573_8.jpg
train_35573_9,train,35573,Saigon Central Post Office,../../data/landmark_vietnam_dataset_split\train\35573\train_35573_9.jpg
train_35573_10,train,35573,Saigon Central Post Office,../../data/landmark_vietnam_dataset_split\train\35573\train_35573_10.jpg
train_35573_11,train,35573,Saigon Central Post Office,../../data/landmark_vietnam_dataset_split\train\35573\train_35573_11.jpg
train_35573_12,train,35573,Saigon Central Post Office,../../data/landmark_vietnam_dataset_split\train\35573\train_35573_12.jpg
train_35573_13,train,35573,Saigon Central Post Office,../../data/landmark_vietnam_dataset_split\train\35573\train_35573_13.jpg
train_35573_14,train,35573,Saigon Central Post Office,../../data/landmark_vietnam_dataset_split\train\35573\train_35573_14.jpg
train_35573_15,train,35573,Saigon Central Post Office,../../data/landmark_vietnam_dataset_split\train\35573\train_35573_15.jpg
train_35573_16,train,35573,Saigon Central Post Office,../../data/landmark_vietnam_dataset_split\train\35573\train_35573_16.jpg
train_35573_17,train,35573,Saigon Central Post Office,../../data/landmark_vietnam_dataset_split\train\35573\train_35573_17.jpg
train_35573_18,train,35573,Saigon Central Post Office,../../data/landmark_vietnam_dataset_split\train\35573\train_35573_18.jpg
train_35573_19,train,35573,Saigon Central Post Office,../../data/landmark_vietnam_dataset_split\train\35573\train_35573_19.jpg
train_35573_20,train,35573,Saigon Central Post Office,../../data/landmark_vietnam_dataset_split\train\35573\train_35573_20.jpg
train_35573_21,train,35573,Saigon Central Post Office,../../data/landmark_vietnam_dataset_split\train\35573\train_35573_21.jpg
train_35573_22,train,35573,Saigon Central Post Office,../../data/landmark_vietnam_dataset_split\train\35573\train_35573_22.jpg
train_35573_23,train,35573,Saigon Central Post Office,../../data/landmark_vietnam_dataset_split\train\35573\train_35573_23.jpg
train_35573_24,train,35573,Saigon Central Post Office,../../data/landmark_vietnam_dataset_split\train\35573\train_35573_24.jpg
train_35734_1,train,35734,Saigon Zoo and Botanical Gardens,../../data/landmark_vietnam_dataset_split\train\35734\train_35734_1.jpg
train_35734_2,train,35734,Saigon Zoo and Botanical Gardens,../../data/landmark_vietnam_dataset_split\train\35734\train_35734_2.jpg
train_35734_3,train,35734,Saigon Zoo and Botanical Gardens,../../data/landmark_vietnam_dataset_split\train\35734\train_35734_3.jpg
train_35734_4,train,35734,Saigon Zoo and Botanical Gardens,../../data/landmark_vietnam_dataset_split\train\35734\train_35734_4.jpg
train_35734_5,train,35734,Saigon Zoo and Botanical Gardens,../../data/landmark_vietnam_dataset_split\train\35734\train_35734_5.jpg
train_35734_6,train,35734,Saigon Zoo and Botanical Gardens,../../data/landmark_vietnam_dataset_split\train\35734\train_35734_6.jpg
train_35734_7,train,35734,Saigon Zoo and Botanical Gardens,../../data/landmark_vietnam_dataset_split\train\35734\train_35734_7.jpg
train_35734_8,train,35734,Saigon Zoo and Botanical Gardens,../../data/landmark_vietnam_dataset_split\train\35734\train_35734_8.jpg
train_35734_9,train,35734,Saigon Zoo and Botanical Gardens,../../data/landmark_vietnam_dataset_split\train\35734\train_35734_9.jpg
train_35734_10,train,35734,Saigon Zoo and Botanical Gardens,../../data/landmark_vietnam_dataset_split\train\35734\train_35734_10.jpg
train_35734_11,train,35734,Saigon Zoo and Botanical Gardens,../../data/landmark_vietnam_dataset_split\train\35734\train_35734_11.jpg
train_35734_12,train,35734,Saigon Zoo and Botanical Gardens,../../data/landmark_vietnam_dataset_split\train\35734\train_35734_12.jpg
train_35734_13,train,35734,Saigon Zoo and Botanical Gardens,../../data/landmark_vietnam_dataset_split\train\35734\train_35734_13.jpg
train_35734_14,train,35734,Saigon Zoo and Botanical Gardens,../../data/landmark_vietnam_dataset_split\train\35734\train_35734_14.jpg
train_35734_15,train,35734,Saigon Zoo and Botanical Gardens,../../data/landmark_vietnam_dataset_split\train\35734\train_35734_15.jpg
train_35734_16,train,35734,Saigon Zoo and Botanical Gardens,../../data/landmark_vietnam_dataset_split\train\35734\train_35734_16.jpg
train_35734_17,train,35734,Saigon Zoo and Botanical Gardens,../../data/landmark_vietnam_dataset_split\train\35734\train_35734_17.jpg
train_35734_18,train,35734,Saigon Zoo and Botanical Gardens,../../data/landmark_vietnam_dataset_split\train\35734\train_35734_18.jpg
train_35734_19,train,35734,Saigon Zoo and Botanical Gardens,../../data/landmark_vietnam_dataset_split\train\35734\train_35734_19.jpg
train_35734_20,train,35734,Saigon Zoo and Botanical Gardens,../../data/landmark_vietnam_dataset_split\train\35734\train_35734_20.jpg
train_35734_21,train,35734,Saigon Zoo and Botanical Gardens,../../data/landmark_vietnam_dataset_split\train\35734\train_35734_21.jpg
train_35734_22,train,35734,Saigon Zoo and Botanical Gardens,../../data/landmark_vietnam_dataset_split\train\35734\train_35734_22.jpg
train_35734_23,train,35734,Saigon Zoo and Botanical Gardens,../../data/landmark_vietnam_dataset_split\train\35734\train_35734_23.jpg
train_35734_24,train,35734,Saigon Zoo and Botanical Gardens,../../data/landmark_vietnam_dataset_split\train\35734\train_35734_24.jpg
train_35734_25,train,35734,Saigon Zoo and Botanical Gardens,../../data/landmark_vietnam_dataset_split\train\35734\train_35734_25.jpg
train_35734_26,train,35734,Saigon Zoo and Botanical Gardens,../../data/landmark_vietnam_dataset_split\train\35734\train_35734_26.jpg
train_35734_27,train,35734,Saigon Zoo and Botanical Gardens,../../data/landmark_vietnam_dataset_split\train\35734\train_35734_27.jpg
train_36336_1,train,36336,Voi Waterfall,../../data/landmark_vietnam_dataset_split\train\36336\train_36336_1.jpg
train_36336_2,train,36336,Voi Waterfall,../../data/landmark_vietnam_dataset_split\train\36336\train_36336_2.jpg
train_36336_3,train,36336,Voi Waterfall,../../data/landmark_vietnam_dataset_split\train\36336\train_36336_3.jpg
train_36336_4,train,36336,Voi Waterfall,../../data/landmark_vietnam_dataset_split\train\36336\train_36336_4.jpg
train_36336_5,train,36336,Voi Waterfall,../../data/landmark_vietnam_dataset_split\train\36336\train_36336_5.jpg
train_36336_6,train,36336,Voi Waterfall,../../data/landmark_vietnam_dataset_split\train\36336\train_36336_6.jpg
train_36336_7,train,36336,Voi Waterfall,../../data/landmark_vietnam_dataset_split\train\36336\train_36336_7.jpg
train_36336_8,train,36336,Voi Waterfall,../../data/landmark_vietnam_dataset_split\train\36336\train_36336_8.jpg
train_36336_9,train,36336,Voi Waterfall,../../data/landmark_vietnam_dataset_split\train\36336\train_36336_9.jpg
train_36336_10,train,36336,Voi Waterfall,../../data/landmark_vietnam_dataset_split\train\36336\train_36336_10.jpg
train_36336_11,train,36336,Voi Waterfall,../../data/landmark_vietnam_dataset_split\train\36336\train_36336_11.jpg
train_36336_12,train,36336,Voi Waterfall,../../data/landmark_vietnam_dataset_split\train\36336\train_36336_12.jpg
train_36336_13,train,36336,Voi Waterfall,../../data/landmark_vietnam_dataset_split\train\36336\train_36336_13.jpg
train_36336_14,train,36336,Voi Waterfall,../../data/landmark_vietnam_dataset_split\train\36336\train_36336_14.jpg
train_36336_15,train,36336,Voi Waterfall,../../data/landmark_vietnam_dataset_split\train\36336\train_36336_15.jpg
train_36336_16,train,36336,Voi Waterfall,../../data/landmark_vietnam_dataset_split\train\36336\train_36336_16.jpg
train_36336_17,train,36336,Voi Waterfall,../../data/landmark_vietnam_dataset_split\train\36336\train_36336_17.jpg
train_36336_18,train,36336,Voi Waterfall,../../data/landmark_vietnam_dataset_split\train\36336\train_36336_18.jpg
train_36336_19,train,36336,Voi Waterfall,../../data/landmark_vietnam_dataset_split\train\36336\train_36336_19.jpg
train_36336_20,train,36336,Voi Waterfall,../../data/landmark_vietnam_dataset_split\train\36336\train_36336_20.jpg
train_36336_21,train,36336,Voi Waterfall,../../data/landmark_vietnam_dataset_split\train\36336\train_36336_21.jpg
train_37461_1,train,37461,National Museum of Vietnamese History,../../data/landmark_vietnam_dataset_split\train\37461\train_37461_1.jpg
train_37461_2,train,37461,National Museum of Vietnamese History,../../data/landmark_vietnam_dataset_split\train\37461\train_37461_2.jpg
train_37461_3,train,37461,National Museum of Vietnamese History,../../data/landmark_vietnam_dataset_split\train\37461\train_37461_3.jpg
train_37461_4,train,37461,National Museum of Vietnamese History,../../data/landmark_vietnam_dataset_split\train\37461\train_37461_4.jpg
train_37461_5,train,37461,National Museum of Vietnamese History,../../data/landmark_vietnam_dataset_split\train\37461\train_37461_5.jpg
train_37461_6,train,37461,National Museum of Vietnamese History,../../data/landmark_vietnam_dataset_split\train\37461\train_37461_6.jpg
train_37461_7,train,37461,National Museum of Vietnamese History,../../data/landmark_vietnam_dataset_split\train\37461\train_37461_7.jpg
train_37461_8,train,37461,National Museum of Vietnamese History,../../data/landmark_vietnam_dataset_split\train\37461\train_37461_8.jpg
train_37461_9,train,37461,National Museum of Vietnamese History,../../data/landmark_vietnam_dataset_split\train\37461\train_37461_9.jpg
train_37461_10,train,37461,National Museum of Vietnamese History,../../data/landmark_vietnam_dataset_split\train\37461\train_37461_10.jpg
train_37461_11,train,37461,National Museum of Vietnamese History,../../data/landmark_vietnam_dataset_split\train\37461\train_37461_11.jpg
train_37461_12,train,37461,National Museum of Vietnamese History,../../data/landmark_vietnam_dataset_split\train\37461\train_37461_12.jpg
train_40430_1,train,40430,Cuc Phuong National Park,../../data/landmark_vietnam_dataset_split\train\40430\train_40430_1.jpg
train_40430_2,train,40430,Cuc Phuong National Park,../../data/landmark_vietnam_dataset_split\train\40430\train_40430_2.jpg
train_40430_3,train,40430,Cuc Phuong National Park,../../data/landmark_vietnam_dataset_split\train\40430\train_40430_3.jpg
train_40430_4,train,40430,Cuc Phuong National Park,../../data/landmark_vietnam_dataset_split\train\40430\train_40430_4.jpg
train_40430_5,train,40430,Cuc Phuong National Park,../../data/landmark_vietnam_dataset_split\train\40430\train_40430_5.jpg
train_40430_6,train,40430,Cuc Phuong National Park,../../data/landmark_vietnam_dataset_split\train\40430\train_40430_6.jpg
train_40430_7,train,40430,Cuc Phuong National Park,../../data/landmark_vietnam_dataset_split\train\40430\train_40430_7.jpg
train_40430_8,train,40430,Cuc Phuong National Park,../../data/landmark_vietnam_dataset_split\train\40430\train_40430_8.jpg
train_40430_9,train,40430,Cuc Phuong National Park,../../data/landmark_vietnam_dataset_split\train\40430\train_40430_9.jpg
train_40430_10,train,40430,Cuc Phuong National Park,../../data/landmark_vietnam_dataset_split\train\40430\train_40430_10.jpg
train_40430_11,train,40430,Cuc Phuong National Park,../../data/landmark_vietnam_dataset_split\train\40430\train_40430_11.jpg
train_40430_12,train,40430,Cuc Phuong National Park,../../data/landmark_vietnam_dataset_split\train\40430\train_40430_12.jpg
train_40430_13,train,40430,Cuc Phuong National Park,../../data/landmark_vietnam_dataset_split\train\40430\train_40430_13.jpg
train_40430_14,train,40430,Cuc Phuong National Park,../../data/landmark_vietnam_dataset_split\train\40430\train_40430_14.jpg
train_40430_15,train,40430,Cuc Phuong National Park,../../data/landmark_vietnam_dataset_split\train\40430\train_40430_15.jpg
train_40430_16,train,40430,Cuc Phuong National Park,../../data/landmark_vietnam_dataset_split\train\40430\train_40430_16.jpg
train_40430_17,train,40430,Cuc Phuong National Park,../../data/landmark_vietnam_dataset_split\train\40430\train_40430_17.jpg
train_40430_18,train,40430,Cuc Phuong National Park,../../data/landmark_vietnam_dataset_split\train\40430\train_40430_18.jpg
train_40430_19,train,40430,Cuc Phuong National Park,../../data/landmark_vietnam_dataset_split\train\40430\train_40430_19.jpg
train_40430_20,train,40430,Cuc Phuong National Park,../../data/landmark_vietnam_dataset_split\train\40430\train_40430_20.jpg
train_40430_21,train,40430,Cuc Phuong National Park,../../data/landmark_vietnam_dataset_split\train\40430\train_40430_21.jpg
train_40430_22,train,40430,Cuc Phuong National Park,../../data/landmark_vietnam_dataset_split\train\40430\train_40430_22.jpg
train_40430_23,train,40430,Cuc Phuong National Park,../../data/landmark_vietnam_dataset_split\train\40430\train_40430_23.jpg
train_40430_24,train,40430,Cuc Phuong National Park,../../data/landmark_vietnam_dataset_split\train\40430\train_40430_24.jpg
train_40430_25,train,40430,Cuc Phuong National Park,../../data/landmark_vietnam_dataset_split\train\40430\train_40430_25.jpg
train_40430_26,train,40430,Cuc Phuong National Park,../../data/landmark_vietnam_dataset_split\train\40430\train_40430_26.jpg
train_40430_27,train,40430,Cuc Phuong National Park,../../data/landmark_vietnam_dataset_split\train\40430\train_40430_27.jpg
train_40463_1,train,40463,Dai Nam Van Hien,../../data/landmark_vietnam_dataset_split\train\40463\train_40463_1.jpg
train_40463_2,train,40463,Dai Nam Van Hien,../../data/landmark_vietnam_dataset_split\train\40463\train_40463_2.jpg
train_40463_3,train,40463,Dai Nam Van Hien,../../data/landmark_vietnam_dataset_split\train\40463\train_40463_3.jpg
train_40463_4,train,40463,Dai Nam Van Hien,../../data/landmark_vietnam_dataset_split\train\40463\train_40463_4.jpg
train_40463_5,train,40463,Dai Nam Van Hien,../../data/landmark_vietnam_dataset_split\train\40463\train_40463_5.jpg
train_40463_6,train,40463,Dai Nam Van Hien,../../data/landmark_vietnam_dataset_split\train\40463\train_40463_6.jpg
train_40463_7,train,40463,Dai Nam Van Hien,../../data/landmark_vietnam_dataset_split\train\40463\train_40463_7.jpg
train_40463_8,train,40463,Dai Nam Van Hien,../../data/landmark_vietnam_dataset_split\train\40463\train_40463_8.jpg
train_40463_9,train,40463,Dai Nam Van Hien,../../data/landmark_vietnam_dataset_split\train\40463\train_40463_9.jpg
train_40463_10,train,40463,Dai Nam Van Hien,../../data/landmark_vietnam_dataset_split\train\40463\train_40463_10.jpg
train_40463_11,train,40463,Dai Nam Van Hien,../../data/landmark_vietnam_dataset_split\train\40463\train_40463_11.jpg
train_40463_12,train,40463,Dai Nam Van Hien,../../data/landmark_vietnam_dataset_split\train\40463\train_40463_12.jpg
train_40463_13,train,40463,Dai Nam Van Hien,../../data/landmark_vietnam_dataset_split\train\40463\train_40463_13.jpg
train_40463_14,train,40463,Dai Nam Van Hien,../../data/landmark_vietnam_dataset_split\train\40463\train_40463_14.jpg
train_40463_15,train,40463,Dai Nam Van Hien,../../data/landmark_vietnam_dataset_split\train\40463\train_40463_15.jpg
train_40463_16,train,40463,Dai Nam Van Hien,../../data/landmark_vietnam_dataset_split\train\40463\train_40463_16.jpg
train_40463_17,train,40463,Dai Nam Van Hien,../../data/landmark_vietnam_dataset_split\train\40463\train_40463_17.jpg
train_40463_18,train,40463,Dai Nam Van Hien,../../data/landmark_vietnam_dataset_split\train\40463\train_40463_18.jpg
train_40463_19,train,40463,Dai Nam Van Hien,../../data/landmark_vietnam_dataset_split\train\40463\train_40463_19.jpg
train_40463_20,train,40463,Dai Nam Van Hien,../../data/landmark_vietnam_dataset_split\train\40463\train_40463_20.jpg
train_40463_21,train,40463,Dai Nam Van Hien,../../data/landmark_vietnam_dataset_split\train\40463\train_40463_21.jpg
train_40463_22,train,40463,Dai Nam Van Hien,../../data/landmark_vietnam_dataset_split\train\40463\train_40463_22.jpg
train_40463_23,train,40463,Dai Nam Van Hien,../../data/landmark_vietnam_dataset_split\train\40463\train_40463_23.jpg
train_40463_24,train,40463,Dai Nam Van Hien,../../data/landmark_vietnam_dataset_split\train\40463\train_40463_24.jpg
train_40463_25,train,40463,Dai Nam Van Hien,../../data/landmark_vietnam_dataset_split\train\40463\train_40463_25.jpg
train_40463_26,train,40463,Dai Nam Van Hien,../../data/landmark_vietnam_dataset_split\train\40463\train_40463_26.jpg
train_40463_27,train,40463,Dai Nam Van Hien,../../data/landmark_vietnam_dataset_split\train\40463\train_40463_27.jpg
train_4125_1,train,4125,Bitexco Financial Tower,../../data/landmark_vietnam_dataset_split\train\4125\train_4125_1.jpg
train_4125_2,train,4125,Bitexco Financial Tower,../../data/landmark_vietnam_dataset_split\train\4125\train_4125_2.jpg
train_4125_3,train,4125,Bitexco Financial Tower,../../data/landmark_vietnam_dataset_split\train\4125\train_4125_3.jpg
train_4125_4,train,4125,Bitexco Financial Tower,../../data/landmark_vietnam_dataset_split\train\4125\train_4125_4.jpg
train_4125_5,train,4125,Bitexco Financial Tower,../../data/landmark_vietnam_dataset_split\train\4125\train_4125_5.jpg
train_4125_6,train,4125,Bitexco Financial Tower,../../data/landmark_vietnam_dataset_split\train\4125\train_4125_6.jpg
train_4125_7,train,4125,Bitexco Financial Tower,../../data/landmark_vietnam_dataset_split\train\4125\train_4125_7.jpg
train_4125_8,train,4125,Bitexco Financial Tower,../../data/landmark_vietnam_dataset_split\train\4125\train_4125_8.jpg
train_4125_9,train,4125,Bitexco Financial Tower,../../data/landmark_vietnam_dataset_split\train\4125\train_4125_9.jpg
train_4125_10,train,4125,Bitexco Financial Tower,../../data/landmark_vietnam_dataset_split\train\4125\train_4125_10.jpg
train_4125_11,train,4125,Bitexco Financial Tower,../../data/landmark_vietnam_dataset_split\train\4125\train_4125_11.jpg
train_4125_12,train,4125,Bitexco Financial Tower,../../data/landmark_vietnam_dataset_split\train\4125\train_4125_12.jpg
train_4125_13,train,4125,Bitexco Financial Tower,../../data/landmark_vietnam_dataset_split\train\4125\train_4125_13.jpg
train_4125_14,train,4125,Bitexco Financial Tower,../../data/landmark_vietnam_dataset_split\train\4125\train_4125_14.jpg
train_4125_15,train,4125,Bitexco Financial Tower,../../data/landmark_vietnam_dataset_split\train\4125\train_4125_15.jpg
train_4125_16,train,4125,Bitexco Financial Tower,../../data/landmark_vietnam_dataset_split\train\4125\train_4125_16.jpg
train_4125_17,train,4125,Bitexco Financial Tower,../../data/landmark_vietnam_dataset_split\train\4125\train_4125_17.jpg
train_4125_18,train,4125,Bitexco Financial Tower,../../data/landmark_vietnam_dataset_split\train\4125\train_4125_18.jpg
train_4125_19,train,4125,Bitexco Financial Tower,../../data/landmark_vietnam_dataset_split\train\4125\train_4125_19.jpg
train_4125_20,train,4125,Bitexco Financial Tower,../../data/landmark_vietnam_dataset_split\train\4125\train_4125_20.jpg
train_4125_21,train,4125,Bitexco Financial Tower,../../data/landmark_vietnam_dataset_split\train\4125\train_4125_21.jpg
train_4125_22,train,4125,Bitexco Financial Tower,../../data/landmark_vietnam_dataset_split\train\4125\train_4125_22.jpg
train_4125_23,train,4125,Bitexco Financial Tower,../../data/landmark_vietnam_dataset_split\train\4125\train_4125_23.jpg
train_4125_24,train,4125,Bitexco Financial Tower,../../data/landmark_vietnam_dataset_split\train\4125\train_4125_24.jpg
train_4125_25,train,4125,Bitexco Financial Tower,../../data/landmark_vietnam_dataset_split\train\4125\train_4125_25.jpg
train_4125_26,train,4125,Bitexco Financial Tower,../../data/landmark_vietnam_dataset_split\train\4125\train_4125_26.jpg
train_4125_27,train,4125,Bitexco Financial Tower,../../data/landmark_vietnam_dataset_split\train\4125\train_4125_27.jpg
train_41376_1,train,41376,Da Lat Market,../../data/landmark_vietnam_dataset_split\train\41376\train_41376_1.jpg
train_41376_2,train,41376,Da Lat Market,../../data/landmark_vietnam_dataset_split\train\41376\train_41376_2.jpg
train_41376_3,train,41376,Da Lat Market,../../data/landmark_vietnam_dataset_split\train\41376\train_41376_3.jpg
train_41376_4,train,41376,Da Lat Market,../../data/landmark_vietnam_dataset_split\train\41376\train_41376_4.jpg
train_41376_5,train,41376,Da Lat Market,../../data/landmark_vietnam_dataset_split\train\41376\train_41376_5.jpg
train_41376_6,train,41376,Da Lat Market,../../data/landmark_vietnam_dataset_split\train\41376\train_41376_6.jpg
train_41376_7,train,41376,Da Lat Market,../../data/landmark_vietnam_dataset_split\train\41376\train_41376_7.jpg
train_41376_8,train,41376,Da Lat Market,../../data/landmark_vietnam_dataset_split\train\41376\train_41376_8.jpg
train_41376_9,train,41376,Da Lat Market,../../data/landmark_vietnam_dataset_split\train\41376\train_41376_9.jpg
train_41376_10,train,41376,Da Lat Market,../../data/landmark_vietnam_dataset_split\train\41376\train_41376_10.jpg
train_41376_11,train,41376,Da Lat Market,../../data/landmark_vietnam_dataset_split\train\41376\train_41376_11.jpg
train_41376_12,train,41376,Da Lat Market,../../data/landmark_vietnam_dataset_split\train\41376\train_41376_12.jpg
train_41376_13,train,41376,Da Lat Market,../../data/landmark_vietnam_dataset_split\train\41376\train_41376_13.jpg
train_41376_14,train,41376,Da Lat Market,../../data/landmark_vietnam_dataset_split\train\41376\train_41376_14.jpg
train_41376_15,train,41376,Da Lat Market,../../data/landmark_vietnam_dataset_split\train\41376\train_41376_15.jpg
train_41376_16,train,41376,Da Lat Market,../../data/landmark_vietnam_dataset_split\train\41376\train_41376_16.jpg
train_41376_17,train,41376,Da Lat Market,../../data/landmark_vietnam_dataset_split\train\41376\train_41376_17.jpg
train_41376_18,train,41376,Da Lat Market,../../data/landmark_vietnam_dataset_split\train\41376\train_41376_18.jpg
train_41376_19,train,41376,Da Lat Market,../../data/landmark_vietnam_dataset_split\train\41376\train_41376_19.jpg
train_41376_20,train,41376,Da Lat Market,../../data/landmark_vietnam_dataset_split\train\41376\train_41376_20.jpg
train_41376_21,train,41376,Da Lat Market,../../data/landmark_vietnam_dataset_split\train\41376\train_41376_21.jpg
train_44226_1,train,44226,Hàng Đẫy Stadium,../../data/landmark_vietnam_dataset_split\train\44226\train_44226_1.jpg
train_44226_2,train,44226,Hàng Đẫy Stadium,../../data/landmark_vietnam_dataset_split\train\44226\train_44226_2.jpg
train_44226_3,train,44226,Hàng Đẫy Stadium,../../data/landmark_vietnam_dataset_split\train\44226\train_44226_3.jpg
train_44226_4,train,44226,Hàng Đẫy Stadium,../../data/landmark_vietnam_dataset_split\train\44226\train_44226_4.jpg
train_44226_5,train,44226,Hàng Đẫy Stadium,../../data/landmark_vietnam_dataset_split\train\44226\train_44226_5.jpg
train_44226_6,train,44226,Hàng Đẫy Stadium,../../data/landmark_vietnam_dataset_split\train\44226\train_44226_6.jpg
train_44226_7,train,44226,Hàng Đẫy Stadium,../../data/landmark_vietnam_dataset_split\train\44226\train_44226_7.jpg
train_44226_8,train,44226,Hàng Đẫy Stadium,../../data/landmark_vietnam_dataset_split\train\44226\train_44226_8.jpg
train_44226_9,train,44226,Hàng Đẫy Stadium,../../data/landmark_vietnam_dataset_split\train\44226\train_44226_9.jpg
train_44226_10,train,44226,Hàng Đẫy Stadium,../../data/landmark_vietnam_dataset_split\train\44226\train_44226_10.jpg
train_44226_11,train,44226,Hàng Đẫy Stadium,../../data/landmark_vietnam_dataset_split\train\44226\train_44226_11.jpg
train_44226_12,train,44226,Hàng Đẫy Stadium,../../data/landmark_vietnam_dataset_split\train\44226\train_44226_12.jpg
train_44226_13,train,44226,Hàng Đẫy Stadium,../../data/landmark_vietnam_dataset_split\train\44226\train_44226_13.jpg
train_44226_14,train,44226,Hàng Đẫy Stadium,../../data/landmark_vietnam_dataset_split\train\44226\train_44226_14.jpg
train_44226_15,train,44226,Hàng Đẫy Stadium,../../data/landmark_vietnam_dataset_split\train\44226\train_44226_15.jpg
train_44280_1,train,44280,Tràng Tiền Plaza,../../data/landmark_vietnam_dataset_split\train\44280\train_44280_1.jpg
train_44280_2,train,44280,Tràng Tiền Plaza,../../data/landmark_vietnam_dataset_split\train\44280\train_44280_2.jpg
train_44280_3,train,44280,Tràng Tiền Plaza,../../data/landmark_vietnam_dataset_split\train\44280\train_44280_3.jpg
train_44280_4,train,44280,Tràng Tiền Plaza,../../data/landmark_vietnam_dataset_split\train\44280\train_44280_4.jpg
train_44280_5,train,44280,Tràng Tiền Plaza,../../data/landmark_vietnam_dataset_split\train\44280\train_44280_5.jpg
train_44280_6,train,44280,Tràng Tiền Plaza,../../data/landmark_vietnam_dataset_split\train\44280\train_44280_6.jpg
train_44280_7,train,44280,Tràng Tiền Plaza,../../data/landmark_vietnam_dataset_split\train\44280\train_44280_7.jpg
train_44280_8,train,44280,Tràng Tiền Plaza,../../data/landmark_vietnam_dataset_split\train\44280\train_44280_8.jpg
train_44280_9,train,44280,Tràng Tiền Plaza,../../data/landmark_vietnam_dataset_split\train\44280\train_44280_9.jpg
train_44280_10,train,44280,Tràng Tiền Plaza,../../data/landmark_vietnam_dataset_split\train\44280\train_44280_10.jpg
train_44280_11,train,44280,Tràng Tiền Plaza,../../data/landmark_vietnam_dataset_split\train\44280\train_44280_11.jpg
train_44280_12,train,44280,Tràng Tiền Plaza,../../data/landmark_vietnam_dataset_split\train\44280\train_44280_12.jpg
train_44280_13,train,44280,Tràng Tiền Plaza,../../data/landmark_vietnam_dataset_split\train\44280\train_44280_13.jpg
train_44280_14,train,44280,Tràng Tiền Plaza,../../data/landmark_vietnam_dataset_split\train\44280\train_44280_14.jpg
train_44280_15,train,44280,Tràng Tiền Plaza,../../data/landmark_vietnam_dataset_split\train\44280\train_44280_15.jpg
train_44280_16,train,44280,Tràng Tiền Plaza,../../data/landmark_vietnam_dataset_split\train\44280\train_44280_16.jpg
train_44280_17,train,44280,Tràng Tiền Plaza,../../data/landmark_vietnam_dataset_split\train\44280\train_44280_17.jpg
train_44280_18,train,44280,Tràng Tiền Plaza,../../data/landmark_vietnam_dataset_split\train\44280\train_44280_18.jpg
train_44280_19,train,44280,Tràng Tiền Plaza,../../data/landmark_vietnam_dataset_split\train\44280\train_44280_19.jpg
train_44280_20,train,44280,Tràng Tiền Plaza,../../data/landmark_vietnam_dataset_split\train\44280\train_44280_20.jpg
train_44280_21,train,44280,Tràng Tiền Plaza,../../data/landmark_vietnam_dataset_split\train\44280\train_44280_21.jpg
train_44280_22,train,44280,Tràng Tiền Plaza,../../data/landmark_vietnam_dataset_split\train\44280\train_44280_22.jpg
train_44280_23,train,44280,Tràng Tiền Plaza,../../data/landmark_vietnam_dataset_split\train\44280\train_44280_23.jpg
train_44280_24,train,44280,Tràng Tiền Plaza,../../data/landmark_vietnam_dataset_split\train\44280\train_44280_24.jpg
train_44895_1,train,44895,Hanoi Opera House,../../data/landmark_vietnam_dataset_split\train\44895\train_44895_1.jpg
train_44895_2,train,44895,Hanoi Opera House,../../data/landmark_vietnam_dataset_split\train\44895\train_44895_2.jpg
train_44895_3,train,44895,Hanoi Opera House,../../data/landmark_vietnam_dataset_split\train\44895\train_44895_3.jpg
train_44895_4,train,44895,Hanoi Opera House,../../data/landmark_vietnam_dataset_split\train\44895\train_44895_4.jpg
train_44895_5,train,44895,Hanoi Opera House,../../data/landmark_vietnam_dataset_split\train\44895\train_44895_5.jpg
train_44895_6,train,44895,Hanoi Opera House,../../data/landmark_vietnam_dataset_split\train\44895\train_44895_6.jpg
train_44895_7,train,44895,Hanoi Opera House,../../data/landmark_vietnam_dataset_split\train\44895\train_44895_7.jpg
train_44895_8,train,44895,Hanoi Opera House,../../data/landmark_vietnam_dataset_split\train\44895\train_44895_8.jpg
train_44895_9,train,44895,Hanoi Opera House,../../data/landmark_vietnam_dataset_split\train\44895\train_44895_9.jpg
train_44895_10,train,44895,Hanoi Opera House,../../data/landmark_vietnam_dataset_split\train\44895\train_44895_10.jpg
train_44895_11,train,44895,Hanoi Opera House,../../data/landmark_vietnam_dataset_split\train\44895\train_44895_11.jpg
train_44895_12,train,44895,Hanoi Opera House,../../data/landmark_vietnam_dataset_split\train\44895\train_44895_12.jpg
train_44895_13,train,44895,Hanoi Opera House,../../data/landmark_vietnam_dataset_split\train\44895\train_44895_13.jpg
train_44895_14,train,44895,Hanoi Opera House,../../data/landmark_vietnam_dataset_split\train\44895\train_44895_14.jpg
train_44895_15,train,44895,Hanoi Opera House,../../data/landmark_vietnam_dataset_split\train\44895\train_44895_15.jpg
train_44895_16,train,44895,Hanoi Opera House,../../data/landmark_vietnam_dataset_split\train\44895\train_44895_16.jpg
train_44895_17,train,44895,Hanoi Opera House,../../data/landmark_vietnam_dataset_split\train\44895\train_44895_17.jpg
train_44895_18,train,44895,Hanoi Opera House,../../data/landmark_vietnam_dataset_split\train\44895\train_44895_18.jpg
train_44895_19,train,44895,Hanoi Opera House,../../data/landmark_vietnam_dataset_split\train\44895\train_44895_19.jpg
train_44895_20,train,44895,Hanoi Opera House,../../data/landmark_vietnam_dataset_split\train\44895\train_44895_20.jpg
train_44895_21,train,44895,Hanoi Opera House,../../data/landmark_vietnam_dataset_split\train\44895\train_44895_21.jpg
train_44895_22,train,44895,Hanoi Opera House,../../data/landmark_vietnam_dataset_split\train\44895\train_44895_22.jpg
train_44895_23,train,44895,Hanoi Opera House,../../data/landmark_vietnam_dataset_split\train\44895\train_44895_23.jpg
train_44895_24,train,44895,Hanoi Opera House,../../data/landmark_vietnam_dataset_split\train\44895\train_44895_24.jpg
train_44895_25,train,44895,Hanoi Opera House,../../data/landmark_vietnam_dataset_split\train\44895\train_44895_25.jpg
train_44895_26,train,44895,Hanoi Opera House,../../data/landmark_vietnam_dataset_split\train\44895\train_44895_26.jpg
train_44895_27,train,44895,Hanoi Opera House,../../data/landmark_vietnam_dataset_split\train\44895\train_44895_27.jpg
train_44907_1,train,44907,Saigon Centre,../../data/landmark_vietnam_dataset_split\train\44907\train_44907_1.jpg
train_44907_2,train,44907,Saigon Centre,../../data/landmark_vietnam_dataset_split\train\44907\train_44907_2.jpg
train_44907_3,train,44907,Saigon Centre,../../data/landmark_vietnam_dataset_split\train\44907\train_44907_3.jpg
train_44907_4,train,44907,Saigon Centre,../../data/landmark_vietnam_dataset_split\train\44907\train_44907_4.jpg
train_44907_5,train,44907,Saigon Centre,../../data/landmark_vietnam_dataset_split\train\44907\train_44907_5.jpg
train_44907_6,train,44907,Saigon Centre,../../data/landmark_vietnam_dataset_split\train\44907\train_44907_6.jpg
train_44907_7,train,44907,Saigon Centre,../../data/landmark_vietnam_dataset_split\train\44907\train_44907_7.jpg
train_44907_8,train,44907,Saigon Centre,../../data/landmark_vietnam_dataset_split\train\44907\train_44907_8.jpg
train_44907_9,train,44907,Saigon Centre,../../data/landmark_vietnam_dataset_split\train\44907\train_44907_9.jpg
train_44907_10,train,44907,Saigon Centre,../../data/landmark_vietnam_dataset_split\train\44907\train_44907_10.jpg
train_44907_11,train,44907,Saigon Centre,../../data/landmark_vietnam_dataset_split\train\44907\train_44907_11.jpg
train_44907_12,train,44907,Saigon Centre,../../data/landmark_vietnam_dataset_split\train\44907\train_44907_12.jpg
train_44907_13,train,44907,Saigon Centre,../../data/landmark_vietnam_dataset_split\train\44907\train_44907_13.jpg
train_44907_14,train,44907,Saigon Centre,../../data/landmark_vietnam_dataset_split\train\44907\train_44907_14.jpg
train_44907_15,train,44907,Saigon Centre,../../data/landmark_vietnam_dataset_split\train\44907\train_44907_15.jpg
train_44907_16,train,44907,Saigon Centre,../../data/landmark_vietnam_dataset_split\train\44907\train_44907_16.jpg
train_44907_17,train,44907,Saigon Centre,../../data/landmark_vietnam_dataset_split\train\44907\train_44907_17.jpg
train_44907_18,train,44907,Saigon Centre,../../data/landmark_vietnam_dataset_split\train\44907\train_44907_18.jpg
train_44907_19,train,44907,Saigon Centre,../../data/landmark_vietnam_dataset_split\train\44907\train_44907_19.jpg
train_44907_20,train,44907,Saigon Centre,../../data/landmark_vietnam_dataset_split\train\44907\train_44907_20.jpg
train_44907_21,train,44907,Saigon Centre,../../data/landmark_vietnam_dataset_split\train\44907\train_44907_21.jpg
train_45282_1,train,45282,Tam Coc,../../data/landmark_vietnam_dataset_split\train\45282\train_45282_1.jpg
train_45282_2,train,45282,Tam Coc,../../data/landmark_vietnam_dataset_split\train\45282\train_45282_2.jpg
train_45282_3,train,45282,Tam Coc,../../data/landmark_vietnam_dataset_split\train\45282\train_45282_3.jpg
train_45282_4,train,45282,Tam Coc,../../data/landmark_vietnam_dataset_split\train\45282\train_45282_4.jpg
train_45282_5,train,45282,Tam Coc,../../data/landmark_vietnam_dataset_split\train\45282\train_45282_5.jpg
train_45282_6,train,45282,Tam Coc,../../data/landmark_vietnam_dataset_split\train\45282\train_45282_6.jpg
train_45282_7,train,45282,Tam Coc,../../data/landmark_vietnam_dataset_split\train\45282\train_45282_7.jpg
train_45282_8,train,45282,Tam Coc,../../data/landmark_vietnam_dataset_split\train\45282\train_45282_8.jpg
train_45282_9,train,45282,Tam Coc,../../data/landmark_vietnam_dataset_split\train\45282\train_45282_9.jpg
train_45282_10,train,45282,Tam Coc,../../data/landmark_vietnam_dataset_split\train\45282\train_45282_10.jpg
train_45282_11,train,45282,Tam Coc,../../data/landmark_vietnam_dataset_split\train\45282\train_45282_11.jpg
train_45282_12,train,45282,Tam Coc,../../data/landmark_vietnam_dataset_split\train\45282\train_45282_12.jpg
train_45282_13,train,45282,Tam Coc,../../data/landmark_vietnam_dataset_split\train\45282\train_45282_13.jpg
train_45282_14,train,45282,Tam Coc,../../data/landmark_vietnam_dataset_split\train\45282\train_45282_14.jpg
train_45282_15,train,45282,Tam Coc,../../data/landmark_vietnam_dataset_split\train\45282\train_45282_15.jpg
train_45282_16,train,45282,Tam Coc,../../data/landmark_vietnam_dataset_split\train\45282\train_45282_16.jpg
train_45282_17,train,45282,Tam Coc,../../data/landmark_vietnam_dataset_split\train\45282\train_45282_17.jpg
train_45282_18,train,45282,Tam Coc,../../data/landmark_vietnam_dataset_split\train\45282\train_45282_18.jpg
train_45282_19,train,45282,Tam Coc,../../data/landmark_vietnam_dataset_split\train\45282\train_45282_19.jpg
train_45282_20,train,45282,Tam Coc,../../data/landmark_vietnam_dataset_split\train\45282\train_45282_20.jpg
train_45282_21,train,45282,Tam Coc,../../data/landmark_vietnam_dataset_split\train\45282\train_45282_21.jpg
train_45282_22,train,45282,Tam Coc,../../data/landmark_vietnam_dataset_split\train\45282\train_45282_22.jpg
train_45282_23,train,45282,Tam Coc,../../data/landmark_vietnam_dataset_split\train\45282\train_45282_23.jpg
train_45282_24,train,45282,Tam Coc,../../data/landmark_vietnam_dataset_split\train\45282\train_45282_24.jpg
train_45282_25,train,45282,Tam Coc,../../data/landmark_vietnam_dataset_split\train\45282\train_45282_25.jpg
train_45282_26,train,45282,Tam Coc,../../data/landmark_vietnam_dataset_split\train\45282\train_45282_26.jpg
train_45282_27,train,45282,Tam Coc,../../data/landmark_vietnam_dataset_split\train\45282\train_45282_27.jpg
train_46072_1,train,46072,Vietcombank Tower,../../data/landmark_vietnam_dataset_split\train\46072\train_46072_1.jpg
train_46072_2,train,46072,Vietcombank Tower,../../data/landmark_vietnam_dataset_split\train\46072\train_46072_2.jpg
train_46072_3,train,46072,Vietcombank Tower,../../data/landmark_vietnam_dataset_split\train\46072\train_46072_3.jpg
train_46072_4,train,46072,Vietcombank Tower,../../data/landmark_vietnam_dataset_split\train\46072\train_46072_4.jpg
train_46072_5,train,46072,Vietcombank Tower,../../data/landmark_vietnam_dataset_split\train\46072\train_46072_5.jpg
train_46072_6,train,46072,Vietcombank Tower,../../data/landmark_vietnam_dataset_split\train\46072\train_46072_6.jpg
train_46072_7,train,46072,Vietcombank Tower,../../data/landmark_vietnam_dataset_split\train\46072\train_46072_7.jpg
train_46072_8,train,46072,Vietcombank Tower,../../data/landmark_vietnam_dataset_split\train\46072\train_46072_8.jpg
train_46072_9,train,46072,Vietcombank Tower,../../data/landmark_vietnam_dataset_split\train\46072\train_46072_9.jpg
train_46072_10,train,46072,Vietcombank Tower,../../data/landmark_vietnam_dataset_split\train\46072\train_46072_10.jpg
train_46072_11,train,46072,Vietcombank Tower,../../data/landmark_vietnam_dataset_split\train\46072\train_46072_11.jpg
train_46072_12,train,46072,Vietcombank Tower,../../data/landmark_vietnam_dataset_split\train\46072\train_46072_12.jpg
train_46072_13,train,46072,Vietcombank Tower,../../data/landmark_vietnam_dataset_split\train\46072\train_46072_13.jpg
train_46072_14,train,46072,Vietcombank Tower,../../data/landmark_vietnam_dataset_split\train\46072\train_46072_14.jpg
train_46072_15,train,46072,Vietcombank Tower,../../data/landmark_vietnam_dataset_split\train\46072\train_46072_15.jpg
train_46072_16,train,46072,Vietcombank Tower,../../data/landmark_vietnam_dataset_split\train\46072\train_46072_16.jpg
train_46072_17,train,46072,Vietcombank Tower,../../data/landmark_vietnam_dataset_split\train\46072\train_46072_17.jpg
train_46072_18,train,46072,Vietcombank Tower,../../data/landmark_vietnam_dataset_split\train\46072\train_46072_18.jpg
train_46072_19,train,46072,Vietcombank Tower,../../data/landmark_vietnam_dataset_split\train\46072\train_46072_19.jpg
train_46072_20,train,46072,Vietcombank Tower,../../data/landmark_vietnam_dataset_split\train\46072\train_46072_20.jpg
train_46072_21,train,46072,Vietcombank Tower,../../data/landmark_vietnam_dataset_split\train\46072\train_46072_21.jpg
train_46328_1,train,46328,Basilica of Phu Nhai,../../data/landmark_vietnam_dataset_split\train\46328\train_46328_1.jpg
train_46328_2,train,46328,Basilica of Phu Nhai,../../data/landmark_vietnam_dataset_split\train\46328\train_46328_2.jpg
train_46328_3,train,46328,Basilica of Phu Nhai,../../data/landmark_vietnam_dataset_split\train\46328\train_46328_3.jpg
train_46328_4,train,46328,Basilica of Phu Nhai,../../data/landmark_vietnam_dataset_split\train\46328\train_46328_4.jpg
train_46328_5,train,46328,Basilica of Phu Nhai,../../data/landmark_vietnam_dataset_split\train\46328\train_46328_5.jpg
train_46328_6,train,46328,Basilica of Phu Nhai,../../data/landmark_vietnam_dataset_split\train\46328\train_46328_6.jpg
train_46328_7,train,46328,Basilica of Phu Nhai,../../data/landmark_vietnam_dataset_split\train\46328\train_46328_7.jpg
train_46328_8,train,46328,Basilica of Phu Nhai,../../data/landmark_vietnam_dataset_split\train\46328\train_46328_8.jpg
train_46328_9,train,46328,Basilica of Phu Nhai,../../data/landmark_vietnam_dataset_split\train\46328\train_46328_9.jpg
train_46328_10,train,46328,Basilica of Phu Nhai,../../data/landmark_vietnam_dataset_split\train\46328\train_46328_10.jpg
train_46328_11,train,46328,Basilica of Phu Nhai,../../data/landmark_vietnam_dataset_split\train\46328\train_46328_11.jpg
train_46328_12,train,46328,Basilica of Phu Nhai,../../data/landmark_vietnam_dataset_split\train\46328\train_46328_12.jpg
train_46328_13,train,46328,Basilica of Phu Nhai,../../data/landmark_vietnam_dataset_split\train\46328\train_46328_13.jpg
train_46328_14,train,46328,Basilica of Phu Nhai,../../data/landmark_vietnam_dataset_split\train\46328\train_46328_14.jpg
train_46328_15,train,46328,Basilica of Phu Nhai,../../data/landmark_vietnam_dataset_split\train\46328\train_46328_15.jpg
train_46328_16,train,46328,Basilica of Phu Nhai,../../data/landmark_vietnam_dataset_split\train\46328\train_46328_16.jpg
train_46328_17,train,46328,Basilica of Phu Nhai,../../data/landmark_vietnam_dataset_split\train\46328\train_46328_17.jpg
train_46328_18,train,46328,Basilica of Phu Nhai,../../data/landmark_vietnam_dataset_split\train\46328\train_46328_18.jpg
train_46540_1,train,46540,Chùa Huê Nghiêm,../../data/landmark_vietnam_dataset_split\train\46540\train_46540_1.jpg
train_46540_2,train,46540,Chùa Huê Nghiêm,../../data/landmark_vietnam_dataset_split\train\46540\train_46540_2.jpg
train_46540_3,train,46540,Chùa Huê Nghiêm,../../data/landmark_vietnam_dataset_split\train\46540\train_46540_3.jpg
train_46540_4,train,46540,Chùa Huê Nghiêm,../../data/landmark_vietnam_dataset_split\train\46540\train_46540_4.jpg
train_46540_5,train,46540,Chùa Huê Nghiêm,../../data/landmark_vietnam_dataset_split\train\46540\train_46540_5.jpg
train_46540_6,train,46540,Chùa Huê Nghiêm,../../data/landmark_vietnam_dataset_split\train\46540\train_46540_6.jpg
train_46540_7,train,46540,Chùa Huê Nghiêm,../../data/landmark_vietnam_dataset_split\train\46540\train_46540_7.jpg
train_46540_8,train,46540,Chùa Huê Nghiêm,../../data/landmark_vietnam_dataset_split\train\46540\train_46540_8.jpg
train_46540_9,train,46540,Chùa Huê Nghiêm,../../data/landmark_vietnam_dataset_split\train\46540\train_46540_9.jpg
train_46540_10,train,46540,Chùa Huê Nghiêm,../../data/landmark_vietnam_dataset_split\train\46540\train_46540_10.jpg
train_46540_11,train,46540,Chùa Huê Nghiêm,../../data/landmark_vietnam_dataset_split\train\46540\train_46540_11.jpg
train_46540_12,train,46540,Chùa Huê Nghiêm,../../data/landmark_vietnam_dataset_split\train\46540\train_46540_12.jpg
train_46540_13,train,46540,Chùa Huê Nghiêm,../../data/landmark_vietnam_dataset_split\train\46540\train_46540_13.jpg
train_46540_14,train,46540,Chùa Huê Nghiêm,../../data/landmark_vietnam_dataset_split\train\46540\train_46540_14.jpg
train_46540_15,train,46540,Chùa Huê Nghiêm,../../data/landmark_vietnam_dataset_split\train\46540\train_46540_15.jpg
train_46540_16,train,46540,Chùa Huê Nghiêm,../../data/landmark_vietnam_dataset_split\train\46540\train_46540_16.jpg
train_46540_17,train,46540,Chùa Huê Nghiêm,../../data/landmark_vietnam_dataset_split\train\46540\train_46540_17.jpg
train_46540_18,train,46540,Chùa Huê Nghiêm,../../data/landmark_vietnam_dataset_split\train\46540\train_46540_18.jpg
train_46540_19,train,46540,Chùa Huê Nghiêm,../../data/landmark_vietnam_dataset_split\train\46540\train_46540_19.jpg
train_46540_20,train,46540,Chùa Huê Nghiêm,../../data/landmark_vietnam_dataset_split\train\46540\train_46540_20.jpg
train_46540_21,train,46540,Chùa Huê Nghiêm,../../data/landmark_vietnam_dataset_split\train\46540\train_46540_21.jpg
train_47137_1,train,47137,Domaine de Marie,../../data/landmark_vietnam_dataset_split\train\47137\train_47137_1.jpg
train_47137_2,train,47137,Domaine de Marie,../../data/landmark_vietnam_dataset_split\train\47137\train_47137_2.jpg
train_47137_3,train,47137,Domaine de Marie,../../data/landmark_vietnam_dataset_split\train\47137\train_47137_3.jpg
train_47137_4,train,47137,Domaine de Marie,../../data/landmark_vietnam_dataset_split\train\47137\train_47137_4.jpg
train_47137_5,train,47137,Domaine de Marie,../../data/landmark_vietnam_dataset_split\train\47137\train_47137_5.jpg
train_47137_6,train,47137,Domaine de Marie,../../data/landmark_vietnam_dataset_split\train\47137\train_47137_6.jpg
train_47137_7,train,47137,Domaine de Marie,../../data/landmark_vietnam_dataset_split\train\47137\train_47137_7.jpg
train_47137_8,train,47137,Domaine de Marie,../../data/landmark_vietnam_dataset_split\train\47137\train_47137_8.jpg
train_47137_9,train,47137,Domaine de Marie,../../data/landmark_vietnam_dataset_split\train\47137\train_47137_9.jpg
train_47137_10,train,47137,Domaine de Marie,../../data/landmark_vietnam_dataset_split\train\47137\train_47137_10.jpg
train_47137_11,train,47137,Domaine de Marie,../../data/landmark_vietnam_dataset_split\train\47137\train_47137_11.jpg
train_47137_12,train,47137,Domaine de Marie,../../data/landmark_vietnam_dataset_split\train\47137\train_47137_12.jpg
train_47137_13,train,47137,Domaine de Marie,../../data/landmark_vietnam_dataset_split\train\47137\train_47137_13.jpg
train_47137_14,train,47137,Domaine de Marie,../../data/landmark_vietnam_dataset_split\train\47137\train_47137_14.jpg
train_47137_15,train,47137,Domaine de Marie,../../data/landmark_vietnam_dataset_split\train\47137\train_47137_15.jpg
train_47137_16,train,47137,Domaine de Marie,../../data/landmark_vietnam_dataset_split\train\47137\train_47137_16.jpg
train_47137_17,train,47137,Domaine de Marie,../../data/landmark_vietnam_dataset_split\train\47137\train_47137_17.jpg
train_47137_18,train,47137,Domaine de Marie,../../data/landmark_vietnam_dataset_split\train\47137\train_47137_18.jpg
train_47137_19,train,47137,Domaine de Marie,../../data/landmark_vietnam_dataset_split\train\47137\train_47137_19.jpg
train_47137_20,train,47137,Domaine de Marie,../../data/landmark_vietnam_dataset_split\train\47137\train_47137_20.jpg
train_47137_21,train,47137,Domaine de Marie,../../data/landmark_vietnam_dataset_split\train\47137\train_47137_21.jpg
train_48766_1,train,48766,Cat Ba National Park,../../data/landmark_vietnam_dataset_split\train\48766\train_48766_1.jpg
train_48766_2,train,48766,Cat Ba National Park,../../data/landmark_vietnam_dataset_split\train\48766\train_48766_2.jpg
train_48766_3,train,48766,Cat Ba National Park,../../data/landmark_vietnam_dataset_split\train\48766\train_48766_3.jpg
train_48766_4,train,48766,Cat Ba National Park,../../data/landmark_vietnam_dataset_split\train\48766\train_48766_4.jpg
train_48766_5,train,48766,Cat Ba National Park,../../data/landmark_vietnam_dataset_split\train\48766\train_48766_5.jpg
train_48766_6,train,48766,Cat Ba National Park,../../data/landmark_vietnam_dataset_split\train\48766\train_48766_6.jpg
train_48766_7,train,48766,Cat Ba National Park,../../data/landmark_vietnam_dataset_split\train\48766\train_48766_7.jpg
train_48766_8,train,48766,Cat Ba National Park,../../data/landmark_vietnam_dataset_split\train\48766\train_48766_8.jpg
train_48766_9,train,48766,Cat Ba National Park,../../data/landmark_vietnam_dataset_split\train\48766\train_48766_9.jpg
train_48766_10,train,48766,Cat Ba National Park,../../data/landmark_vietnam_dataset_split\train\48766\train_48766_10.jpg
train_48766_11,train,48766,Cat Ba National Park,../../data/landmark_vietnam_dataset_split\train\48766\train_48766_11.jpg
train_48766_12,train,48766,Cat Ba National Park,../../data/landmark_vietnam_dataset_split\train\48766\train_48766_12.jpg
train_48766_13,train,48766,Cat Ba National Park,../../data/landmark_vietnam_dataset_split\train\48766\train_48766_13.jpg
train_48766_14,train,48766,Cat Ba National Park,../../data/landmark_vietnam_dataset_split\train\48766\train_48766_14.jpg
train_48766_15,train,48766,Cat Ba National Park,../../data/landmark_vietnam_dataset_split\train\48766\train_48766_15.jpg
train_48766_16,train,48766,Cat Ba National Park,../../data/landmark_vietnam_dataset_split\train\48766\train_48766_16.jpg
train_48766_17,train,48766,Cat Ba National Park,../../data/landmark_vietnam_dataset_split\train\48766\train_48766_17.jpg
train_48766_18,train,48766,Cat Ba National Park,../../data/landmark_vietnam_dataset_split\train\48766\train_48766_18.jpg
train_49144_1,train,49144,Ba Na Hills,../../data/landmark_vietnam_dataset_split\train\49144\train_49144_1.jpg
train_49144_2,train,49144,Ba Na Hills,../../data/landmark_vietnam_dataset_split\train\49144\train_49144_2.jpg
train_49144_3,train,49144,Ba Na Hills,../../data/landmark_vietnam_dataset_split\train\49144\train_49144_3.jpg
train_49144_4,train,49144,Ba Na Hills,../../data/landmark_vietnam_dataset_split\train\49144\train_49144_4.jpg
train_49144_5,train,49144,Ba Na Hills,../../data/landmark_vietnam_dataset_split\train\49144\train_49144_5.jpg
train_49144_6,train,49144,Ba Na Hills,../../data/landmark_vietnam_dataset_split\train\49144\train_49144_6.jpg
train_49144_7,train,49144,Ba Na Hills,../../data/landmark_vietnam_dataset_split\train\49144\train_49144_7.jpg
train_49144_8,train,49144,Ba Na Hills,../../data/landmark_vietnam_dataset_split\train\49144\train_49144_8.jpg
train_49144_9,train,49144,Ba Na Hills,../../data/landmark_vietnam_dataset_split\train\49144\train_49144_9.jpg
train_49144_10,train,49144,Ba Na Hills,../../data/landmark_vietnam_dataset_split\train\49144\train_49144_10.jpg
train_49144_11,train,49144,Ba Na Hills,../../data/landmark_vietnam_dataset_split\train\49144\train_49144_11.jpg
train_49144_12,train,49144,Ba Na Hills,../../data/landmark_vietnam_dataset_split\train\49144\train_49144_12.jpg
train_49144_13,train,49144,Ba Na Hills,../../data/landmark_vietnam_dataset_split\train\49144\train_49144_13.jpg
train_49144_14,train,49144,Ba Na Hills,../../data/landmark_vietnam_dataset_split\train\49144\train_49144_14.jpg
train_49144_15,train,49144,Ba Na Hills,../../data/landmark_vietnam_dataset_split\train\49144\train_49144_15.jpg
train_49144_16,train,49144,Ba Na Hills,../../data/landmark_vietnam_dataset_split\train\49144\train_49144_16.jpg
train_49144_17,train,49144,Ba Na Hills,../../data/landmark_vietnam_dataset_split\train\49144\train_49144_17.jpg
train_49144_18,train,49144,Ba Na Hills,../../data/landmark_vietnam_dataset_split\train\49144\train_49144_18.jpg
train_4958_1,train,4958,"Ba Đình Square, Hanoi",../../data/landmark_vietnam_dataset_split\train\4958\train_4958_1.jpg
train_4958_2,train,4958,"Ba Đình Square, Hanoi",../../data/landmark_vietnam_dataset_split\train\4958\train_4958_2.jpg
train_4958_3,train,4958,"Ba Đình Square, Hanoi",../../data/landmark_vietnam_dataset_split\train\4958\train_4958_3.jpg
train_4958_4,train,4958,"Ba Đình Square, Hanoi",../../data/landmark_vietnam_dataset_split\train\4958\train_4958_4.jpg
train_4958_5,train,4958,"Ba Đình Square, Hanoi",../../data/landmark_vietnam_dataset_split\train\4958\train_4958_5.jpg
train_4958_6,train,4958,"Ba Đình Square, Hanoi",../../data/landmark_vietnam_dataset_split\train\4958\train_4958_6.jpg
train_4958_7,train,4958,"Ba Đình Square, Hanoi",../../data/landmark_vietnam_dataset_split\train\4958\train_4958_7.jpg
train_4958_8,train,4958,"Ba Đình Square, Hanoi",../../data/landmark_vietnam_dataset_split\train\4958\train_4958_8.jpg
train_4958_9,train,4958,"Ba Đình Square, Hanoi",../../data/landmark_vietnam_dataset_split\train\4958\train_4958_9.jpg
train_4958_10,train,4958,"Ba Đình Square, Hanoi",../../data/landmark_vietnam_dataset_split\train\4958\train_4958_10.jpg
train_4958_11,train,4958,"Ba Đình Square, Hanoi",../../data/landmark_vietnam_dataset_split\train\4958\train_4958_11.jpg
train_4958_12,train,4958,"Ba Đình Square, Hanoi",../../data/landmark_vietnam_dataset_split\train\4958\train_4958_12.jpg
train_4958_13,train,4958,"Ba Đình Square, Hanoi",../../data/landmark_vietnam_dataset_split\train\4958\train_4958_13.jpg
train_4958_14,train,4958,"Ba Đình Square, Hanoi",../../data/landmark_vietnam_dataset_split\train\4958\train_4958_14.jpg
train_4958_15,train,4958,"Ba Đình Square, Hanoi",../../data/landmark_vietnam_dataset_split\train\4958\train_4958_15.jpg
train_4958_16,train,4958,"Ba Đình Square, Hanoi",../../data/landmark_vietnam_dataset_split\train\4958\train_4958_16.jpg
train_4958_17,train,4958,"Ba Đình Square, Hanoi",../../data/landmark_vietnam_dataset_split\train\4958\train_4958_17.jpg
train_4958_18,train,4958,"Ba Đình Square, Hanoi",../../data/landmark_vietnam_dataset_split\train\4958\train_4958_18.jpg
train_4958_19,train,4958,"Ba Đình Square, Hanoi",../../data/landmark_vietnam_dataset_split\train\4958\train_4958_19.jpg
train_4958_20,train,4958,"Ba Đình Square, Hanoi",../../data/landmark_vietnam_dataset_split\train\4958\train_4958_20.jpg
train_4958_21,train,4958,"Ba Đình Square, Hanoi",../../data/landmark_vietnam_dataset_split\train\4958\train_4958_21.jpg
train_4958_22,train,4958,"Ba Đình Square, Hanoi",../../data/landmark_vietnam_dataset_split\train\4958\train_4958_22.jpg
train_4958_23,train,4958,"Ba Đình Square, Hanoi",../../data/landmark_vietnam_dataset_split\train\4958\train_4958_23.jpg
train_4958_24,train,4958,"Ba Đình Square, Hanoi",../../data/landmark_vietnam_dataset_split\train\4958\train_4958_24.jpg
train_4958_25,train,4958,"Ba Đình Square, Hanoi",../../data/landmark_vietnam_dataset_split\train\4958\train_4958_25.jpg
train_4958_26,train,4958,"Ba Đình Square, Hanoi",../../data/landmark_vietnam_dataset_split\train\4958\train_4958_26.jpg
train_4958_27,train,4958,"Ba Đình Square, Hanoi",../../data/landmark_vietnam_dataset_split\train\4958\train_4958_27.jpg
train_4986_1,train,4986,Tien Chau Pagoda,../../data/landmark_vietnam_dataset_split\train\4986\train_4986_1.jpg
train_4986_2,train,4986,Tien Chau Pagoda,../../data/landmark_vietnam_dataset_split\train\4986\train_4986_2.jpg
train_4986_3,train,4986,Tien Chau Pagoda,../../data/landmark_vietnam_dataset_split\train\4986\train_4986_3.jpg
train_4986_4,train,4986,Tien Chau Pagoda,../../data/landmark_vietnam_dataset_split\train\4986\train_4986_4.jpg
train_4986_5,train,4986,Tien Chau Pagoda,../../data/landmark_vietnam_dataset_split\train\4986\train_4986_5.jpg
train_4986_6,train,4986,Tien Chau Pagoda,../../data/landmark_vietnam_dataset_split\train\4986\train_4986_6.jpg
train_4986_7,train,4986,Tien Chau Pagoda,../../data/landmark_vietnam_dataset_split\train\4986\train_4986_7.jpg
train_4986_8,train,4986,Tien Chau Pagoda,../../data/landmark_vietnam_dataset_split\train\4986\train_4986_8.jpg
train_4986_9,train,4986,Tien Chau Pagoda,../../data/landmark_vietnam_dataset_split\train\4986\train_4986_9.jpg
train_4986_10,train,4986,Tien Chau Pagoda,../../data/landmark_vietnam_dataset_split\train\4986\train_4986_10.jpg
train_4986_11,train,4986,Tien Chau Pagoda,../../data/landmark_vietnam_dataset_split\train\4986\train_4986_11.jpg
train_4986_12,train,4986,Tien Chau Pagoda,../../data/landmark_vietnam_dataset_split\train\4986\train_4986_12.jpg
train_4986_13,train,4986,Tien Chau Pagoda,../../data/landmark_vietnam_dataset_split\train\4986\train_4986_13.jpg
train_4986_14,train,4986,Tien Chau Pagoda,../../data/landmark_vietnam_dataset_split\train\4986\train_4986_14.jpg
train_4986_15,train,4986,Tien Chau Pagoda,../../data/landmark_vietnam_dataset_split\train\4986\train_4986_15.jpg
train_4986_16,train,4986,Tien Chau Pagoda,../../data/landmark_vietnam_dataset_split\train\4986\train_4986_16.jpg
train_4986_17,train,4986,Tien Chau Pagoda,../../data/landmark_vietnam_dataset_split\train\4986\train_4986_17.jpg
train_4986_18,train,4986,Tien Chau Pagoda,../../data/landmark_vietnam_dataset_split\train\4986\train_4986_18.jpg
train_4986_19,train,4986,Tien Chau Pagoda,../../data/landmark_vietnam_dataset_split\train\4986\train_4986_19.jpg
train_4986_20,train,4986,Tien Chau Pagoda,../../data/landmark_vietnam_dataset_split\train\4986\train_4986_20.jpg
train_4986_21,train,4986,Tien Chau Pagoda,../../data/landmark_vietnam_dataset_split\train\4986\train_4986_21.jpg
train_50819_1,train,50819,Christ of Vung Tau,../../data/landmark_vietnam_dataset_split\train\50819\train_50819_1.jpg
train_50819_2,train,50819,Christ of Vung Tau,../../data/landmark_vietnam_dataset_split\train\50819\train_50819_2.jpg
train_50819_3,train,50819,Christ of Vung Tau,../../data/landmark_vietnam_dataset_split\train\50819\train_50819_3.jpg
train_50819_4,train,50819,Christ of Vung Tau,../../data/landmark_vietnam_dataset_split\train\50819\train_50819_4.jpg
train_50819_5,train,50819,Christ of Vung Tau,../../data/landmark_vietnam_dataset_split\train\50819\train_50819_5.jpg
train_50819_6,train,50819,Christ of Vung Tau,../../data/landmark_vietnam_dataset_split\train\50819\train_50819_6.jpg
train_50819_7,train,50819,Christ of Vung Tau,../../data/landmark_vietnam_dataset_split\train\50819\train_50819_7.jpg
train_50819_8,train,50819,Christ of Vung Tau,../../data/landmark_vietnam_dataset_split\train\50819\train_50819_8.jpg
train_50819_9,train,50819,Christ of Vung Tau,../../data/landmark_vietnam_dataset_split\train\50819\train_50819_9.jpg
train_50819_10,train,50819,Christ of Vung Tau,../../data/landmark_vietnam_dataset_split\train\50819\train_50819_10.jpg
train_50819_11,train,50819,Christ of Vung Tau,../../data/landmark_vietnam_dataset_split\train\50819\train_50819_11.jpg
train_50819_12,train,50819,Christ of Vung Tau,../../data/landmark_vietnam_dataset_split\train\50819\train_50819_12.jpg
train_50819_13,train,50819,Christ of Vung Tau,../../data/landmark_vietnam_dataset_split\train\50819\train_50819_13.jpg
train_50819_14,train,50819,Christ of Vung Tau,../../data/landmark_vietnam_dataset_split\train\50819\train_50819_14.jpg
train_50819_15,train,50819,Christ of Vung Tau,../../data/landmark_vietnam_dataset_split\train\50819\train_50819_15.jpg
train_50819_16,train,50819,Christ of Vung Tau,../../data/landmark_vietnam_dataset_split\train\50819\train_50819_16.jpg
train_50819_17,train,50819,Christ of Vung Tau,../../data/landmark_vietnam_dataset_split\train\50819\train_50819_17.jpg
train_50819_18,train,50819,Christ of Vung Tau,../../data/landmark_vietnam_dataset_split\train\50819\train_50819_18.jpg
train_51050_1,train,51050,Ho Chi Minh Museum,../../data/landmark_vietnam_dataset_split\train\51050\train_51050_1.jpg
train_51050_2,train,51050,Ho Chi Minh Museum,../../data/landmark_vietnam_dataset_split\train\51050\train_51050_2.jpg
train_51050_3,train,51050,Ho Chi Minh Museum,../../data/landmark_vietnam_dataset_split\train\51050\train_51050_3.jpg
train_51050_4,train,51050,Ho Chi Minh Museum,../../data/landmark_vietnam_dataset_split\train\51050\train_51050_4.jpg
train_51050_5,train,51050,Ho Chi Minh Museum,../../data/landmark_vietnam_dataset_split\train\51050\train_51050_5.jpg
train_51050_6,train,51050,Ho Chi Minh Museum,../../data/landmark_vietnam_dataset_split\train\51050\train_51050_6.jpg
train_51050_7,train,51050,Ho Chi Minh Museum,../../data/landmark_vietnam_dataset_split\train\51050\train_51050_7.jpg
train_51050_8,train,51050,Ho Chi Minh Museum,../../data/landmark_vietnam_dataset_split\train\51050\train_51050_8.jpg
train_51050_9,train,51050,Ho Chi Minh Museum,../../data/landmark_vietnam_dataset_split\train\51050\train_51050_9.jpg
train_51050_10,train,51050,Ho Chi Minh Museum,../../data/landmark_vietnam_dataset_split\train\51050\train_51050_10.jpg
train_51050_11,train,51050,Ho Chi Minh Museum,../../data/landmark_vietnam_dataset_split\train\51050\train_51050_11.jpg
train_51050_12,train,51050,Ho Chi Minh Museum,../../data/landmark_vietnam_dataset_split\train\51050\train_51050_12.jpg
train_51494_1,train,51494,"Bao Dai Villa, Nha Trang",../../data/landmark_vietnam_dataset_split\train\51494\train_51494_1.jpg
train_51494_2,train,51494,"Bao Dai Villa, Nha Trang",../../data/landmark_vietnam_dataset_split\train\51494\train_51494_2.jpg
train_51494_3,train,51494,"Bao Dai Villa, Nha Trang",../../data/landmark_vietnam_dataset_split\train\51494\train_51494_3.jpg
train_51494_4,train,51494,"Bao Dai Villa, Nha Trang",../../data/landmark_vietnam_dataset_split\train\51494\train_51494_4.jpg
train_51494_5,train,51494,"Bao Dai Villa, Nha Trang",../../data/landmark_vietnam_dataset_split\train\51494\train_51494_5.jpg
train_51494_6,train,51494,"Bao Dai Villa, Nha Trang",../../data/landmark_vietnam_dataset_split\train\51494\train_51494_6.jpg
train_51494_7,train,51494,"Bao Dai Villa, Nha Trang",../../data/landmark_vietnam_dataset_split\train\51494\train_51494_7.jpg
train_51494_8,train,51494,"Bao Dai Villa, Nha Trang",../../data/landmark_vietnam_dataset_split\train\51494\train_51494_8.jpg
train_51494_9,train,51494,"Bao Dai Villa, Nha Trang",../../data/landmark_vietnam_dataset_split\train\51494\train_51494_9.jpg
train_51494_10,train,51494,"Bao Dai Villa, Nha Trang",../../data/landmark_vietnam_dataset_split\train\51494\train_51494_10.jpg
train_51494_11,train,51494,"Bao Dai Villa, Nha Trang",../../data/landmark_vietnam_dataset_split\train\51494\train_51494_11.jpg
train_51494_12,train,51494,"Bao Dai Villa, Nha Trang",../../data/landmark_vietnam_dataset_split\train\51494\train_51494_12.jpg
train_51494_13,train,51494,"Bao Dai Villa, Nha Trang",../../data/landmark_vietnam_dataset_split\train\51494\train_51494_13.jpg
train_51494_14,train,51494,"Bao Dai Villa, Nha Trang",../../data/landmark_vietnam_dataset_split\train\51494\train_51494_14.jpg
train_51494_15,train,51494,"Bao Dai Villa, Nha Trang",../../data/landmark_vietnam_dataset_split\train\51494\train_51494_15.jpg
train_51698_1,train,51698,Cổ Pháp Pagoda,../../data/landmark_vietnam_dataset_split\train\51698\train_51698_1.jpg
train_51698_2,train,51698,Cổ Pháp Pagoda,../../data/landmark_vietnam_dataset_split\train\51698\train_51698_2.jpg
train_51698_3,train,51698,Cổ Pháp Pagoda,../../data/landmark_vietnam_dataset_split\train\51698\train_51698_3.jpg
train_51698_4,train,51698,Cổ Pháp Pagoda,../../data/landmark_vietnam_dataset_split\train\51698\train_51698_4.jpg
train_51698_5,train,51698,Cổ Pháp Pagoda,../../data/landmark_vietnam_dataset_split\train\51698\train_51698_5.jpg
train_51698_6,train,51698,Cổ Pháp Pagoda,../../data/landmark_vietnam_dataset_split\train\51698\train_51698_6.jpg
train_51698_7,train,51698,Cổ Pháp Pagoda,../../data/landmark_vietnam_dataset_split\train\51698\train_51698_7.jpg
train_51698_8,train,51698,Cổ Pháp Pagoda,../../data/landmark_vietnam_dataset_split\train\51698\train_51698_8.jpg
train_51698_9,train,51698,Cổ Pháp Pagoda,../../data/landmark_vietnam_dataset_split\train\51698\train_51698_9.jpg
train_51698_10,train,51698,Cổ Pháp Pagoda,../../data/landmark_vietnam_dataset_split\train\51698\train_51698_10.jpg
train_51698_11,train,51698,Cổ Pháp Pagoda,../../data/landmark_vietnam_dataset_split\train\51698\train_51698_11.jpg
train_51698_12,train,51698,Cổ Pháp Pagoda,../../data/landmark_vietnam_dataset_split\train\51698\train_51698_12.jpg
train_51835_1,train,51835,Museum of Ho Chi Minh City,../../data/landmark_vietnam_dataset_split\train\51835\train_51835_1.jpg
train_51835_2,train,51835,Museum of Ho Chi Minh City,../../data/landmark_vietnam_dataset_split\train\51835\train_51835_2.jpg
train_51835_3,train,51835,Museum of Ho Chi Minh City,../../data/landmark_vietnam_dataset_split\train\51835\train_51835_3.jpg
train_51835_4,train,51835,Museum of Ho Chi Minh City,../../data/landmark_vietnam_dataset_split\train\51835\train_51835_4.jpg
train_51835_5,train,51835,Museum of Ho Chi Minh City,../../data/landmark_vietnam_dataset_split\train\51835\train_51835_5.jpg
train_51835_6,train,51835,Museum of Ho Chi Minh City,../../data/landmark_vietnam_dataset_split\train\51835\train_51835_6.jpg
train_51835_7,train,51835,Museum of Ho Chi Minh City,../../data/landmark_vietnam_dataset_split\train\51835\train_51835_7.jpg
train_51835_8,train,51835,Museum of Ho Chi Minh City,../../data/landmark_vietnam_dataset_split\train\51835\train_51835_8.jpg
train_51835_9,train,51835,Museum of Ho Chi Minh City,../../data/landmark_vietnam_dataset_split\train\51835\train_51835_9.jpg
train_51835_10,train,51835,Museum of Ho Chi Minh City,../../data/landmark_vietnam_dataset_split\train\51835\train_51835_10.jpg
train_51835_11,train,51835,Museum of Ho Chi Minh City,../../data/landmark_vietnam_dataset_split\train\51835\train_51835_11.jpg
train_51835_12,train,51835,Museum of Ho Chi Minh City,../../data/landmark_vietnam_dataset_split\train\51835\train_51835_12.jpg
train_51835_13,train,51835,Museum of Ho Chi Minh City,../../data/landmark_vietnam_dataset_split\train\51835\train_51835_13.jpg
train_51835_14,train,51835,Museum of Ho Chi Minh City,../../data/landmark_vietnam_dataset_split\train\51835\train_51835_14.jpg
train_51835_15,train,51835,Museum of Ho Chi Minh City,../../data/landmark_vietnam_dataset_split\train\51835\train_51835_15.jpg
train_51835_16,train,51835,Museum of Ho Chi Minh City,../../data/landmark_vietnam_dataset_split\train\51835\train_51835_16.jpg
train_51835_17,train,51835,Museum of Ho Chi Minh City,../../data/landmark_vietnam_dataset_split\train\51835\train_51835_17.jpg
train_51835_18,train,51835,Museum of Ho Chi Minh City,../../data/landmark_vietnam_dataset_split\train\51835\train_51835_18.jpg
train_51835_19,train,51835,Museum of Ho Chi Minh City,../../data/landmark_vietnam_dataset_split\train\51835\train_51835_19.jpg
train_51835_20,train,51835,Museum of Ho Chi Minh City,../../data/landmark_vietnam_dataset_split\train\51835\train_51835_20.jpg
train_51835_21,train,51835,Museum of Ho Chi Minh City,../../data/landmark_vietnam_dataset_split\train\51835\train_51835_21.jpg
train_52015_1,train,52015,Hoa Binh Dam,../../data/landmark_vietnam_dataset_split\train\52015\train_52015_1.jpg
train_52015_2,train,52015,Hoa Binh Dam,../../data/landmark_vietnam_dataset_split\train\52015\train_52015_2.jpg
train_52015_3,train,52015,Hoa Binh Dam,../../data/landmark_vietnam_dataset_split\train\52015\train_52015_3.jpg
train_52015_4,train,52015,Hoa Binh Dam,../../data/landmark_vietnam_dataset_split\train\52015\train_52015_4.jpg
train_52015_5,train,52015,Hoa Binh Dam,../../data/landmark_vietnam_dataset_split\train\52015\train_52015_5.jpg
train_52015_6,train,52015,Hoa Binh Dam,../../data/landmark_vietnam_dataset_split\train\52015\train_52015_6.jpg
train_52015_7,train,52015,Hoa Binh Dam,../../data/landmark_vietnam_dataset_split\train\52015\train_52015_7.jpg
train_52015_8,train,52015,Hoa Binh Dam,../../data/landmark_vietnam_dataset_split\train\52015\train_52015_8.jpg
train_52015_9,train,52015,Hoa Binh Dam,../../data/landmark_vietnam_dataset_split\train\52015\train_52015_9.jpg
train_52015_10,train,52015,Hoa Binh Dam,../../data/landmark_vietnam_dataset_split\train\52015\train_52015_10.jpg
train_52015_11,train,52015,Hoa Binh Dam,../../data/landmark_vietnam_dataset_split\train\52015\train_52015_11.jpg
train_52015_12,train,52015,Hoa Binh Dam,../../data/landmark_vietnam_dataset_split\train\52015\train_52015_12.jpg
train_52015_13,train,52015,Hoa Binh Dam,../../data/landmark_vietnam_dataset_split\train\52015\train_52015_13.jpg
train_52015_14,train,52015,Hoa Binh Dam,../../data/landmark_vietnam_dataset_split\train\52015\train_52015_14.jpg
train_52015_15,train,52015,Hoa Binh Dam,../../data/landmark_vietnam_dataset_split\train\52015\train_52015_15.jpg
train_52015_16,train,52015,Hoa Binh Dam,../../data/landmark_vietnam_dataset_split\train\52015\train_52015_16.jpg
train_52015_17,train,52015,Hoa Binh Dam,../../data/landmark_vietnam_dataset_split\train\52015\train_52015_17.jpg
train_52015_18,train,52015,Hoa Binh Dam,../../data/landmark_vietnam_dataset_split\train\52015\train_52015_18.jpg
train_52015_19,train,52015,Hoa Binh Dam,../../data/landmark_vietnam_dataset_split\train\52015\train_52015_19.jpg
train_52015_20,train,52015,Hoa Binh Dam,../../data/landmark_vietnam_dataset_split\train\52015\train_52015_20.jpg
train_52015_21,train,52015,Hoa Binh Dam,../../data/landmark_vietnam_dataset_split\train\52015\train_52015_21.jpg
train_52885_1,train,52885,Kê Gà Lighthouse,../../data/landmark_vietnam_dataset_split\train\52885\train_52885_1.jpg
train_52885_2,train,52885,Kê Gà Lighthouse,../../data/landmark_vietnam_dataset_split\train\52885\train_52885_2.jpg
train_52885_3,train,52885,Kê Gà Lighthouse,../../data/landmark_vietnam_dataset_split\train\52885\train_52885_3.jpg
train_52885_4,train,52885,Kê Gà Lighthouse,../../data/landmark_vietnam_dataset_split\train\52885\train_52885_4.jpg
train_52885_5,train,52885,Kê Gà Lighthouse,../../data/landmark_vietnam_dataset_split\train\52885\train_52885_5.jpg
train_52885_6,train,52885,Kê Gà Lighthouse,../../data/landmark_vietnam_dataset_split\train\52885\train_52885_6.jpg
train_52885_7,train,52885,Kê Gà Lighthouse,../../data/landmark_vietnam_dataset_split\train\52885\train_52885_7.jpg
train_52885_8,train,52885,Kê Gà Lighthouse,../../data/landmark_vietnam_dataset_split\train\52885\train_52885_8.jpg
train_52885_9,train,52885,Kê Gà Lighthouse,../../data/landmark_vietnam_dataset_split\train\52885\train_52885_9.jpg
train_52885_10,train,52885,Kê Gà Lighthouse,../../data/landmark_vietnam_dataset_split\train\52885\train_52885_10.jpg
train_52885_11,train,52885,Kê Gà Lighthouse,../../data/landmark_vietnam_dataset_split\train\52885\train_52885_11.jpg
train_52885_12,train,52885,Kê Gà Lighthouse,../../data/landmark_vietnam_dataset_split\train\52885\train_52885_12.jpg
train_52885_13,train,52885,Kê Gà Lighthouse,../../data/landmark_vietnam_dataset_split\train\52885\train_52885_13.jpg
train_52885_14,train,52885,Kê Gà Lighthouse,../../data/landmark_vietnam_dataset_split\train\52885\train_52885_14.jpg
train_52885_15,train,52885,Kê Gà Lighthouse,../../data/landmark_vietnam_dataset_split\train\52885\train_52885_15.jpg
train_52885_16,train,52885,Kê Gà Lighthouse,../../data/landmark_vietnam_dataset_split\train\52885\train_52885_16.jpg
train_52885_17,train,52885,Kê Gà Lighthouse,../../data/landmark_vietnam_dataset_split\train\52885\train_52885_17.jpg
train_52885_18,train,52885,Kê Gà Lighthouse,../../data/landmark_vietnam_dataset_split\train\52885\train_52885_18.jpg
train_54989_1,train,54989,Vạn Niên Pagoda,../../data/landmark_vietnam_dataset_split\train\54989\train_54989_1.jpg
train_54989_2,train,54989,Vạn Niên Pagoda,../../data/landmark_vietnam_dataset_split\train\54989\train_54989_2.jpg
train_54989_3,train,54989,Vạn Niên Pagoda,../../data/landmark_vietnam_dataset_split\train\54989\train_54989_3.jpg
train_54989_4,train,54989,Vạn Niên Pagoda,../../data/landmark_vietnam_dataset_split\train\54989\train_54989_4.jpg
train_54989_5,train,54989,Vạn Niên Pagoda,../../data/landmark_vietnam_dataset_split\train\54989\train_54989_5.jpg
train_54989_6,train,54989,Vạn Niên Pagoda,../../data/landmark_vietnam_dataset_split\train\54989\train_54989_6.jpg
train_54989_7,train,54989,Vạn Niên Pagoda,../../data/landmark_vietnam_dataset_split\train\54989\train_54989_7.jpg
train_54989_8,train,54989,Vạn Niên Pagoda,../../data/landmark_vietnam_dataset_split\train\54989\train_54989_8.jpg
train_54989_9,train,54989,Vạn Niên Pagoda,../../data/landmark_vietnam_dataset_split\train\54989\train_54989_9.jpg
train_54989_10,train,54989,Vạn Niên Pagoda,../../data/landmark_vietnam_dataset_split\train\54989\train_54989_10.jpg
train_54989_11,train,54989,Vạn Niên Pagoda,../../data/landmark_vietnam_dataset_split\train\54989\train_54989_11.jpg
train_54989_12,train,54989,Vạn Niên Pagoda,../../data/landmark_vietnam_dataset_split\train\54989\train_54989_12.jpg
train_54989_13,train,54989,Vạn Niên Pagoda,../../data/landmark_vietnam_dataset_split\train\54989\train_54989_13.jpg
train_54989_14,train,54989,Vạn Niên Pagoda,../../data/landmark_vietnam_dataset_split\train\54989\train_54989_14.jpg
train_54989_15,train,54989,Vạn Niên Pagoda,../../data/landmark_vietnam_dataset_split\train\54989\train_54989_15.jpg
train_54989_16,train,54989,Vạn Niên Pagoda,../../data/landmark_vietnam_dataset_split\train\54989\train_54989_16.jpg
train_54989_17,train,54989,Vạn Niên Pagoda,../../data/landmark_vietnam_dataset_split\train\54989\train_54989_17.jpg
train_54989_18,train,54989,Vạn Niên Pagoda,../../data/landmark_vietnam_dataset_split\train\54989\train_54989_18.jpg
train_54989_19,train,54989,Vạn Niên Pagoda,../../data/landmark_vietnam_dataset_split\train\54989\train_54989_19.jpg
train_54989_20,train,54989,Vạn Niên Pagoda,../../data/landmark_vietnam_dataset_split\train\54989\train_54989_20.jpg
train_54989_21,train,54989,Vạn Niên Pagoda,../../data/landmark_vietnam_dataset_split\train\54989\train_54989_21.jpg
train_54989_22,train,54989,Vạn Niên Pagoda,../../data/landmark_vietnam_dataset_split\train\54989\train_54989_22.jpg
train_54989_23,train,54989,Vạn Niên Pagoda,../../data/landmark_vietnam_dataset_split\train\54989\train_54989_23.jpg
train_54989_24,train,54989,Vạn Niên Pagoda,../../data/landmark_vietnam_dataset_split\train\54989\train_54989_24.jpg
train_55647_1,train,55647,Hanoi Museum,../../data/landmark_vietnam_dataset_split\train\55647\train_55647_1.jpg
train_55647_2,train,55647,Hanoi Museum,../../data/landmark_vietnam_dataset_split\train\55647\train_55647_2.jpg
train_55647_3,train,55647,Hanoi Museum,../../data/landmark_vietnam_dataset_split\train\55647\train_55647_3.jpg
train_55647_4,train,55647,Hanoi Museum,../../data/landmark_vietnam_dataset_split\train\55647\train_55647_4.jpg
train_55647_5,train,55647,Hanoi Museum,../../data/landmark_vietnam_dataset_split\train\55647\train_55647_5.jpg
train_55647_6,train,55647,Hanoi Museum,../../data/landmark_vietnam_dataset_split\train\55647\train_55647_6.jpg
train_55647_7,train,55647,Hanoi Museum,../../data/landmark_vietnam_dataset_split\train\55647\train_55647_7.jpg
train_55647_8,train,55647,Hanoi Museum,../../data/landmark_vietnam_dataset_split\train\55647\train_55647_8.jpg
train_55647_9,train,55647,Hanoi Museum,../../data/landmark_vietnam_dataset_split\train\55647\train_55647_9.jpg
train_55647_10,train,55647,Hanoi Museum,../../data/landmark_vietnam_dataset_split\train\55647\train_55647_10.jpg
train_55647_11,train,55647,Hanoi Museum,../../data/landmark_vietnam_dataset_split\train\55647\train_55647_11.jpg
train_55647_12,train,55647,Hanoi Museum,../../data/landmark_vietnam_dataset_split\train\55647\train_55647_12.jpg
train_55647_13,train,55647,Hanoi Museum,../../data/landmark_vietnam_dataset_split\train\55647\train_55647_13.jpg
train_55647_14,train,55647,Hanoi Museum,../../data/landmark_vietnam_dataset_split\train\55647\train_55647_14.jpg
train_55647_15,train,55647,Hanoi Museum,../../data/landmark_vietnam_dataset_split\train\55647\train_55647_15.jpg
train_55647_16,train,55647,Hanoi Museum,../../data/landmark_vietnam_dataset_split\train\55647\train_55647_16.jpg
train_55647_17,train,55647,Hanoi Museum,../../data/landmark_vietnam_dataset_split\train\55647\train_55647_17.jpg
train_55647_18,train,55647,Hanoi Museum,../../data/landmark_vietnam_dataset_split\train\55647\train_55647_18.jpg
train_55647_19,train,55647,Hanoi Museum,../../data/landmark_vietnam_dataset_split\train\55647\train_55647_19.jpg
train_55647_20,train,55647,Hanoi Museum,../../data/landmark_vietnam_dataset_split\train\55647\train_55647_20.jpg
train_55647_21,train,55647,Hanoi Museum,../../data/landmark_vietnam_dataset_split\train\55647\train_55647_21.jpg
train_58737_1,train,58737,Bằng An,../../data/landmark_vietnam_dataset_split\train\58737\train_58737_1.jpg
train_58737_2,train,58737,Bằng An,../../data/landmark_vietnam_dataset_split\train\58737\train_58737_2.jpg
train_58737_3,train,58737,Bằng An,../../data/landmark_vietnam_dataset_split\train\58737\train_58737_3.jpg
train_58737_4,train,58737,Bằng An,../../data/landmark_vietnam_dataset_split\train\58737\train_58737_4.jpg
train_58737_5,train,58737,Bằng An,../../data/landmark_vietnam_dataset_split\train\58737\train_58737_5.jpg
train_58737_6,train,58737,Bằng An,../../data/landmark_vietnam_dataset_split\train\58737\train_58737_6.jpg
train_58737_7,train,58737,Bằng An,../../data/landmark_vietnam_dataset_split\train\58737\train_58737_7.jpg
train_58737_8,train,58737,Bằng An,../../data/landmark_vietnam_dataset_split\train\58737\train_58737_8.jpg
train_58737_9,train,58737,Bằng An,../../data/landmark_vietnam_dataset_split\train\58737\train_58737_9.jpg
train_58737_10,train,58737,Bằng An,../../data/landmark_vietnam_dataset_split\train\58737\train_58737_10.jpg
train_58737_11,train,58737,Bằng An,../../data/landmark_vietnam_dataset_split\train\58737\train_58737_11.jpg
train_58737_12,train,58737,Bằng An,../../data/landmark_vietnam_dataset_split\train\58737\train_58737_12.jpg
train_58737_13,train,58737,Bằng An,../../data/landmark_vietnam_dataset_split\train\58737\train_58737_13.jpg
train_58737_14,train,58737,Bằng An,../../data/landmark_vietnam_dataset_split\train\58737\train_58737_14.jpg
train_58737_15,train,58737,Bằng An,../../data/landmark_vietnam_dataset_split\train\58737\train_58737_15.jpg
train_58737_16,train,58737,Bằng An,../../data/landmark_vietnam_dataset_split\train\58737\train_58737_16.jpg
train_58737_17,train,58737,Bằng An,../../data/landmark_vietnam_dataset_split\train\58737\train_58737_17.jpg
train_58737_18,train,58737,Bằng An,../../data/landmark_vietnam_dataset_split\train\58737\train_58737_18.jpg
train_58737_19,train,58737,Bằng An,../../data/landmark_vietnam_dataset_split\train\58737\train_58737_19.jpg
train_58737_20,train,58737,Bằng An,../../data/landmark_vietnam_dataset_split\train\58737\train_58737_20.jpg
train_58737_21,train,58737,Bằng An,../../data/landmark_vietnam_dataset_split\train\58737\train_58737_21.jpg
train_58815_1,train,58815,"Golden Valley, Da Lat",../../data/landmark_vietnam_dataset_split\train\58815\train_58815_1.jpg
train_58815_2,train,58815,"Golden Valley, Da Lat",../../data/landmark_vietnam_dataset_split\train\58815\train_58815_2.jpg
train_58815_3,train,58815,"Golden Valley, Da Lat",../../data/landmark_vietnam_dataset_split\train\58815\train_58815_3.jpg
train_58815_4,train,58815,"Golden Valley, Da Lat",../../data/landmark_vietnam_dataset_split\train\58815\train_58815_4.jpg
train_58815_5,train,58815,"Golden Valley, Da Lat",../../data/landmark_vietnam_dataset_split\train\58815\train_58815_5.jpg
train_58815_6,train,58815,"Golden Valley, Da Lat",../../data/landmark_vietnam_dataset_split\train\58815\train_58815_6.jpg
train_58815_7,train,58815,"Golden Valley, Da Lat",../../data/landmark_vietnam_dataset_split\train\58815\train_58815_7.jpg
train_58815_8,train,58815,"Golden Valley, Da Lat",../../data/landmark_vietnam_dataset_split\train\58815\train_58815_8.jpg
train_58815_9,train,58815,"Golden Valley, Da Lat",../../data/landmark_vietnam_dataset_split\train\58815\train_58815_9.jpg
train_58815_10,train,58815,"Golden Valley, Da Lat",../../data/landmark_vietnam_dataset_split\train\58815\train_58815_10.jpg
train_58815_11,train,58815,"Golden Valley, Da Lat",../../data/landmark_vietnam_dataset_split\train\58815\train_58815_11.jpg
train_58815_12,train,58815,"Golden Valley, Da Lat",../../data/landmark_vietnam_dataset_split\train\58815\train_58815_12.jpg
train_58815_13,train,58815,"Golden Valley, Da Lat",../../data/landmark_vietnam_dataset_split\train\58815\train_58815_13.jpg
train_58815_14,train,58815,"Golden Valley, Da Lat",../../data/landmark_vietnam_dataset_split\train\58815\train_58815_14.jpg
train_58815_15,train,58815,"Golden Valley, Da Lat",../../data/landmark_vietnam_dataset_split\train\58815\train_58815_15.jpg
train_58815_16,train,58815,"Golden Valley, Da Lat",../../data/landmark_vietnam_dataset_split\train\58815\train_58815_16.jpg
train_58815_17,train,58815,"Golden Valley, Da Lat",../../data/landmark_vietnam_dataset_split\train\58815\train_58815_17.jpg
train_58815_18,train,58815,"Golden Valley, Da Lat",../../data/landmark_vietnam_dataset_split\train\58815\train_58815_18.jpg
train_58815_19,train,58815,"Golden Valley, Da Lat",../../data/landmark_vietnam_dataset_split\train\58815\train_58815_19.jpg
train_58815_20,train,58815,"Golden Valley, Da Lat",../../data/landmark_vietnam_dataset_split\train\58815\train_58815_20.jpg
train_58815_21,train,58815,"Golden Valley, Da Lat",../../data/landmark_vietnam_dataset_split\train\58815\train_58815_21.jpg
train_60036_1,train,60036,Thống Nhất Stadium,../../data/landmark_vietnam_dataset_split\train\60036\train_60036_1.jpg
train_60036_2,train,60036,Thống Nhất Stadium,../../data/landmark_vietnam_dataset_split\train\60036\train_60036_2.jpg
train_60036_3,train,60036,Thống Nhất Stadium,../../data/landmark_vietnam_dataset_split\train\60036\train_60036_3.jpg
train_60036_4,train,60036,Thống Nhất Stadium,../../data/landmark_vietnam_dataset_split\train\60036\train_60036_4.jpg
train_60036_5,train,60036,Thống Nhất Stadium,../../data/landmark_vietnam_dataset_split\train\60036\train_60036_5.jpg
train_60036_6,train,60036,Thống Nhất Stadium,../../data/landmark_vietnam_dataset_split\train\60036\train_60036_6.jpg
train_60036_7,train,60036,Thống Nhất Stadium,../../data/landmark_vietnam_dataset_split\train\60036\train_60036_7.jpg
train_60036_8,train,60036,Thống Nhất Stadium,../../data/landmark_vietnam_dataset_split\train\60036\train_60036_8.jpg
train_60036_9,train,60036,Thống Nhất Stadium,../../data/landmark_vietnam_dataset_split\train\60036\train_60036_9.jpg
train_60036_10,train,60036,Thống Nhất Stadium,../../data/landmark_vietnam_dataset_split\train\60036\train_60036_10.jpg
train_60036_11,train,60036,Thống Nhất Stadium,../../data/landmark_vietnam_dataset_split\train\60036\train_60036_11.jpg
train_60036_12,train,60036,Thống Nhất Stadium,../../data/landmark_vietnam_dataset_split\train\60036\train_60036_12.jpg
train_60036_13,train,60036,Thống Nhất Stadium,../../data/landmark_vietnam_dataset_split\train\60036\train_60036_13.jpg
train_60036_14,train,60036,Thống Nhất Stadium,../../data/landmark_vietnam_dataset_split\train\60036\train_60036_14.jpg
train_60036_15,train,60036,Thống Nhất Stadium,../../data/landmark_vietnam_dataset_split\train\60036\train_60036_15.jpg
train_60036_16,train,60036,Thống Nhất Stadium,../../data/landmark_vietnam_dataset_split\train\60036\train_60036_16.jpg
train_60036_17,train,60036,Thống Nhất Stadium,../../data/landmark_vietnam_dataset_split\train\60036\train_60036_17.jpg
train_60036_18,train,60036,Thống Nhất Stadium,../../data/landmark_vietnam_dataset_split\train\60036\train_60036_18.jpg
train_60036_19,train,60036,Thống Nhất Stadium,../../data/landmark_vietnam_dataset_split\train\60036\train_60036_19.jpg
train_60036_20,train,60036,Thống Nhất Stadium,../../data/landmark_vietnam_dataset_split\train\60036\train_60036_20.jpg
train_60036_21,train,60036,Thống Nhất Stadium,../../data/landmark_vietnam_dataset_split\train\60036\train_60036_21.jpg
train_60252_1,train,60252,My Thuan Bridge,../../data/landmark_vietnam_dataset_split\train\60252\train_60252_1.jpg
train_60252_2,train,60252,My Thuan Bridge,../../data/landmark_vietnam_dataset_split\train\60252\train_60252_2.jpg
train_60252_3,train,60252,My Thuan Bridge,../../data/landmark_vietnam_dataset_split\train\60252\train_60252_3.jpg
train_60252_4,train,60252,My Thuan Bridge,../../data/landmark_vietnam_dataset_split\train\60252\train_60252_4.jpg
train_60252_5,train,60252,My Thuan Bridge,../../data/landmark_vietnam_dataset_split\train\60252\train_60252_5.jpg
train_60252_6,train,60252,My Thuan Bridge,../../data/landmark_vietnam_dataset_split\train\60252\train_60252_6.jpg
train_60252_7,train,60252,My Thuan Bridge,../../data/landmark_vietnam_dataset_split\train\60252\train_60252_7.jpg
train_60252_8,train,60252,My Thuan Bridge,../../data/landmark_vietnam_dataset_split\train\60252\train_60252_8.jpg
train_60252_9,train,60252,My Thuan Bridge,../../data/landmark_vietnam_dataset_split\train\60252\train_60252_9.jpg
train_60252_10,train,60252,My Thuan Bridge,../../data/landmark_vietnam_dataset_split\train\60252\train_60252_10.jpg
train_60252_11,train,60252,My Thuan Bridge,../../data/landmark_vietnam_dataset_split\train\60252\train_60252_11.jpg
train_60252_12,train,60252,My Thuan Bridge,../../data/landmark_vietnam_dataset_split\train\60252\train_60252_12.jpg
train_60252_13,train,60252,My Thuan Bridge,../../data/landmark_vietnam_dataset_split\train\60252\train_60252_13.jpg
train_60252_14,train,60252,My Thuan Bridge,../../data/landmark_vietnam_dataset_split\train\60252\train_60252_14.jpg
train_60252_15,train,60252,My Thuan Bridge,../../data/landmark_vietnam_dataset_split\train\60252\train_60252_15.jpg
train_60252_16,train,60252,My Thuan Bridge,../../data/landmark_vietnam_dataset_split\train\60252\train_60252_16.jpg
train_60252_17,train,60252,My Thuan Bridge,../../data/landmark_vietnam_dataset_split\train\60252\train_60252_17.jpg
train_60252_18,train,60252,My Thuan Bridge,../../data/landmark_vietnam_dataset_split\train\60252\train_60252_18.jpg
train_60252_19,train,60252,My Thuan Bridge,../../data/landmark_vietnam_dataset_split\train\60252\train_60252_19.jpg
train_60252_20,train,60252,My Thuan Bridge,../../data/landmark_vietnam_dataset_split\train\60252\train_60252_20.jpg
train_60252_21,train,60252,My Thuan Bridge,../../data/landmark_vietnam_dataset_split\train\60252\train_60252_21.jpg
train_60252_22,train,60252,My Thuan Bridge,../../data/landmark_vietnam_dataset_split\train\60252\train_60252_22.jpg
train_60252_23,train,60252,My Thuan Bridge,../../data/landmark_vietnam_dataset_split\train\60252\train_60252_23.jpg
train_60252_24,train,60252,My Thuan Bridge,../../data/landmark_vietnam_dataset_split\train\60252\train_60252_24.jpg
train_60252_25,train,60252,My Thuan Bridge,../../data/landmark_vietnam_dataset_split\train\60252\train_60252_25.jpg
train_60252_26,train,60252,My Thuan Bridge,../../data/landmark_vietnam_dataset_split\train\60252\train_60252_26.jpg
train_60252_27,train,60252,My Thuan Bridge,../../data/landmark_vietnam_dataset_split\train\60252\train_60252_27.jpg
train_60719_1,train,60719,Tuyen Lam Lake,../../data/landmark_vietnam_dataset_split\train\60719\train_60719_1.jpg
train_60719_2,train,60719,Tuyen Lam Lake,../../data/landmark_vietnam_dataset_split\train\60719\train_60719_2.jpg
train_60719_3,train,60719,Tuyen Lam Lake,../../data/landmark_vietnam_dataset_split\train\60719\train_60719_3.jpg
train_60719_4,train,60719,Tuyen Lam Lake,../../data/landmark_vietnam_dataset_split\train\60719\train_60719_4.jpg
train_60719_5,train,60719,Tuyen Lam Lake,../../data/landmark_vietnam_dataset_split\train\60719\train_60719_5.jpg
train_60719_6,train,60719,Tuyen Lam Lake,../../data/landmark_vietnam_dataset_split\train\60719\train_60719_6.jpg
train_60719_7,train,60719,Tuyen Lam Lake,../../data/landmark_vietnam_dataset_split\train\60719\train_60719_7.jpg
train_60719_8,train,60719,Tuyen Lam Lake,../../data/landmark_vietnam_dataset_split\train\60719\train_60719_8.jpg
train_60719_9,train,60719,Tuyen Lam Lake,../../data/landmark_vietnam_dataset_split\train\60719\train_60719_9.jpg
train_60719_10,train,60719,Tuyen Lam Lake,../../data/landmark_vietnam_dataset_split\train\60719\train_60719_10.jpg
train_60719_11,train,60719,Tuyen Lam Lake,../../data/landmark_vietnam_dataset_split\train\60719\train_60719_11.jpg
train_60719_12,train,60719,Tuyen Lam Lake,../../data/landmark_vietnam_dataset_split\train\60719\train_60719_12.jpg
train_60719_13,train,60719,Tuyen Lam Lake,../../data/landmark_vietnam_dataset_split\train\60719\train_60719_13.jpg
train_60719_14,train,60719,Tuyen Lam Lake,../../data/landmark_vietnam_dataset_split\train\60719\train_60719_14.jpg
train_60719_15,train,60719,Tuyen Lam Lake,../../data/landmark_vietnam_dataset_split\train\60719\train_60719_15.jpg
train_60719_16,train,60719,Tuyen Lam Lake,../../data/landmark_vietnam_dataset_split\train\60719\train_60719_16.jpg
train_60719_17,train,60719,Tuyen Lam Lake,../../data/landmark_vietnam_dataset_split\train\60719\train_60719_17.jpg
train_60719_18,train,60719,Tuyen Lam Lake,../../data/landmark_vietnam_dataset_split\train\60719\train_60719_18.jpg
train_60719_19,train,60719,Tuyen Lam Lake,../../data/landmark_vietnam_dataset_split\train\60719\train_60719_19.jpg
train_60719_20,train,60719,Tuyen Lam Lake,../../data/landmark_vietnam_dataset_split\train\60719\train_60719_20.jpg
train_60719_21,train,60719,Tuyen Lam Lake,../../data/landmark_vietnam_dataset_split\train\60719\train_60719_21.jpg
train_62292_1,train,62292,Vĩnh Tế Canal,../../data/landmark_vietnam_dataset_split\train\62292\train_62292_1.jpg
train_62292_2,train,62292,Vĩnh Tế Canal,../../data/landmark_vietnam_dataset_split\train\62292\train_62292_2.jpg
train_62292_3,train,62292,Vĩnh Tế Canal,../../data/landmark_vietnam_dataset_split\train\62292\train_62292_3.jpg
train_62292_4,train,62292,Vĩnh Tế Canal,../../data/landmark_vietnam_dataset_split\train\62292\train_62292_4.jpg
train_62292_5,train,62292,Vĩnh Tế Canal,../../data/landmark_vietnam_dataset_split\train\62292\train_62292_5.jpg
train_62292_6,train,62292,Vĩnh Tế Canal,../../data/landmark_vietnam_dataset_split\train\62292\train_62292_6.jpg
train_62292_7,train,62292,Vĩnh Tế Canal,../../data/landmark_vietnam_dataset_split\train\62292\train_62292_7.jpg
train_62292_8,train,62292,Vĩnh Tế Canal,../../data/landmark_vietnam_dataset_split\train\62292\train_62292_8.jpg
train_62292_9,train,62292,Vĩnh Tế Canal,../../data/landmark_vietnam_dataset_split\train\62292\train_62292_9.jpg
train_62292_10,train,62292,Vĩnh Tế Canal,../../data/landmark_vietnam_dataset_split\train\62292\train_62292_10.jpg
train_62292_11,train,62292,Vĩnh Tế Canal,../../data/landmark_vietnam_dataset_split\train\62292\train_62292_11.jpg
train_62292_12,train,62292,Vĩnh Tế Canal,../../data/landmark_vietnam_dataset_split\train\62292\train_62292_12.jpg
train_62292_13,train,62292,Vĩnh Tế Canal,../../data/landmark_vietnam_dataset_split\train\62292\train_62292_13.jpg
train_62292_14,train,62292,Vĩnh Tế Canal,../../data/landmark_vietnam_dataset_split\train\62292\train_62292_14.jpg
train_62292_15,train,62292,Vĩnh Tế Canal,../../data/landmark_vietnam_dataset_split\train\62292\train_62292_15.jpg
train_62292_16,train,62292,Vĩnh Tế Canal,../../data/landmark_vietnam_dataset_split\train\62292\train_62292_16.jpg
train_62292_17,train,62292,Vĩnh Tế Canal,../../data/landmark_vietnam_dataset_split\train\62292\train_62292_17.jpg
train_62292_18,train,62292,Vĩnh Tế Canal,../../data/landmark_vietnam_dataset_split\train\62292\train_62292_18.jpg
train_62292_19,train,62292,Vĩnh Tế Canal,../../data/landmark_vietnam_dataset_split\train\62292\train_62292_19.jpg
train_62292_20,train,62292,Vĩnh Tế Canal,../../data/landmark_vietnam_dataset_split\train\62292\train_62292_20.jpg
train_62292_21,train,62292,Vĩnh Tế Canal,../../data/landmark_vietnam_dataset_split\train\62292\train_62292_21.jpg
train_62292_22,train,62292,Vĩnh Tế Canal,../../data/landmark_vietnam_dataset_split\train\62292\train_62292_22.jpg
train_62292_23,train,62292,Vĩnh Tế Canal,../../data/landmark_vietnam_dataset_split\train\62292\train_62292_23.jpg
train_62292_24,train,62292,Vĩnh Tế Canal,../../data/landmark_vietnam_dataset_split\train\62292\train_62292_24.jpg
train_62708_1,train,62708,Hai Van Pass,../../data/landmark_vietnam_dataset_split\train\62708\train_62708_1.jpg
train_62708_2,train,62708,Hai Van Pass,../../data/landmark_vietnam_dataset_split\train\62708\train_62708_2.jpg
train_62708_3,train,62708,Hai Van Pass,../../data/landmark_vietnam_dataset_split\train\62708\train_62708_3.jpg
train_62708_4,train,62708,Hai Van Pass,../../data/landmark_vietnam_dataset_split\train\62708\train_62708_4.jpg
train_62708_5,train,62708,Hai Van Pass,../../data/landmark_vietnam_dataset_split\train\62708\train_62708_5.jpg
train_62708_6,train,62708,Hai Van Pass,../../data/landmark_vietnam_dataset_split\train\62708\train_62708_6.jpg
train_62708_7,train,62708,Hai Van Pass,../../data/landmark_vietnam_dataset_split\train\62708\train_62708_7.jpg
train_62708_8,train,62708,Hai Van Pass,../../data/landmark_vietnam_dataset_split\train\62708\train_62708_8.jpg
train_62708_9,train,62708,Hai Van Pass,../../data/landmark_vietnam_dataset_split\train\62708\train_62708_9.jpg
train_62708_10,train,62708,Hai Van Pass,../../data/landmark_vietnam_dataset_split\train\62708\train_62708_10.jpg
train_62708_11,train,62708,Hai Van Pass,../../data/landmark_vietnam_dataset_split\train\62708\train_62708_11.jpg
train_62708_12,train,62708,Hai Van Pass,../../data/landmark_vietnam_dataset_split\train\62708\train_62708_12.jpg
train_62708_13,train,62708,Hai Van Pass,../../data/landmark_vietnam_dataset_split\train\62708\train_62708_13.jpg
train_62708_14,train,62708,Hai Van Pass,../../data/landmark_vietnam_dataset_split\train\62708\train_62708_14.jpg
train_62708_15,train,62708,Hai Van Pass,../../data/landmark_vietnam_dataset_split\train\62708\train_62708_15.jpg
train_62708_16,train,62708,Hai Van Pass,../../data/landmark_vietnam_dataset_split\train\62708\train_62708_16.jpg
train_62708_17,train,62708,Hai Van Pass,../../data/landmark_vietnam_dataset_split\train\62708\train_62708_17.jpg
train_62708_18,train,62708,Hai Van Pass,../../data/landmark_vietnam_dataset_split\train\62708\train_62708_18.jpg
train_62827_1,train,62827,Jeanne d'Arc Church (Ho Chi Minh City),../../data/landmark_vietnam_dataset_split\train\62827\train_62827_1.jpg
train_62827_2,train,62827,Jeanne d'Arc Church (Ho Chi Minh City),../../data/landmark_vietnam_dataset_split\train\62827\train_62827_2.jpg
train_62827_3,train,62827,Jeanne d'Arc Church (Ho Chi Minh City),../../data/landmark_vietnam_dataset_split\train\62827\train_62827_3.jpg
train_62827_4,train,62827,Jeanne d'Arc Church (Ho Chi Minh City),../../data/landmark_vietnam_dataset_split\train\62827\train_62827_4.jpg
train_62827_5,train,62827,Jeanne d'Arc Church (Ho Chi Minh City),../../data/landmark_vietnam_dataset_split\train\62827\train_62827_5.jpg
train_62827_6,train,62827,Jeanne d'Arc Church (Ho Chi Minh City),../../data/landmark_vietnam_dataset_split\train\62827\train_62827_6.jpg
train_62827_7,train,62827,Jeanne d'Arc Church (Ho Chi Minh City),../../data/landmark_vietnam_dataset_split\train\62827\train_62827_7.jpg
train_62827_8,train,62827,Jeanne d'Arc Church (Ho Chi Minh City),../../data/landmark_vietnam_dataset_split\train\62827\train_62827_8.jpg
train_62827_9,train,62827,Jeanne d'Arc Church (Ho Chi Minh City),../../data/landmark_vietnam_dataset_split\train\62827\train_62827_9.jpg
train_62827_10,train,62827,Jeanne d'Arc Church (Ho Chi Minh City),../../data/landmark_vietnam_dataset_split\train\62827\train_62827_10.jpg
train_62827_11,train,62827,Jeanne d'Arc Church (Ho Chi Minh City),../../data/landmark_vietnam_dataset_split\train\62827\train_62827_11.jpg
train_62827_12,train,62827,Jeanne d'Arc Church (Ho Chi Minh City),../../data/landmark_vietnam_dataset_split\train\62827\train_62827_12.jpg
train_62827_13,train,62827,Jeanne d'Arc Church (Ho Chi Minh City),../../data/landmark_vietnam_dataset_split\train\62827\train_62827_13.jpg
train_62827_14,train,62827,Jeanne d'Arc Church (Ho Chi Minh City),../../data/landmark_vietnam_dataset_split\train\62827\train_62827_14.jpg
train_62827_15,train,62827,Jeanne d'Arc Church (Ho Chi Minh City),../../data/landmark_vietnam_dataset_split\train\62827\train_62827_15.jpg
train_62827_16,train,62827,Jeanne d'Arc Church (Ho Chi Minh City),../../data/landmark_vietnam_dataset_split\train\62827\train_62827_16.jpg
train_62827_17,train,62827,Jeanne d'Arc Church (Ho Chi Minh City),../../data/landmark_vietnam_dataset_split\train\62827\train_62827_17.jpg
train_62827_18,train,62827,Jeanne d'Arc Church (Ho Chi Minh City),../../data/landmark_vietnam_dataset_split\train\62827\train_62827_18.jpg
train_62827_19,train,62827,Jeanne d'Arc Church (Ho Chi Minh City),../../data/landmark_vietnam_dataset_split\train\62827\train_62827_19.jpg
train_62827_20,train,62827,Jeanne d'Arc Church (Ho Chi Minh City),../../data/landmark_vietnam_dataset_split\train\62827\train_62827_20.jpg
train_62827_21,train,62827,Jeanne d'Arc Church (Ho Chi Minh City),../../data/landmark_vietnam_dataset_split\train\62827\train_62827_21.jpg
train_66659_1,train,66659,Hoàng Liên Sơn mountain range,../../data/landmark_vietnam_dataset_split\train\66659\train_66659_1.jpg
train_66659_2,train,66659,Hoàng Liên Sơn mountain range,../../data/landmark_vietnam_dataset_split\train\66659\train_66659_2.jpg
train_66659_3,train,66659,Hoàng Liên Sơn mountain range,../../data/landmark_vietnam_dataset_split\train\66659\train_66659_3.jpg
train_66659_4,train,66659,Hoàng Liên Sơn mountain range,../../data/landmark_vietnam_dataset_split\train\66659\train_66659_4.jpg
train_66659_5,train,66659,Hoàng Liên Sơn mountain range,../../data/landmark_vietnam_dataset_split\train\66659\train_66659_5.jpg
train_66659_6,train,66659,Hoàng Liên Sơn mountain range,../../data/landmark_vietnam_dataset_split\train\66659\train_66659_6.jpg
train_66659_7,train,66659,Hoàng Liên Sơn mountain range,../../data/landmark_vietnam_dataset_split\train\66659\train_66659_7.jpg
train_66659_8,train,66659,Hoàng Liên Sơn mountain range,../../data/landmark_vietnam_dataset_split\train\66659\train_66659_8.jpg
train_66659_9,train,66659,Hoàng Liên Sơn mountain range,../../data/landmark_vietnam_dataset_split\train\66659\train_66659_9.jpg
train_66659_10,train,66659,Hoàng Liên Sơn mountain range,../../data/landmark_vietnam_dataset_split\train\66659\train_66659_10.jpg
train_66659_11,train,66659,Hoàng Liên Sơn mountain range,../../data/landmark_vietnam_dataset_split\train\66659\train_66659_11.jpg
train_66659_12,train,66659,Hoàng Liên Sơn mountain range,../../data/landmark_vietnam_dataset_split\train\66659\train_66659_12.jpg
train_66659_13,train,66659,Hoàng Liên Sơn mountain range,../../data/landmark_vietnam_dataset_split\train\66659\train_66659_13.jpg
train_66659_14,train,66659,Hoàng Liên Sơn mountain range,../../data/landmark_vietnam_dataset_split\train\66659\train_66659_14.jpg
train_66659_15,train,66659,Hoàng Liên Sơn mountain range,../../data/landmark_vietnam_dataset_split\train\66659\train_66659_15.jpg
train_66659_16,train,66659,Hoàng Liên Sơn mountain range,../../data/landmark_vietnam_dataset_split\train\66659\train_66659_16.jpg
train_66659_17,train,66659,Hoàng Liên Sơn mountain range,../../data/landmark_vietnam_dataset_split\train\66659\train_66659_17.jpg
train_66659_18,train,66659,Hoàng Liên Sơn mountain range,../../data/landmark_vietnam_dataset_split\train\66659\train_66659_18.jpg
train_66659_19,train,66659,Hoàng Liên Sơn mountain range,../../data/landmark_vietnam_dataset_split\train\66659\train_66659_19.jpg
train_66659_20,train,66659,Hoàng Liên Sơn mountain range,../../data/landmark_vietnam_dataset_split\train\66659\train_66659_20.jpg
train_66659_21,train,66659,Hoàng Liên Sơn mountain range,../../data/landmark_vietnam_dataset_split\train\66659\train_66659_21.jpg
train_66988_1,train,66988,Vinh Nghiem Temple,../../data/landmark_vietnam_dataset_split\train\66988\train_66988_1.jpg
train_66988_2,train,66988,Vinh Nghiem Temple,../../data/landmark_vietnam_dataset_split\train\66988\train_66988_2.jpg
train_66988_3,train,66988,Vinh Nghiem Temple,../../data/landmark_vietnam_dataset_split\train\66988\train_66988_3.jpg
train_66988_4,train,66988,Vinh Nghiem Temple,../../data/landmark_vietnam_dataset_split\train\66988\train_66988_4.jpg
train_66988_5,train,66988,Vinh Nghiem Temple,../../data/landmark_vietnam_dataset_split\train\66988\train_66988_5.jpg
train_66988_6,train,66988,Vinh Nghiem Temple,../../data/landmark_vietnam_dataset_split\train\66988\train_66988_6.jpg
train_66988_7,train,66988,Vinh Nghiem Temple,../../data/landmark_vietnam_dataset_split\train\66988\train_66988_7.jpg
train_66988_8,train,66988,Vinh Nghiem Temple,../../data/landmark_vietnam_dataset_split\train\66988\train_66988_8.jpg
train_66988_9,train,66988,Vinh Nghiem Temple,../../data/landmark_vietnam_dataset_split\train\66988\train_66988_9.jpg
train_66988_10,train,66988,Vinh Nghiem Temple,../../data/landmark_vietnam_dataset_split\train\66988\train_66988_10.jpg
train_66988_11,train,66988,Vinh Nghiem Temple,../../data/landmark_vietnam_dataset_split\train\66988\train_66988_11.jpg
train_66988_12,train,66988,Vinh Nghiem Temple,../../data/landmark_vietnam_dataset_split\train\66988\train_66988_12.jpg
train_66988_13,train,66988,Vinh Nghiem Temple,../../data/landmark_vietnam_dataset_split\train\66988\train_66988_13.jpg
train_66988_14,train,66988,Vinh Nghiem Temple,../../data/landmark_vietnam_dataset_split\train\66988\train_66988_14.jpg
train_66988_15,train,66988,Vinh Nghiem Temple,../../data/landmark_vietnam_dataset_split\train\66988\train_66988_15.jpg
train_66988_16,train,66988,Vinh Nghiem Temple,../../data/landmark_vietnam_dataset_split\train\66988\train_66988_16.jpg
train_66988_17,train,66988,Vinh Nghiem Temple,../../data/landmark_vietnam_dataset_split\train\66988\train_66988_17.jpg
train_66988_18,train,66988,Vinh Nghiem Temple,../../data/landmark_vietnam_dataset_split\train\66988\train_66988_18.jpg
train_66988_19,train,66988,Vinh Nghiem Temple,../../data/landmark_vietnam_dataset_split\train\66988\train_66988_19.jpg
train_66988_20,train,66988,Vinh Nghiem Temple,../../data/landmark_vietnam_dataset_split\train\66988\train_66988_20.jpg
train_66988_21,train,66988,Vinh Nghiem Temple,../../data/landmark_vietnam_dataset_split\train\66988\train_66988_21.jpg
train_67114_1,train,67114,Bai Dinh Pagoda,../../data/landmark_vietnam_dataset_split\train\67114\train_67114_1.jpg
train_67114_2,train,67114,Bai Dinh Pagoda,../../data/landmark_vietnam_dataset_split\train\67114\train_67114_2.jpg
train_67114_3,train,67114,Bai Dinh Pagoda,../../data/landmark_vietnam_dataset_split\train\67114\train_67114_3.jpg
train_67114_4,train,67114,Bai Dinh Pagoda,../../data/landmark_vietnam_dataset_split\train\67114\train_67114_4.jpg
train_67114_5,train,67114,Bai Dinh Pagoda,../../data/landmark_vietnam_dataset_split\train\67114\train_67114_5.jpg
train_67114_6,train,67114,Bai Dinh Pagoda,../../data/landmark_vietnam_dataset_split\train\67114\train_67114_6.jpg
train_67114_7,train,67114,Bai Dinh Pagoda,../../data/landmark_vietnam_dataset_split\train\67114\train_67114_7.jpg
train_67114_8,train,67114,Bai Dinh Pagoda,../../data/landmark_vietnam_dataset_split\train\67114\train_67114_8.jpg
train_67114_9,train,67114,Bai Dinh Pagoda,../../data/landmark_vietnam_dataset_split\train\67114\train_67114_9.jpg
train_67114_10,train,67114,Bai Dinh Pagoda,../../data/landmark_vietnam_dataset_split\train\67114\train_67114_10.jpg
train_67114_11,train,67114,Bai Dinh Pagoda,../../data/landmark_vietnam_dataset_split\train\67114\train_67114_11.jpg
train_67114_12,train,67114,Bai Dinh Pagoda,../../data/landmark_vietnam_dataset_split\train\67114\train_67114_12.jpg
train_67114_13,train,67114,Bai Dinh Pagoda,../../data/landmark_vietnam_dataset_split\train\67114\train_67114_13.jpg
train_67114_14,train,67114,Bai Dinh Pagoda,../../data/landmark_vietnam_dataset_split\train\67114\train_67114_14.jpg
train_67114_15,train,67114,Bai Dinh Pagoda,../../data/landmark_vietnam_dataset_split\train\67114\train_67114_15.jpg
train_67114_16,train,67114,Bai Dinh Pagoda,../../data/landmark_vietnam_dataset_split\train\67114\train_67114_16.jpg
train_67114_17,train,67114,Bai Dinh Pagoda,../../data/landmark_vietnam_dataset_split\train\67114\train_67114_17.jpg
train_67114_18,train,67114,Bai Dinh Pagoda,../../data/landmark_vietnam_dataset_split\train\67114\train_67114_18.jpg
train_67114_19,train,67114,Bai Dinh Pagoda,../../data/landmark_vietnam_dataset_split\train\67114\train_67114_19.jpg
train_67114_20,train,67114,Bai Dinh Pagoda,../../data/landmark_vietnam_dataset_split\train\67114\train_67114_20.jpg
train_67114_21,train,67114,Bai Dinh Pagoda,../../data/landmark_vietnam_dataset_split\train\67114\train_67114_21.jpg
train_69727_1,train,69727,Da Nang Cathedral,../../data/landmark_vietnam_dataset_split\train\69727\train_69727_1.jpg
train_69727_2,train,69727,Da Nang Cathedral,../../data/landmark_vietnam_dataset_split\train\69727\train_69727_2.jpg
train_69727_3,train,69727,Da Nang Cathedral,../../data/landmark_vietnam_dataset_split\train\69727\train_69727_3.jpg
train_69727_4,train,69727,Da Nang Cathedral,../../data/landmark_vietnam_dataset_split\train\69727\train_69727_4.jpg
train_69727_5,train,69727,Da Nang Cathedral,../../data/landmark_vietnam_dataset_split\train\69727\train_69727_5.jpg
train_69727_6,train,69727,Da Nang Cathedral,../../data/landmark_vietnam_dataset_split\train\69727\train_69727_6.jpg
train_69727_7,train,69727,Da Nang Cathedral,../../data/landmark_vietnam_dataset_split\train\69727\train_69727_7.jpg
train_69727_8,train,69727,Da Nang Cathedral,../../data/landmark_vietnam_dataset_split\train\69727\train_69727_8.jpg
train_69727_9,train,69727,Da Nang Cathedral,../../data/landmark_vietnam_dataset_split\train\69727\train_69727_9.jpg
train_69727_10,train,69727,Da Nang Cathedral,../../data/landmark_vietnam_dataset_split\train\69727\train_69727_10.jpg
train_69727_11,train,69727,Da Nang Cathedral,../../data/landmark_vietnam_dataset_split\train\69727\train_69727_11.jpg
train_69727_12,train,69727,Da Nang Cathedral,../../data/landmark_vietnam_dataset_split\train\69727\train_69727_12.jpg
train_69727_13,train,69727,Da Nang Cathedral,../../data/landmark_vietnam_dataset_split\train\69727\train_69727_13.jpg
train_69727_14,train,69727,Da Nang Cathedral,../../data/landmark_vietnam_dataset_split\train\69727\train_69727_14.jpg
train_69727_15,train,69727,Da Nang Cathedral,../../data/landmark_vietnam_dataset_split\train\69727\train_69727_15.jpg
train_69727_16,train,69727,Da Nang Cathedral,../../data/landmark_vietnam_dataset_split\train\69727\train_69727_16.jpg
train_69727_17,train,69727,Da Nang Cathedral,../../data/landmark_vietnam_dataset_split\train\69727\train_69727_17.jpg
train_69727_18,train,69727,Da Nang Cathedral,../../data/landmark_vietnam_dataset_split\train\69727\train_69727_18.jpg
train_69727_19,train,69727,Da Nang Cathedral,../../data/landmark_vietnam_dataset_split\train\69727\train_69727_19.jpg
train_69727_20,train,69727,Da Nang Cathedral,../../data/landmark_vietnam_dataset_split\train\69727\train_69727_20.jpg
train_69727_21,train,69727,Da Nang Cathedral,../../data/landmark_vietnam_dataset_split\train\69727\train_69727_21.jpg
train_71126_1,train,71126,Ho Chi Minh City Museum of Fine Arts,../../data/landmark_vietnam_dataset_split\train\71126\train_71126_1.jpg
train_71126_2,train,71126,Ho Chi Minh City Museum of Fine Arts,../../data/landmark_vietnam_dataset_split\train\71126\train_71126_2.jpg
train_71126_3,train,71126,Ho Chi Minh City Museum of Fine Arts,../../data/landmark_vietnam_dataset_split\train\71126\train_71126_3.jpg
train_71126_4,train,71126,Ho Chi Minh City Museum of Fine Arts,../../data/landmark_vietnam_dataset_split\train\71126\train_71126_4.jpg
train_71126_5,train,71126,Ho Chi Minh City Museum of Fine Arts,../../data/landmark_vietnam_dataset_split\train\71126\train_71126_5.jpg
train_71126_6,train,71126,Ho Chi Minh City Museum of Fine Arts,../../data/landmark_vietnam_dataset_split\train\71126\train_71126_6.jpg
train_71126_7,train,71126,Ho Chi Minh City Museum of Fine Arts,../../data/landmark_vietnam_dataset_split\train\71126\train_71126_7.jpg
train_71126_8,train,71126,Ho Chi Minh City Museum of Fine Arts,../../data/landmark_vietnam_dataset_split\train\71126\train_71126_8.jpg
train_71126_9,train,71126,Ho Chi Minh City Museum of Fine Arts,../../data/landmark_vietnam_dataset_split\train\71126\train_71126_9.jpg
train_71126_10,train,71126,Ho Chi Minh City Museum of Fine Arts,../../data/landmark_vietnam_dataset_split\train\71126\train_71126_10.jpg
train_71126_11,train,71126,Ho Chi Minh City Museum of Fine Arts,../../data/landmark_vietnam_dataset_split\train\71126\train_71126_11.jpg
train_71126_12,train,71126,Ho Chi Minh City Museum of Fine Arts,../../data/landmark_vietnam_dataset_split\train\71126\train_71126_12.jpg
train_71126_13,train,71126,Ho Chi Minh City Museum of Fine Arts,../../data/landmark_vietnam_dataset_split\train\71126\train_71126_13.jpg
train_71126_14,train,71126,Ho Chi Minh City Museum of Fine Arts,../../data/landmark_vietnam_dataset_split\train\71126\train_71126_14.jpg
train_71126_15,train,71126,Ho Chi Minh City Museum of Fine Arts,../../data/landmark_vietnam_dataset_split\train\71126\train_71126_15.jpg
train_71126_16,train,71126,Ho Chi Minh City Museum of Fine Arts,../../data/landmark_vietnam_dataset_split\train\71126\train_71126_16.jpg
train_71126_17,train,71126,Ho Chi Minh City Museum of Fine Arts,../../data/landmark_vietnam_dataset_split\train\71126\train_71126_17.jpg
train_71126_18,train,71126,Ho Chi Minh City Museum of Fine Arts,../../data/landmark_vietnam_dataset_split\train\71126\train_71126_18.jpg
train_71126_19,train,71126,Ho Chi Minh City Museum of Fine Arts,../../data/landmark_vietnam_dataset_split\train\71126\train_71126_19.jpg
train_71126_20,train,71126,Ho Chi Minh City Museum of Fine Arts,../../data/landmark_vietnam_dataset_split\train\71126\train_71126_20.jpg
train_71126_21,train,71126,Ho Chi Minh City Museum of Fine Arts,../../data/landmark_vietnam_dataset_split\train\71126\train_71126_21.jpg
train_71126_22,train,71126,Ho Chi Minh City Museum of Fine Arts,../../data/landmark_vietnam_dataset_split\train\71126\train_71126_22.jpg
train_71126_23,train,71126,Ho Chi Minh City Museum of Fine Arts,../../data/landmark_vietnam_dataset_split\train\71126\train_71126_23.jpg
train_71126_24,train,71126,Ho Chi Minh City Museum of Fine Arts,../../data/landmark_vietnam_dataset_split\train\71126\train_71126_24.jpg
train_71126_25,train,71126,Ho Chi Minh City Museum of Fine Arts,../../data/landmark_vietnam_dataset_split\train\71126\train_71126_25.jpg
train_71126_26,train,71126,Ho Chi Minh City Museum of Fine Arts,../../data/landmark_vietnam_dataset_split\train\71126\train_71126_26.jpg
train_71126_27,train,71126,Ho Chi Minh City Museum of Fine Arts,../../data/landmark_vietnam_dataset_split\train\71126\train_71126_27.jpg
train_71489_1,train,71489,Hoi Khanh Temple,../../data/landmark_vietnam_dataset_split\train\71489\train_71489_1.jpg
train_71489_2,train,71489,Hoi Khanh Temple,../../data/landmark_vietnam_dataset_split\train\71489\train_71489_2.jpg
train_71489_3,train,71489,Hoi Khanh Temple,../../data/landmark_vietnam_dataset_split\train\71489\train_71489_3.jpg
train_71489_4,train,71489,Hoi Khanh Temple,../../data/landmark_vietnam_dataset_split\train\71489\train_71489_4.jpg
train_71489_5,train,71489,Hoi Khanh Temple,../../data/landmark_vietnam_dataset_split\train\71489\train_71489_5.jpg
train_71489_6,train,71489,Hoi Khanh Temple,../../data/landmark_vietnam_dataset_split\train\71489\train_71489_6.jpg
train_71489_7,train,71489,Hoi Khanh Temple,../../data/landmark_vietnam_dataset_split\train\71489\train_71489_7.jpg
train_71489_8,train,71489,Hoi Khanh Temple,../../data/landmark_vietnam_dataset_split\train\71489\train_71489_8.jpg
train_71489_9,train,71489,Hoi Khanh Temple,../../data/landmark_vietnam_dataset_split\train\71489\train_71489_9.jpg
train_71489_10,train,71489,Hoi Khanh Temple,../../data/landmark_vietnam_dataset_split\train\71489\train_71489_10.jpg
train_71489_11,train,71489,Hoi Khanh Temple,../../data/landmark_vietnam_dataset_split\train\71489\train_71489_11.jpg
train_71489_12,train,71489,Hoi Khanh Temple,../../data/landmark_vietnam_dataset_split\train\71489\train_71489_12.jpg
train_71489_13,train,71489,Hoi Khanh Temple,../../data/landmark_vietnam_dataset_split\train\71489\train_71489_13.jpg
train_71489_14,train,71489,Hoi Khanh Temple,../../data/landmark_vietnam_dataset_split\train\71489\train_71489_14.jpg
train_71489_15,train,71489,Hoi Khanh Temple,../../data/landmark_vietnam_dataset_split\train\71489\train_71489_15.jpg
train_71489_16,train,71489,Hoi Khanh Temple,../../data/landmark_vietnam_dataset_split\train\71489\train_71489_16.jpg
train_71489_17,train,71489,Hoi Khanh Temple,../../data/landmark_vietnam_dataset_split\train\71489\train_71489_17.jpg
train_71489_18,train,71489,Hoi Khanh Temple,../../data/landmark_vietnam_dataset_split\train\71489\train_71489_18.jpg
train_71489_19,train,71489,Hoi Khanh Temple,../../data/landmark_vietnam_dataset_split\train\71489\train_71489_19.jpg
train_71489_20,train,71489,Hoi Khanh Temple,../../data/landmark_vietnam_dataset_split\train\71489\train_71489_20.jpg
train_71489_21,train,71489,Hoi Khanh Temple,../../data/landmark_vietnam_dataset_split\train\71489\train_71489_21.jpg
train_71489_22,train,71489,Hoi Khanh Temple,../../data/landmark_vietnam_dataset_split\train\71489\train_71489_22.jpg
train_71489_23,train,71489,Hoi Khanh Temple,../../data/landmark_vietnam_dataset_split\train\71489\train_71489_23.jpg
train_71489_24,train,71489,Hoi Khanh Temple,../../data/landmark_vietnam_dataset_split\train\71489\train_71489_24.jpg
train_72275_1,train,72275,Temple of the Jade Mountain,../../data/landmark_vietnam_dataset_split\train\72275\train_72275_1.jpg
train_72275_2,train,72275,Temple of the Jade Mountain,../../data/landmark_vietnam_dataset_split\train\72275\train_72275_2.jpg
train_72275_3,train,72275,Temple of the Jade Mountain,../../data/landmark_vietnam_dataset_split\train\72275\train_72275_3.jpg
train_72275_4,train,72275,Temple of the Jade Mountain,../../data/landmark_vietnam_dataset_split\train\72275\train_72275_4.jpg
train_72275_5,train,72275,Temple of the Jade Mountain,../../data/landmark_vietnam_dataset_split\train\72275\train_72275_5.jpg
train_72275_6,train,72275,Temple of the Jade Mountain,../../data/landmark_vietnam_dataset_split\train\72275\train_72275_6.jpg
train_72275_7,train,72275,Temple of the Jade Mountain,../../data/landmark_vietnam_dataset_split\train\72275\train_72275_7.jpg
train_72275_8,train,72275,Temple of the Jade Mountain,../../data/landmark_vietnam_dataset_split\train\72275\train_72275_8.jpg
train_72275_9,train,72275,Temple of the Jade Mountain,../../data/landmark_vietnam_dataset_split\train\72275\train_72275_9.jpg
train_72275_10,train,72275,Temple of the Jade Mountain,../../data/landmark_vietnam_dataset_split\train\72275\train_72275_10.jpg
train_72275_11,train,72275,Temple of the Jade Mountain,../../data/landmark_vietnam_dataset_split\train\72275\train_72275_11.jpg
train_72275_12,train,72275,Temple of the Jade Mountain,../../data/landmark_vietnam_dataset_split\train\72275\train_72275_12.jpg
train_72275_13,train,72275,Temple of the Jade Mountain,../../data/landmark_vietnam_dataset_split\train\72275\train_72275_13.jpg
train_72275_14,train,72275,Temple of the Jade Mountain,../../data/landmark_vietnam_dataset_split\train\72275\train_72275_14.jpg
train_72275_15,train,72275,Temple of the Jade Mountain,../../data/landmark_vietnam_dataset_split\train\72275\train_72275_15.jpg
train_72275_16,train,72275,Temple of the Jade Mountain,../../data/landmark_vietnam_dataset_split\train\72275\train_72275_16.jpg
train_72275_17,train,72275,Temple of the Jade Mountain,../../data/landmark_vietnam_dataset_split\train\72275\train_72275_17.jpg
train_72275_18,train,72275,Temple of the Jade Mountain,../../data/landmark_vietnam_dataset_split\train\72275\train_72275_18.jpg
train_72275_19,train,72275,Temple of the Jade Mountain,../../data/landmark_vietnam_dataset_split\train\72275\train_72275_19.jpg
train_72275_20,train,72275,Temple of the Jade Mountain,../../data/landmark_vietnam_dataset_split\train\72275\train_72275_20.jpg
train_72275_21,train,72275,Temple of the Jade Mountain,../../data/landmark_vietnam_dataset_split\train\72275\train_72275_21.jpg
train_73161_1,train,73161,Han River Bridge,../../data/landmark_vietnam_dataset_split\train\73161\train_73161_1.jpg
train_73161_2,train,73161,Han River Bridge,../../data/landmark_vietnam_dataset_split\train\73161\train_73161_2.jpg
train_73161_3,train,73161,Han River Bridge,../../data/landmark_vietnam_dataset_split\train\73161\train_73161_3.jpg
train_73161_4,train,73161,Han River Bridge,../../data/landmark_vietnam_dataset_split\train\73161\train_73161_4.jpg
train_73161_5,train,73161,Han River Bridge,../../data/landmark_vietnam_dataset_split\train\73161\train_73161_5.jpg
train_73161_6,train,73161,Han River Bridge,../../data/landmark_vietnam_dataset_split\train\73161\train_73161_6.jpg
train_73161_7,train,73161,Han River Bridge,../../data/landmark_vietnam_dataset_split\train\73161\train_73161_7.jpg
train_73161_8,train,73161,Han River Bridge,../../data/landmark_vietnam_dataset_split\train\73161\train_73161_8.jpg
train_73161_9,train,73161,Han River Bridge,../../data/landmark_vietnam_dataset_split\train\73161\train_73161_9.jpg
train_73161_10,train,73161,Han River Bridge,../../data/landmark_vietnam_dataset_split\train\73161\train_73161_10.jpg
train_73161_11,train,73161,Han River Bridge,../../data/landmark_vietnam_dataset_split\train\73161\train_73161_11.jpg
train_73161_12,train,73161,Han River Bridge,../../data/landmark_vietnam_dataset_split\train\73161\train_73161_12.jpg
train_73161_13,train,73161,Han River Bridge,../../data/landmark_vietnam_dataset_split\train\73161\train_73161_13.jpg
train_73161_14,train,73161,Han River Bridge,../../data/landmark_vietnam_dataset_split\train\73161\train_73161_14.jpg
train_73161_15,train,73161,Han River Bridge,../../data/landmark_vietnam_dataset_split\train\73161\train_73161_15.jpg
train_73161_16,train,73161,Han River Bridge,../../data/landmark_vietnam_dataset_split\train\73161\train_73161_16.jpg
train_73161_17,train,73161,Han River Bridge,../../data/landmark_vietnam_dataset_split\train\73161\train_73161_17.jpg
train_73161_18,train,73161,Han River Bridge,../../data/landmark_vietnam_dataset_split\train\73161\train_73161_18.jpg
train_73161_19,train,73161,Han River Bridge,../../data/landmark_vietnam_dataset_split\train\73161\train_73161_19.jpg
train_73161_20,train,73161,Han River Bridge,../../data/landmark_vietnam_dataset_split\train\73161\train_73161_20.jpg
train_73161_21,train,73161,Han River Bridge,../../data/landmark_vietnam_dataset_split\train\73161\train_73161_21.jpg
train_73161_22,train,73161,Han River Bridge,../../data/landmark_vietnam_dataset_split\train\73161\train_73161_22.jpg
train_73161_23,train,73161,Han River Bridge,../../data/landmark_vietnam_dataset_split\train\73161\train_73161_23.jpg
train_73161_24,train,73161,Han River Bridge,../../data/landmark_vietnam_dataset_split\train\73161\train_73161_24.jpg
train_73264_1,train,73264,Phong Nha-Ke Bang National Park,../../data/landmark_vietnam_dataset_split\train\73264\train_73264_1.jpg
train_73264_2,train,73264,Phong Nha-Ke Bang National Park,../../data/landmark_vietnam_dataset_split\train\73264\train_73264_2.jpg
train_73264_3,train,73264,Phong Nha-Ke Bang National Park,../../data/landmark_vietnam_dataset_split\train\73264\train_73264_3.jpg
train_73264_4,train,73264,Phong Nha-Ke Bang National Park,../../data/landmark_vietnam_dataset_split\train\73264\train_73264_4.jpg
train_73264_5,train,73264,Phong Nha-Ke Bang National Park,../../data/landmark_vietnam_dataset_split\train\73264\train_73264_5.jpg
train_73264_6,train,73264,Phong Nha-Ke Bang National Park,../../data/landmark_vietnam_dataset_split\train\73264\train_73264_6.jpg
train_73264_7,train,73264,Phong Nha-Ke Bang National Park,../../data/landmark_vietnam_dataset_split\train\73264\train_73264_7.jpg
train_73264_8,train,73264,Phong Nha-Ke Bang National Park,../../data/landmark_vietnam_dataset_split\train\73264\train_73264_8.jpg
train_73264_9,train,73264,Phong Nha-Ke Bang National Park,../../data/landmark_vietnam_dataset_split\train\73264\train_73264_9.jpg
train_73264_10,train,73264,Phong Nha-Ke Bang National Park,../../data/landmark_vietnam_dataset_split\train\73264\train_73264_10.jpg
train_73264_11,train,73264,Phong Nha-Ke Bang National Park,../../data/landmark_vietnam_dataset_split\train\73264\train_73264_11.jpg
train_73264_12,train,73264,Phong Nha-Ke Bang National Park,../../data/landmark_vietnam_dataset_split\train\73264\train_73264_12.jpg
train_73264_13,train,73264,Phong Nha-Ke Bang National Park,../../data/landmark_vietnam_dataset_split\train\73264\train_73264_13.jpg
train_73264_14,train,73264,Phong Nha-Ke Bang National Park,../../data/landmark_vietnam_dataset_split\train\73264\train_73264_14.jpg
train_73264_15,train,73264,Phong Nha-Ke Bang National Park,../../data/landmark_vietnam_dataset_split\train\73264\train_73264_15.jpg
train_73264_16,train,73264,Phong Nha-Ke Bang National Park,../../data/landmark_vietnam_dataset_split\train\73264\train_73264_16.jpg
train_73264_17,train,73264,Phong Nha-Ke Bang National Park,../../data/landmark_vietnam_dataset_split\train\73264\train_73264_17.jpg
train_73264_18,train,73264,Phong Nha-Ke Bang National Park,../../data/landmark_vietnam_dataset_split\train\73264\train_73264_18.jpg
train_73264_19,train,73264,Phong Nha-Ke Bang National Park,../../data/landmark_vietnam_dataset_split\train\73264\train_73264_19.jpg
train_73264_20,train,73264,Phong Nha-Ke Bang National Park,../../data/landmark_vietnam_dataset_split\train\73264\train_73264_20.jpg
train_73264_21,train,73264,Phong Nha-Ke Bang National Park,../../data/landmark_vietnam_dataset_split\train\73264\train_73264_21.jpg
train_73542_1,train,73542,Ho Chi Minh Mausoleum,../../data/landmark_vietnam_dataset_split\train\73542\train_73542_1.jpg
train_73542_2,train,73542,Ho Chi Minh Mausoleum,../../data/landmark_vietnam_dataset_split\train\73542\train_73542_2.jpg
train_73542_3,train,73542,Ho Chi Minh Mausoleum,../../data/landmark_vietnam_dataset_split\train\73542\train_73542_3.jpg
train_73542_4,train,73542,Ho Chi Minh Mausoleum,../../data/landmark_vietnam_dataset_split\train\73542\train_73542_4.jpg
train_73542_5,train,73542,Ho Chi Minh Mausoleum,../../data/landmark_vietnam_dataset_split\train\73542\train_73542_5.jpg
train_73542_6,train,73542,Ho Chi Minh Mausoleum,../../data/landmark_vietnam_dataset_split\train\73542\train_73542_6.jpg
train_73542_7,train,73542,Ho Chi Minh Mausoleum,../../data/landmark_vietnam_dataset_split\train\73542\train_73542_7.jpg
train_73542_8,train,73542,Ho Chi Minh Mausoleum,../../data/landmark_vietnam_dataset_split\train\73542\train_73542_8.jpg
train_73542_9,train,73542,Ho Chi Minh Mausoleum,../../data/landmark_vietnam_dataset_split\train\73542\train_73542_9.jpg
train_73542_10,train,73542,Ho Chi Minh Mausoleum,../../data/landmark_vietnam_dataset_split\train\73542\train_73542_10.jpg
train_73542_11,train,73542,Ho Chi Minh Mausoleum,../../data/landmark_vietnam_dataset_split\train\73542\train_73542_11.jpg
train_73542_12,train,73542,Ho Chi Minh Mausoleum,../../data/landmark_vietnam_dataset_split\train\73542\train_73542_12.jpg
train_73542_13,train,73542,Ho Chi Minh Mausoleum,../../data/landmark_vietnam_dataset_split\train\73542\train_73542_13.jpg
train_73542_14,train,73542,Ho Chi Minh Mausoleum,../../data/landmark_vietnam_dataset_split\train\73542\train_73542_14.jpg
train_73542_15,train,73542,Ho Chi Minh Mausoleum,../../data/landmark_vietnam_dataset_split\train\73542\train_73542_15.jpg
train_73542_16,train,73542,Ho Chi Minh Mausoleum,../../data/landmark_vietnam_dataset_split\train\73542\train_73542_16.jpg
train_73542_17,train,73542,Ho Chi Minh Mausoleum,../../data/landmark_vietnam_dataset_split\train\73542\train_73542_17.jpg
train_73542_18,train,73542,Ho Chi Minh Mausoleum,../../data/landmark_vietnam_dataset_split\train\73542\train_73542_18.jpg
train_73542_19,train,73542,Ho Chi Minh Mausoleum,../../data/landmark_vietnam_dataset_split\train\73542\train_73542_19.jpg
train_73542_20,train,73542,Ho Chi Minh Mausoleum,../../data/landmark_vietnam_dataset_split\train\73542\train_73542_20.jpg
train_73542_21,train,73542,Ho Chi Minh Mausoleum,../../data/landmark_vietnam_dataset_split\train\73542\train_73542_21.jpg
train_73542_22,train,73542,Ho Chi Minh Mausoleum,../../data/landmark_vietnam_dataset_split\train\73542\train_73542_22.jpg
train_73542_23,train,73542,Ho Chi Minh Mausoleum,../../data/landmark_vietnam_dataset_split\train\73542\train_73542_23.jpg
train_73542_24,train,73542,Ho Chi Minh Mausoleum,../../data/landmark_vietnam_dataset_split\train\73542\train_73542_24.jpg
train_75786_1,train,75786,Church of Our Lady of La Vang,../../data/landmark_vietnam_dataset_split\train\75786\train_75786_1.jpg
train_75786_2,train,75786,Church of Our Lady of La Vang,../../data/landmark_vietnam_dataset_split\train\75786\train_75786_2.jpg
train_75786_3,train,75786,Church of Our Lady of La Vang,../../data/landmark_vietnam_dataset_split\train\75786\train_75786_3.jpg
train_75786_4,train,75786,Church of Our Lady of La Vang,../../data/landmark_vietnam_dataset_split\train\75786\train_75786_4.jpg
train_75786_5,train,75786,Church of Our Lady of La Vang,../../data/landmark_vietnam_dataset_split\train\75786\train_75786_5.jpg
train_75786_6,train,75786,Church of Our Lady of La Vang,../../data/landmark_vietnam_dataset_split\train\75786\train_75786_6.jpg
train_75786_7,train,75786,Church of Our Lady of La Vang,../../data/landmark_vietnam_dataset_split\train\75786\train_75786_7.jpg
train_75786_8,train,75786,Church of Our Lady of La Vang,../../data/landmark_vietnam_dataset_split\train\75786\train_75786_8.jpg
train_75786_9,train,75786,Church of Our Lady of La Vang,../../data/landmark_vietnam_dataset_split\train\75786\train_75786_9.jpg
train_75786_10,train,75786,Church of Our Lady of La Vang,../../data/landmark_vietnam_dataset_split\train\75786\train_75786_10.jpg
train_75786_11,train,75786,Church of Our Lady of La Vang,../../data/landmark_vietnam_dataset_split\train\75786\train_75786_11.jpg
train_75786_12,train,75786,Church of Our Lady of La Vang,../../data/landmark_vietnam_dataset_split\train\75786\train_75786_12.jpg
train_75786_13,train,75786,Church of Our Lady of La Vang,../../data/landmark_vietnam_dataset_split\train\75786\train_75786_13.jpg
train_75786_14,train,75786,Church of Our Lady of La Vang,../../data/landmark_vietnam_dataset_split\train\75786\train_75786_14.jpg
train_75786_15,train,75786,Church of Our Lady of La Vang,../../data/landmark_vietnam_dataset_split\train\75786\train_75786_15.jpg
train_75786_16,train,75786,Church of Our Lady of La Vang,../../data/landmark_vietnam_dataset_split\train\75786\train_75786_16.jpg
train_75786_17,train,75786,Church of Our Lady of La Vang,../../data/landmark_vietnam_dataset_split\train\75786\train_75786_17.jpg
train_75786_18,train,75786,Church of Our Lady of La Vang,../../data/landmark_vietnam_dataset_split\train\75786\train_75786_18.jpg
train_75786_19,train,75786,Church of Our Lady of La Vang,../../data/landmark_vietnam_dataset_split\train\75786\train_75786_19.jpg
train_75786_20,train,75786,Church of Our Lady of La Vang,../../data/landmark_vietnam_dataset_split\train\75786\train_75786_20.jpg
train_75786_21,train,75786,Church of Our Lady of La Vang,../../data/landmark_vietnam_dataset_split\train\75786\train_75786_21.jpg
train_76871_1,train,76871,Perfume Pagoda,../../data/landmark_vietnam_dataset_split\train\76871\train_76871_1.jpg
train_76871_2,train,76871,Perfume Pagoda,../../data/landmark_vietnam_dataset_split\train\76871\train_76871_2.jpg
train_76871_3,train,76871,Perfume Pagoda,../../data/landmark_vietnam_dataset_split\train\76871\train_76871_3.jpg
train_76871_4,train,76871,Perfume Pagoda,../../data/landmark_vietnam_dataset_split\train\76871\train_76871_4.jpg
train_76871_5,train,76871,Perfume Pagoda,../../data/landmark_vietnam_dataset_split\train\76871\train_76871_5.jpg
train_76871_6,train,76871,Perfume Pagoda,../../data/landmark_vietnam_dataset_split\train\76871\train_76871_6.jpg
train_76871_7,train,76871,Perfume Pagoda,../../data/landmark_vietnam_dataset_split\train\76871\train_76871_7.jpg
train_76871_8,train,76871,Perfume Pagoda,../../data/landmark_vietnam_dataset_split\train\76871\train_76871_8.jpg
train_76871_9,train,76871,Perfume Pagoda,../../data/landmark_vietnam_dataset_split\train\76871\train_76871_9.jpg
train_76871_10,train,76871,Perfume Pagoda,../../data/landmark_vietnam_dataset_split\train\76871\train_76871_10.jpg
train_76871_11,train,76871,Perfume Pagoda,../../data/landmark_vietnam_dataset_split\train\76871\train_76871_11.jpg
train_76871_12,train,76871,Perfume Pagoda,../../data/landmark_vietnam_dataset_split\train\76871\train_76871_12.jpg
train_76871_13,train,76871,Perfume Pagoda,../../data/landmark_vietnam_dataset_split\train\76871\train_76871_13.jpg
train_76871_14,train,76871,Perfume Pagoda,../../data/landmark_vietnam_dataset_split\train\76871\train_76871_14.jpg
train_76871_15,train,76871,Perfume Pagoda,../../data/landmark_vietnam_dataset_split\train\76871\train_76871_15.jpg
train_76871_16,train,76871,Perfume Pagoda,../../data/landmark_vietnam_dataset_split\train\76871\train_76871_16.jpg
train_76871_17,train,76871,Perfume Pagoda,../../data/landmark_vietnam_dataset_split\train\76871\train_76871_17.jpg
train_76871_18,train,76871,Perfume Pagoda,../../data/landmark_vietnam_dataset_split\train\76871\train_76871_18.jpg
train_76871_19,train,76871,Perfume Pagoda,../../data/landmark_vietnam_dataset_split\train\76871\train_76871_19.jpg
train_76871_20,train,76871,Perfume Pagoda,../../data/landmark_vietnam_dataset_split\train\76871\train_76871_20.jpg
train_76871_21,train,76871,Perfume Pagoda,../../data/landmark_vietnam_dataset_split\train\76871\train_76871_21.jpg
train_76871_22,train,76871,Perfume Pagoda,../../data/landmark_vietnam_dataset_split\train\76871\train_76871_22.jpg
train_76871_23,train,76871,Perfume Pagoda,../../data/landmark_vietnam_dataset_split\train\76871\train_76871_23.jpg
train_76871_24,train,76871,Perfume Pagoda,../../data/landmark_vietnam_dataset_split\train\76871\train_76871_24.jpg
train_78442_1,train,78442,"1-5 Square, Hanoi",../../data/landmark_vietnam_dataset_split\train\78442\train_78442_1.jpg
train_78442_2,train,78442,"1-5 Square, Hanoi",../../data/landmark_vietnam_dataset_split\train\78442\train_78442_2.jpg
train_78442_3,train,78442,"1-5 Square, Hanoi",../../data/landmark_vietnam_dataset_split\train\78442\train_78442_3.jpg
train_78442_4,train,78442,"1-5 Square, Hanoi",../../data/landmark_vietnam_dataset_split\train\78442\train_78442_4.jpg
train_78442_5,train,78442,"1-5 Square, Hanoi",../../data/landmark_vietnam_dataset_split\train\78442\train_78442_5.jpg
train_78442_6,train,78442,"1-5 Square, Hanoi",../../data/landmark_vietnam_dataset_split\train\78442\train_78442_6.jpg
train_78442_7,train,78442,"1-5 Square, Hanoi",../../data/landmark_vietnam_dataset_split\train\78442\train_78442_7.jpg
train_78442_8,train,78442,"1-5 Square, Hanoi",../../data/landmark_vietnam_dataset_split\train\78442\train_78442_8.jpg
train_78442_9,train,78442,"1-5 Square, Hanoi",../../data/landmark_vietnam_dataset_split\train\78442\train_78442_9.jpg
train_78442_10,train,78442,"1-5 Square, Hanoi",../../data/landmark_vietnam_dataset_split\train\78442\train_78442_10.jpg
train_78442_11,train,78442,"1-5 Square, Hanoi",../../data/landmark_vietnam_dataset_split\train\78442\train_78442_11.jpg
train_78442_12,train,78442,"1-5 Square, Hanoi",../../data/landmark_vietnam_dataset_split\train\78442\train_78442_12.jpg
train_78442_13,train,78442,"1-5 Square, Hanoi",../../data/landmark_vietnam_dataset_split\train\78442\train_78442_13.jpg
train_78442_14,train,78442,"1-5 Square, Hanoi",../../data/landmark_vietnam_dataset_split\train\78442\train_78442_14.jpg
train_78442_15,train,78442,"1-5 Square, Hanoi",../../data/landmark_vietnam_dataset_split\train\78442\train_78442_15.jpg
train_78442_16,train,78442,"1-5 Square, Hanoi",../../data/landmark_vietnam_dataset_split\train\78442\train_78442_16.jpg
train_78442_17,train,78442,"1-5 Square, Hanoi",../../data/landmark_vietnam_dataset_split\train\78442\train_78442_17.jpg
train_78442_18,train,78442,"1-5 Square, Hanoi",../../data/landmark_vietnam_dataset_split\train\78442\train_78442_18.jpg
train_79053_1,train,79053,InterContinental Nha Trang,../../data/landmark_vietnam_dataset_split\train\79053\train_79053_1.jpg
train_79053_2,train,79053,InterContinental Nha Trang,../../data/landmark_vietnam_dataset_split\train\79053\train_79053_2.jpg
train_79053_3,train,79053,InterContinental Nha Trang,../../data/landmark_vietnam_dataset_split\train\79053\train_79053_3.jpg
train_79053_4,train,79053,InterContinental Nha Trang,../../data/landmark_vietnam_dataset_split\train\79053\train_79053_4.jpg
train_79053_5,train,79053,InterContinental Nha Trang,../../data/landmark_vietnam_dataset_split\train\79053\train_79053_5.jpg
train_79053_6,train,79053,InterContinental Nha Trang,../../data/landmark_vietnam_dataset_split\train\79053\train_79053_6.jpg
train_79053_7,train,79053,InterContinental Nha Trang,../../data/landmark_vietnam_dataset_split\train\79053\train_79053_7.jpg
train_79053_8,train,79053,InterContinental Nha Trang,../../data/landmark_vietnam_dataset_split\train\79053\train_79053_8.jpg
train_79053_9,train,79053,InterContinental Nha Trang,../../data/landmark_vietnam_dataset_split\train\79053\train_79053_9.jpg
train_79053_10,train,79053,InterContinental Nha Trang,../../data/landmark_vietnam_dataset_split\train\79053\train_79053_10.jpg
train_79053_11,train,79053,InterContinental Nha Trang,../../data/landmark_vietnam_dataset_split\train\79053\train_79053_11.jpg
train_79053_12,train,79053,InterContinental Nha Trang,../../data/landmark_vietnam_dataset_split\train\79053\train_79053_12.jpg
train_79053_13,train,79053,InterContinental Nha Trang,../../data/landmark_vietnam_dataset_split\train\79053\train_79053_13.jpg
train_79053_14,train,79053,InterContinental Nha Trang,../../data/landmark_vietnam_dataset_split\train\79053\train_79053_14.jpg
train_79053_15,train,79053,InterContinental Nha Trang,../../data/landmark_vietnam_dataset_split\train\79053\train_79053_15.jpg
train_79053_16,train,79053,InterContinental Nha Trang,../../data/landmark_vietnam_dataset_split\train\79053\train_79053_16.jpg
train_79053_17,train,79053,InterContinental Nha Trang,../../data/landmark_vietnam_dataset_split\train\79053\train_79053_17.jpg
train_79053_18,train,79053,InterContinental Nha Trang,../../data/landmark_vietnam_dataset_split\train\79053\train_79053_18.jpg
train_79053_19,train,79053,InterContinental Nha Trang,../../data/landmark_vietnam_dataset_split\train\79053\train_79053_19.jpg
train_79053_20,train,79053,InterContinental Nha Trang,../../data/landmark_vietnam_dataset_split\train\79053\train_79053_20.jpg
train_79053_21,train,79053,InterContinental Nha Trang,../../data/landmark_vietnam_dataset_split\train\79053\train_79053_21.jpg
train_79053_22,train,79053,InterContinental Nha Trang,../../data/landmark_vietnam_dataset_split\train\79053\train_79053_22.jpg
train_79053_23,train,79053,InterContinental Nha Trang,../../data/landmark_vietnam_dataset_split\train\79053\train_79053_23.jpg
train_79053_24,train,79053,InterContinental Nha Trang,../../data/landmark_vietnam_dataset_split\train\79053\train_79053_24.jpg
train_79684_1,train,79684,Quốc Học - Huế,../../data/landmark_vietnam_dataset_split\train\79684\train_79684_1.jpg
train_79684_2,train,79684,Quốc Học - Huế,../../data/landmark_vietnam_dataset_split\train\79684\train_79684_2.jpg
train_79684_3,train,79684,Quốc Học - Huế,../../data/landmark_vietnam_dataset_split\train\79684\train_79684_3.jpg
train_79684_4,train,79684,Quốc Học - Huế,../../data/landmark_vietnam_dataset_split\train\79684\train_79684_4.jpg
train_79684_5,train,79684,Quốc Học - Huế,../../data/landmark_vietnam_dataset_split\train\79684\train_79684_5.jpg
train_79684_6,train,79684,Quốc Học - Huế,../../data/landmark_vietnam_dataset_split\train\79684\train_79684_6.jpg
train_79684_7,train,79684,Quốc Học - Huế,../../data/landmark_vietnam_dataset_split\train\79684\train_79684_7.jpg
train_79684_8,train,79684,Quốc Học - Huế,../../data/landmark_vietnam_dataset_split\train\79684\train_79684_8.jpg
train_79684_9,train,79684,Quốc Học - Huế,../../data/landmark_vietnam_dataset_split\train\79684\train_79684_9.jpg
train_79684_10,train,79684,Quốc Học - Huế,../../data/landmark_vietnam_dataset_split\train\79684\train_79684_10.jpg
train_79684_11,train,79684,Quốc Học - Huế,../../data/landmark_vietnam_dataset_split\train\79684\train_79684_11.jpg
train_79684_12,train,79684,Quốc Học - Huế,../../data/landmark_vietnam_dataset_split\train\79684\train_79684_12.jpg
train_79684_13,train,79684,Quốc Học - Huế,../../data/landmark_vietnam_dataset_split\train\79684\train_79684_13.jpg
train_79684_14,train,79684,Quốc Học - Huế,../../data/landmark_vietnam_dataset_split\train\79684\train_79684_14.jpg
train_79684_15,train,79684,Quốc Học - Huế,../../data/landmark_vietnam_dataset_split\train\79684\train_79684_15.jpg
train_79684_16,train,79684,Quốc Học - Huế,../../data/landmark_vietnam_dataset_split\train\79684\train_79684_16.jpg
train_79684_17,train,79684,Quốc Học - Huế,../../data/landmark_vietnam_dataset_split\train\79684\train_79684_17.jpg
train_79684_18,train,79684,Quốc Học - Huế,../../data/landmark_vietnam_dataset_split\train\79684\train_79684_18.jpg
train_79684_19,train,79684,Quốc Học - Huế,../../data/landmark_vietnam_dataset_split\train\79684\train_79684_19.jpg
train_79684_20,train,79684,Quốc Học - Huế,../../data/landmark_vietnam_dataset_split\train\79684\train_79684_20.jpg
train_79684_21,train,79684,Quốc Học - Huế,../../data/landmark_vietnam_dataset_split\train\79684\train_79684_21.jpg
train_79723_1,train,79723,Bich Dong Pagodas,../../data/landmark_vietnam_dataset_split\train\79723\train_79723_1.jpg
train_79723_2,train,79723,Bich Dong Pagodas,../../data/landmark_vietnam_dataset_split\train\79723\train_79723_2.jpg
train_79723_3,train,79723,Bich Dong Pagodas,../../data/landmark_vietnam_dataset_split\train\79723\train_79723_3.jpg
train_79723_4,train,79723,Bich Dong Pagodas,../../data/landmark_vietnam_dataset_split\train\79723\train_79723_4.jpg
train_79723_5,train,79723,Bich Dong Pagodas,../../data/landmark_vietnam_dataset_split\train\79723\train_79723_5.jpg
train_79723_6,train,79723,Bich Dong Pagodas,../../data/landmark_vietnam_dataset_split\train\79723\train_79723_6.jpg
train_79723_7,train,79723,Bich Dong Pagodas,../../data/landmark_vietnam_dataset_split\train\79723\train_79723_7.jpg
train_79723_8,train,79723,Bich Dong Pagodas,../../data/landmark_vietnam_dataset_split\train\79723\train_79723_8.jpg
train_79723_9,train,79723,Bich Dong Pagodas,../../data/landmark_vietnam_dataset_split\train\79723\train_79723_9.jpg
train_79723_10,train,79723,Bich Dong Pagodas,../../data/landmark_vietnam_dataset_split\train\79723\train_79723_10.jpg
train_79723_11,train,79723,Bich Dong Pagodas,../../data/landmark_vietnam_dataset_split\train\79723\train_79723_11.jpg
train_79723_12,train,79723,Bich Dong Pagodas,../../data/landmark_vietnam_dataset_split\train\79723\train_79723_12.jpg
train_79723_13,train,79723,Bich Dong Pagodas,../../data/landmark_vietnam_dataset_split\train\79723\train_79723_13.jpg
train_79723_14,train,79723,Bich Dong Pagodas,../../data/landmark_vietnam_dataset_split\train\79723\train_79723_14.jpg
train_79723_15,train,79723,Bich Dong Pagodas,../../data/landmark_vietnam_dataset_split\train\79723\train_79723_15.jpg
train_79723_16,train,79723,Bich Dong Pagodas,../../data/landmark_vietnam_dataset_split\train\79723\train_79723_16.jpg
train_79723_17,train,79723,Bich Dong Pagodas,../../data/landmark_vietnam_dataset_split\train\79723\train_79723_17.jpg
train_79723_18,train,79723,Bich Dong Pagodas,../../data/landmark_vietnam_dataset_split\train\79723\train_79723_18.jpg
train_79723_19,train,79723,Bich Dong Pagodas,../../data/landmark_vietnam_dataset_split\train\79723\train_79723_19.jpg
train_79723_20,train,79723,Bich Dong Pagodas,../../data/landmark_vietnam_dataset_split\train\79723\train_79723_20.jpg
train_79723_21,train,79723,Bich Dong Pagodas,../../data/landmark_vietnam_dataset_split\train\79723\train_79723_21.jpg
train_84401_1,train,84401,Dragon Bridge (Danang),../../data/landmark_vietnam_dataset_split\train\84401\train_84401_1.jpg
train_84401_2,train,84401,Dragon Bridge (Danang),../../data/landmark_vietnam_dataset_split\train\84401\train_84401_2.jpg
train_84401_3,train,84401,Dragon Bridge (Danang),../../data/landmark_vietnam_dataset_split\train\84401\train_84401_3.jpg
train_84401_4,train,84401,Dragon Bridge (Danang),../../data/landmark_vietnam_dataset_split\train\84401\train_84401_4.jpg
train_84401_5,train,84401,Dragon Bridge (Danang),../../data/landmark_vietnam_dataset_split\train\84401\train_84401_5.jpg
train_84401_6,train,84401,Dragon Bridge (Danang),../../data/landmark_vietnam_dataset_split\train\84401\train_84401_6.jpg
train_84401_7,train,84401,Dragon Bridge (Danang),../../data/landmark_vietnam_dataset_split\train\84401\train_84401_7.jpg
train_84401_8,train,84401,Dragon Bridge (Danang),../../data/landmark_vietnam_dataset_split\train\84401\train_84401_8.jpg
train_84401_9,train,84401,Dragon Bridge (Danang),../../data/landmark_vietnam_dataset_split\train\84401\train_84401_9.jpg
train_84401_10,train,84401,Dragon Bridge (Danang),../../data/landmark_vietnam_dataset_split\train\84401\train_84401_10.jpg
train_84401_11,train,84401,Dragon Bridge (Danang),../../data/landmark_vietnam_dataset_split\train\84401\train_84401_11.jpg
train_84401_12,train,84401,Dragon Bridge (Danang),../../data/landmark_vietnam_dataset_split\train\84401\train_84401_12.jpg
train_84401_13,train,84401,Dragon Bridge (Danang),../../data/landmark_vietnam_dataset_split\train\84401\train_84401_13.jpg
train_84401_14,train,84401,Dragon Bridge (Danang),../../data/landmark_vietnam_dataset_split\train\84401\train_84401_14.jpg
train_84401_15,train,84401,Dragon Bridge (Danang),../../data/landmark_vietnam_dataset_split\train\84401\train_84401_15.jpg
train_84401_16,train,84401,Dragon Bridge (Danang),../../data/landmark_vietnam_dataset_split\train\84401\train_84401_16.jpg
train_84401_17,train,84401,Dragon Bridge (Danang),../../data/landmark_vietnam_dataset_split\train\84401\train_84401_17.jpg
train_84401_18,train,84401,Dragon Bridge (Danang),../../data/landmark_vietnam_dataset_split\train\84401\train_84401_18.jpg
train_84401_19,train,84401,Dragon Bridge (Danang),../../data/landmark_vietnam_dataset_split\train\84401\train_84401_19.jpg
train_84401_20,train,84401,Dragon Bridge (Danang),../../data/landmark_vietnam_dataset_split\train\84401\train_84401_20.jpg
train_84401_21,train,84401,Dragon Bridge (Danang),../../data/landmark_vietnam_dataset_split\train\84401\train_84401_21.jpg
train_84676_1,train,84676,Côn Đảo Prison,../../data/landmark_vietnam_dataset_split\train\84676\train_84676_1.jpg
train_84676_2,train,84676,Côn Đảo Prison,../../data/landmark_vietnam_dataset_split\train\84676\train_84676_2.jpg
train_84676_3,train,84676,Côn Đảo Prison,../../data/landmark_vietnam_dataset_split\train\84676\train_84676_3.jpg
train_84676_4,train,84676,Côn Đảo Prison,../../data/landmark_vietnam_dataset_split\train\84676\train_84676_4.jpg
train_84676_5,train,84676,Côn Đảo Prison,../../data/landmark_vietnam_dataset_split\train\84676\train_84676_5.jpg
train_84676_6,train,84676,Côn Đảo Prison,../../data/landmark_vietnam_dataset_split\train\84676\train_84676_6.jpg
train_84676_7,train,84676,Côn Đảo Prison,../../data/landmark_vietnam_dataset_split\train\84676\train_84676_7.jpg
train_84676_8,train,84676,Côn Đảo Prison,../../data/landmark_vietnam_dataset_split\train\84676\train_84676_8.jpg
train_84676_9,train,84676,Côn Đảo Prison,../../data/landmark_vietnam_dataset_split\train\84676\train_84676_9.jpg
train_84676_10,train,84676,Côn Đảo Prison,../../data/landmark_vietnam_dataset_split\train\84676\train_84676_10.jpg
train_84676_11,train,84676,Côn Đảo Prison,../../data/landmark_vietnam_dataset_split\train\84676\train_84676_11.jpg
train_84676_12,train,84676,Côn Đảo Prison,../../data/landmark_vietnam_dataset_split\train\84676\train_84676_12.jpg
train_84676_13,train,84676,Côn Đảo Prison,../../data/landmark_vietnam_dataset_split\train\84676\train_84676_13.jpg
train_84676_14,train,84676,Côn Đảo Prison,../../data/landmark_vietnam_dataset_split\train\84676\train_84676_14.jpg
train_84676_15,train,84676,Côn Đảo Prison,../../data/landmark_vietnam_dataset_split\train\84676\train_84676_15.jpg
train_84676_16,train,84676,Côn Đảo Prison,../../data/landmark_vietnam_dataset_split\train\84676\train_84676_16.jpg
train_84676_17,train,84676,Côn Đảo Prison,../../data/landmark_vietnam_dataset_split\train\84676\train_84676_17.jpg
train_84676_18,train,84676,Côn Đảo Prison,../../data/landmark_vietnam_dataset_split\train\84676\train_84676_18.jpg
train_84676_19,train,84676,Côn Đảo Prison,../../data/landmark_vietnam_dataset_split\train\84676\train_84676_19.jpg
train_84676_20,train,84676,Côn Đảo Prison,../../data/landmark_vietnam_dataset_split\train\84676\train_84676_20.jpg
train_84676_21,train,84676,Côn Đảo Prison,../../data/landmark_vietnam_dataset_split\train\84676\train_84676_21.jpg
train_86503_1,train,86503,The Mieu Temple,../../data/landmark_vietnam_dataset_split\train\86503\train_86503_1.jpg
train_86503_2,train,86503,The Mieu Temple,../../data/landmark_vietnam_dataset_split\train\86503\train_86503_2.jpg
train_86503_3,train,86503,The Mieu Temple,../../data/landmark_vietnam_dataset_split\train\86503\train_86503_3.jpg
train_86503_4,train,86503,The Mieu Temple,../../data/landmark_vietnam_dataset_split\train\86503\train_86503_4.jpg
train_86503_5,train,86503,The Mieu Temple,../../data/landmark_vietnam_dataset_split\train\86503\train_86503_5.jpg
train_86503_6,train,86503,The Mieu Temple,../../data/landmark_vietnam_dataset_split\train\86503\train_86503_6.jpg
train_86503_7,train,86503,The Mieu Temple,../../data/landmark_vietnam_dataset_split\train\86503\train_86503_7.jpg
train_86503_8,train,86503,The Mieu Temple,../../data/landmark_vietnam_dataset_split\train\86503\train_86503_8.jpg
train_86503_9,train,86503,The Mieu Temple,../../data/landmark_vietnam_dataset_split\train\86503\train_86503_9.jpg
train_86503_10,train,86503,The Mieu Temple,../../data/landmark_vietnam_dataset_split\train\86503\train_86503_10.jpg
train_86503_11,train,86503,The Mieu Temple,../../data/landmark_vietnam_dataset_split\train\86503\train_86503_11.jpg
train_86503_12,train,86503,The Mieu Temple,../../data/landmark_vietnam_dataset_split\train\86503\train_86503_12.jpg
train_86503_13,train,86503,The Mieu Temple,../../data/landmark_vietnam_dataset_split\train\86503\train_86503_13.jpg
train_86503_14,train,86503,The Mieu Temple,../../data/landmark_vietnam_dataset_split\train\86503\train_86503_14.jpg
train_86503_15,train,86503,The Mieu Temple,../../data/landmark_vietnam_dataset_split\train\86503\train_86503_15.jpg
train_86503_16,train,86503,The Mieu Temple,../../data/landmark_vietnam_dataset_split\train\86503\train_86503_16.jpg
train_86503_17,train,86503,The Mieu Temple,../../data/landmark_vietnam_dataset_split\train\86503\train_86503_17.jpg
train_86503_18,train,86503,The Mieu Temple,../../data/landmark_vietnam_dataset_split\train\86503\train_86503_18.jpg
train_86503_19,train,86503,The Mieu Temple,../../data/landmark_vietnam_dataset_split\train\86503\train_86503_19.jpg
train_86503_20,train,86503,The Mieu Temple,../../data/landmark_vietnam_dataset_split\train\86503\train_86503_20.jpg
train_86503_21,train,86503,The Mieu Temple,../../data/landmark_vietnam_dataset_split\train\86503\train_86503_21.jpg
train_86503_22,train,86503,The Mieu Temple,../../data/landmark_vietnam_dataset_split\train\86503\train_86503_22.jpg
train_86503_23,train,86503,The Mieu Temple,../../data/landmark_vietnam_dataset_split\train\86503\train_86503_23.jpg
train_86503_24,train,86503,The Mieu Temple,../../data/landmark_vietnam_dataset_split\train\86503\train_86503_24.jpg
train_87182_1,train,87182,Black Virgin Mountain,../../data/landmark_vietnam_dataset_split\train\87182\train_87182_1.jpg
train_87182_2,train,87182,Black Virgin Mountain,../../data/landmark_vietnam_dataset_split\train\87182\train_87182_2.jpg
train_87182_3,train,87182,Black Virgin Mountain,../../data/landmark_vietnam_dataset_split\train\87182\train_87182_3.jpg
train_87182_4,train,87182,Black Virgin Mountain,../../data/landmark_vietnam_dataset_split\train\87182\train_87182_4.jpg
train_87182_5,train,87182,Black Virgin Mountain,../../data/landmark_vietnam_dataset_split\train\87182\train_87182_5.jpg
train_87182_6,train,87182,Black Virgin Mountain,../../data/landmark_vietnam_dataset_split\train\87182\train_87182_6.jpg
train_87182_7,train,87182,Black Virgin Mountain,../../data/landmark_vietnam_dataset_split\train\87182\train_87182_7.jpg
train_87182_8,train,87182,Black Virgin Mountain,../../data/landmark_vietnam_dataset_split\train\87182\train_87182_8.jpg
train_87182_9,train,87182,Black Virgin Mountain,../../data/landmark_vietnam_dataset_split\train\87182\train_87182_9.jpg
train_87182_10,train,87182,Black Virgin Mountain,../../data/landmark_vietnam_dataset_split\train\87182\train_87182_10.jpg
train_87182_11,train,87182,Black Virgin Mountain,../../data/landmark_vietnam_dataset_split\train\87182\train_87182_11.jpg
train_87182_12,train,87182,Black Virgin Mountain,../../data/landmark_vietnam_dataset_split\train\87182\train_87182_12.jpg
train_87182_13,train,87182,Black Virgin Mountain,../../data/landmark_vietnam_dataset_split\train\87182\train_87182_13.jpg
train_87182_14,train,87182,Black Virgin Mountain,../../data/landmark_vietnam_dataset_split\train\87182\train_87182_14.jpg
train_87182_15,train,87182,Black Virgin Mountain,../../data/landmark_vietnam_dataset_split\train\87182\train_87182_15.jpg
train_87182_16,train,87182,Black Virgin Mountain,../../data/landmark_vietnam_dataset_split\train\87182\train_87182_16.jpg
train_87182_17,train,87182,Black Virgin Mountain,../../data/landmark_vietnam_dataset_split\train\87182\train_87182_17.jpg
train_87182_18,train,87182,Black Virgin Mountain,../../data/landmark_vietnam_dataset_split\train\87182\train_87182_18.jpg
train_87182_19,train,87182,Black Virgin Mountain,../../data/landmark_vietnam_dataset_split\train\87182\train_87182_19.jpg
train_87182_20,train,87182,Black Virgin Mountain,../../data/landmark_vietnam_dataset_split\train\87182\train_87182_20.jpg
train_87182_21,train,87182,Black Virgin Mountain,../../data/landmark_vietnam_dataset_split\train\87182\train_87182_21.jpg
train_89775_1,train,89775,Hang Pagoda (An Giang Province),../../data/landmark_vietnam_dataset_split\train\89775\train_89775_1.jpg
train_89775_2,train,89775,Hang Pagoda (An Giang Province),../../data/landmark_vietnam_dataset_split\train\89775\train_89775_2.jpg
train_89775_3,train,89775,Hang Pagoda (An Giang Province),../../data/landmark_vietnam_dataset_split\train\89775\train_89775_3.jpg
train_89775_4,train,89775,Hang Pagoda (An Giang Province),../../data/landmark_vietnam_dataset_split\train\89775\train_89775_4.jpg
train_89775_5,train,89775,Hang Pagoda (An Giang Province),../../data/landmark_vietnam_dataset_split\train\89775\train_89775_5.jpg
train_89775_6,train,89775,Hang Pagoda (An Giang Province),../../data/landmark_vietnam_dataset_split\train\89775\train_89775_6.jpg
train_89775_7,train,89775,Hang Pagoda (An Giang Province),../../data/landmark_vietnam_dataset_split\train\89775\train_89775_7.jpg
train_89775_8,train,89775,Hang Pagoda (An Giang Province),../../data/landmark_vietnam_dataset_split\train\89775\train_89775_8.jpg
train_89775_9,train,89775,Hang Pagoda (An Giang Province),../../data/landmark_vietnam_dataset_split\train\89775\train_89775_9.jpg
train_89775_10,train,89775,Hang Pagoda (An Giang Province),../../data/landmark_vietnam_dataset_split\train\89775\train_89775_10.jpg
train_89775_11,train,89775,Hang Pagoda (An Giang Province),../../data/landmark_vietnam_dataset_split\train\89775\train_89775_11.jpg
train_89775_12,train,89775,Hang Pagoda (An Giang Province),../../data/landmark_vietnam_dataset_split\train\89775\train_89775_12.jpg
train_89775_13,train,89775,Hang Pagoda (An Giang Province),../../data/landmark_vietnam_dataset_split\train\89775\train_89775_13.jpg
train_89775_14,train,89775,Hang Pagoda (An Giang Province),../../data/landmark_vietnam_dataset_split\train\89775\train_89775_14.jpg
train_89775_15,train,89775,Hang Pagoda (An Giang Province),../../data/landmark_vietnam_dataset_split\train\89775\train_89775_15.jpg
train_89775_16,train,89775,Hang Pagoda (An Giang Province),../../data/landmark_vietnam_dataset_split\train\89775\train_89775_16.jpg
train_89775_17,train,89775,Hang Pagoda (An Giang Province),../../data/landmark_vietnam_dataset_split\train\89775\train_89775_17.jpg
train_89775_18,train,89775,Hang Pagoda (An Giang Province),../../data/landmark_vietnam_dataset_split\train\89775\train_89775_18.jpg
train_89775_19,train,89775,Hang Pagoda (An Giang Province),../../data/landmark_vietnam_dataset_split\train\89775\train_89775_19.jpg
train_89775_20,train,89775,Hang Pagoda (An Giang Province),../../data/landmark_vietnam_dataset_split\train\89775\train_89775_20.jpg
train_89775_21,train,89775,Hang Pagoda (An Giang Province),../../data/landmark_vietnam_dataset_split\train\89775\train_89775_21.jpg
train_89882_1,train,89882,But Thap Temple,../../data/landmark_vietnam_dataset_split\train\89882\train_89882_1.jpg
train_89882_2,train,89882,But Thap Temple,../../data/landmark_vietnam_dataset_split\train\89882\train_89882_2.jpg
train_89882_3,train,89882,But Thap Temple,../../data/landmark_vietnam_dataset_split\train\89882\train_89882_3.jpg
train_89882_4,train,89882,But Thap Temple,../../data/landmark_vietnam_dataset_split\train\89882\train_89882_4.jpg
train_89882_5,train,89882,But Thap Temple,../../data/landmark_vietnam_dataset_split\train\89882\train_89882_5.jpg
train_89882_6,train,89882,But Thap Temple,../../data/landmark_vietnam_dataset_split\train\89882\train_89882_6.jpg
train_89882_7,train,89882,But Thap Temple,../../data/landmark_vietnam_dataset_split\train\89882\train_89882_7.jpg
train_89882_8,train,89882,But Thap Temple,../../data/landmark_vietnam_dataset_split\train\89882\train_89882_8.jpg
train_89882_9,train,89882,But Thap Temple,../../data/landmark_vietnam_dataset_split\train\89882\train_89882_9.jpg
train_89882_10,train,89882,But Thap Temple,../../data/landmark_vietnam_dataset_split\train\89882\train_89882_10.jpg
train_89882_11,train,89882,But Thap Temple,../../data/landmark_vietnam_dataset_split\train\89882\train_89882_11.jpg
train_89882_12,train,89882,But Thap Temple,../../data/landmark_vietnam_dataset_split\train\89882\train_89882_12.jpg
train_89882_13,train,89882,But Thap Temple,../../data/landmark_vietnam_dataset_split\train\89882\train_89882_13.jpg
train_89882_14,train,89882,But Thap Temple,../../data/landmark_vietnam_dataset_split\train\89882\train_89882_14.jpg
train_89882_15,train,89882,But Thap Temple,../../data/landmark_vietnam_dataset_split\train\89882\train_89882_15.jpg
train_89882_16,train,89882,But Thap Temple,../../data/landmark_vietnam_dataset_split\train\89882\train_89882_16.jpg
train_89882_17,train,89882,But Thap Temple,../../data/landmark_vietnam_dataset_split\train\89882\train_89882_17.jpg
train_89882_18,train,89882,But Thap Temple,../../data/landmark_vietnam_dataset_split\train\89882\train_89882_18.jpg
train_89882_19,train,89882,But Thap Temple,../../data/landmark_vietnam_dataset_split\train\89882\train_89882_19.jpg
train_89882_20,train,89882,But Thap Temple,../../data/landmark_vietnam_dataset_split\train\89882\train_89882_20.jpg
train_89882_21,train,89882,But Thap Temple,../../data/landmark_vietnam_dataset_split\train\89882\train_89882_21.jpg
train_90776_1,train,90776,Chùa Giác Viên,../../data/landmark_vietnam_dataset_split\train\90776\train_90776_1.jpg
train_90776_2,train,90776,Chùa Giác Viên,../../data/landmark_vietnam_dataset_split\train\90776\train_90776_2.jpg
train_90776_3,train,90776,Chùa Giác Viên,../../data/landmark_vietnam_dataset_split\train\90776\train_90776_3.jpg
train_90776_4,train,90776,Chùa Giác Viên,../../data/landmark_vietnam_dataset_split\train\90776\train_90776_4.jpg
train_90776_5,train,90776,Chùa Giác Viên,../../data/landmark_vietnam_dataset_split\train\90776\train_90776_5.jpg
train_90776_6,train,90776,Chùa Giác Viên,../../data/landmark_vietnam_dataset_split\train\90776\train_90776_6.jpg
train_90776_7,train,90776,Chùa Giác Viên,../../data/landmark_vietnam_dataset_split\train\90776\train_90776_7.jpg
train_90776_8,train,90776,Chùa Giác Viên,../../data/landmark_vietnam_dataset_split\train\90776\train_90776_8.jpg
train_90776_9,train,90776,Chùa Giác Viên,../../data/landmark_vietnam_dataset_split\train\90776\train_90776_9.jpg
train_90776_10,train,90776,Chùa Giác Viên,../../data/landmark_vietnam_dataset_split\train\90776\train_90776_10.jpg
train_90776_11,train,90776,Chùa Giác Viên,../../data/landmark_vietnam_dataset_split\train\90776\train_90776_11.jpg
train_90776_12,train,90776,Chùa Giác Viên,../../data/landmark_vietnam_dataset_split\train\90776\train_90776_12.jpg
train_90776_13,train,90776,Chùa Giác Viên,../../data/landmark_vietnam_dataset_split\train\90776\train_90776_13.jpg
train_90776_14,train,90776,Chùa Giác Viên,../../data/landmark_vietnam_dataset_split\train\90776\train_90776_14.jpg
train_90776_15,train,90776,Chùa Giác Viên,../../data/landmark_vietnam_dataset_split\train\90776\train_90776_15.jpg
train_90811_1,train,90811,Saigon One Tower,../../data/landmark_vietnam_dataset_split\train\90811\train_90811_1.jpg
train_90811_2,train,90811,Saigon One Tower,../../data/landmark_vietnam_dataset_split\train\90811\train_90811_2.jpg
train_90811_3,train,90811,Saigon One Tower,../../data/landmark_vietnam_dataset_split\train\90811\train_90811_3.jpg
train_90811_4,train,90811,Saigon One Tower,../../data/landmark_vietnam_dataset_split\train\90811\train_90811_4.jpg
train_90811_5,train,90811,Saigon One Tower,../../data/landmark_vietnam_dataset_split\train\90811\train_90811_5.jpg
train_90811_6,train,90811,Saigon One Tower,../../data/landmark_vietnam_dataset_split\train\90811\train_90811_6.jpg
train_90811_7,train,90811,Saigon One Tower,../../data/landmark_vietnam_dataset_split\train\90811\train_90811_7.jpg
train_90811_8,train,90811,Saigon One Tower,../../data/landmark_vietnam_dataset_split\train\90811\train_90811_8.jpg
train_90811_9,train,90811,Saigon One Tower,../../data/landmark_vietnam_dataset_split\train\90811\train_90811_9.jpg
train_90811_10,train,90811,Saigon One Tower,../../data/landmark_vietnam_dataset_split\train\90811\train_90811_10.jpg
train_90811_11,train,90811,Saigon One Tower,../../data/landmark_vietnam_dataset_split\train\90811\train_90811_11.jpg
train_90811_12,train,90811,Saigon One Tower,../../data/landmark_vietnam_dataset_split\train\90811\train_90811_12.jpg
train_91317_1,train,91317,Quán Sứ Temple,../../data/landmark_vietnam_dataset_split\train\91317\train_91317_1.jpg
train_91317_2,train,91317,Quán Sứ Temple,../../data/landmark_vietnam_dataset_split\train\91317\train_91317_2.jpg
train_91317_3,train,91317,Quán Sứ Temple,../../data/landmark_vietnam_dataset_split\train\91317\train_91317_3.jpg
train_91317_4,train,91317,Quán Sứ Temple,../../data/landmark_vietnam_dataset_split\train\91317\train_91317_4.jpg
train_91317_5,train,91317,Quán Sứ Temple,../../data/landmark_vietnam_dataset_split\train\91317\train_91317_5.jpg
train_91317_6,train,91317,Quán Sứ Temple,../../data/landmark_vietnam_dataset_split\train\91317\train_91317_6.jpg
train_91317_7,train,91317,Quán Sứ Temple,../../data/landmark_vietnam_dataset_split\train\91317\train_91317_7.jpg
train_91317_8,train,91317,Quán Sứ Temple,../../data/landmark_vietnam_dataset_split\train\91317\train_91317_8.jpg
train_91317_9,train,91317,Quán Sứ Temple,../../data/landmark_vietnam_dataset_split\train\91317\train_91317_9.jpg
train_91317_10,train,91317,Quán Sứ Temple,../../data/landmark_vietnam_dataset_split\train\91317\train_91317_10.jpg
train_91317_11,train,91317,Quán Sứ Temple,../../data/landmark_vietnam_dataset_split\train\91317\train_91317_11.jpg
train_91317_12,train,91317,Quán Sứ Temple,../../data/landmark_vietnam_dataset_split\train\91317\train_91317_12.jpg
train_91317_13,train,91317,Quán Sứ Temple,../../data/landmark_vietnam_dataset_split\train\91317\train_91317_13.jpg
train_91317_14,train,91317,Quán Sứ Temple,../../data/landmark_vietnam_dataset_split\train\91317\train_91317_14.jpg
train_91317_15,train,91317,Quán Sứ Temple,../../data/landmark_vietnam_dataset_split\train\91317\train_91317_15.jpg
train_91317_16,train,91317,Quán Sứ Temple,../../data/landmark_vietnam_dataset_split\train\91317\train_91317_16.jpg
train_91317_17,train,91317,Quán Sứ Temple,../../data/landmark_vietnam_dataset_split\train\91317\train_91317_17.jpg
train_91317_18,train,91317,Quán Sứ Temple,../../data/landmark_vietnam_dataset_split\train\91317\train_91317_18.jpg
train_93380_1,train,93380,Saigon Trade Center,../../data/landmark_vietnam_dataset_split\train\93380\train_93380_1.jpg
train_93380_2,train,93380,Saigon Trade Center,../../data/landmark_vietnam_dataset_split\train\93380\train_93380_2.jpg
train_93380_3,train,93380,Saigon Trade Center,../../data/landmark_vietnam_dataset_split\train\93380\train_93380_3.jpg
train_93380_4,train,93380,Saigon Trade Center,../../data/landmark_vietnam_dataset_split\train\93380\train_93380_4.jpg
train_93380_5,train,93380,Saigon Trade Center,../../data/landmark_vietnam_dataset_split\train\93380\train_93380_5.jpg
train_93380_6,train,93380,Saigon Trade Center,../../data/landmark_vietnam_dataset_split\train\93380\train_93380_6.jpg
train_93380_7,train,93380,Saigon Trade Center,../../data/landmark_vietnam_dataset_split\train\93380\train_93380_7.jpg
train_93380_8,train,93380,Saigon Trade Center,../../data/landmark_vietnam_dataset_split\train\93380\train_93380_8.jpg
train_93380_9,train,93380,Saigon Trade Center,../../data/landmark_vietnam_dataset_split\train\93380\train_93380_9.jpg
train_93380_10,train,93380,Saigon Trade Center,../../data/landmark_vietnam_dataset_split\train\93380\train_93380_10.jpg
train_93380_11,train,93380,Saigon Trade Center,../../data/landmark_vietnam_dataset_split\train\93380\train_93380_11.jpg
train_93380_12,train,93380,Saigon Trade Center,../../data/landmark_vietnam_dataset_split\train\93380\train_93380_12.jpg
train_93380_13,train,93380,Saigon Trade Center,../../data/landmark_vietnam_dataset_split\train\93380\train_93380_13.jpg
train_93380_14,train,93380,Saigon Trade Center,../../data/landmark_vietnam_dataset_split\train\93380\train_93380_14.jpg
train_93380_15,train,93380,Saigon Trade Center,../../data/landmark_vietnam_dataset_split\train\93380\train_93380_15.jpg
train_93380_16,train,93380,Saigon Trade Center,../../data/landmark_vietnam_dataset_split\train\93380\train_93380_16.jpg
train_93380_17,train,93380,Saigon Trade Center,../../data/landmark_vietnam_dataset_split\train\93380\train_93380_17.jpg
train_93380_18,train,93380,Saigon Trade Center,../../data/landmark_vietnam_dataset_split\train\93380\train_93380_18.jpg
train_93380_19,train,93380,Saigon Trade Center,../../data/landmark_vietnam_dataset_split\train\93380\train_93380_19.jpg
train_93380_20,train,93380,Saigon Trade Center,../../data/landmark_vietnam_dataset_split\train\93380\train_93380_20.jpg
train_93380_21,train,93380,Saigon Trade Center,../../data/landmark_vietnam_dataset_split\train\93380\train_93380_21.jpg
train_93615_1,train,93615,Nhat Tan Bridge,../../data/landmark_vietnam_dataset_split\train\93615\train_93615_1.jpg
train_93615_2,train,93615,Nhat Tan Bridge,../../data/landmark_vietnam_dataset_split\train\93615\train_93615_2.jpg
train_93615_3,train,93615,Nhat Tan Bridge,../../data/landmark_vietnam_dataset_split\train\93615\train_93615_3.jpg
train_93615_4,train,93615,Nhat Tan Bridge,../../data/landmark_vietnam_dataset_split\train\93615\train_93615_4.jpg
train_93615_5,train,93615,Nhat Tan Bridge,../../data/landmark_vietnam_dataset_split\train\93615\train_93615_5.jpg
train_93615_6,train,93615,Nhat Tan Bridge,../../data/landmark_vietnam_dataset_split\train\93615\train_93615_6.jpg
train_93615_7,train,93615,Nhat Tan Bridge,../../data/landmark_vietnam_dataset_split\train\93615\train_93615_7.jpg
train_93615_8,train,93615,Nhat Tan Bridge,../../data/landmark_vietnam_dataset_split\train\93615\train_93615_8.jpg
train_93615_9,train,93615,Nhat Tan Bridge,../../data/landmark_vietnam_dataset_split\train\93615\train_93615_9.jpg
train_93615_10,train,93615,Nhat Tan Bridge,../../data/landmark_vietnam_dataset_split\train\93615\train_93615_10.jpg
train_93615_11,train,93615,Nhat Tan Bridge,../../data/landmark_vietnam_dataset_split\train\93615\train_93615_11.jpg
train_93615_12,train,93615,Nhat Tan Bridge,../../data/landmark_vietnam_dataset_split\train\93615\train_93615_12.jpg
train_93615_13,train,93615,Nhat Tan Bridge,../../data/landmark_vietnam_dataset_split\train\93615\train_93615_13.jpg
train_93615_14,train,93615,Nhat Tan Bridge,../../data/landmark_vietnam_dataset_split\train\93615\train_93615_14.jpg
train_93615_15,train,93615,Nhat Tan Bridge,../../data/landmark_vietnam_dataset_split\train\93615\train_93615_15.jpg
train_93615_16,train,93615,Nhat Tan Bridge,../../data/landmark_vietnam_dataset_split\train\93615\train_93615_16.jpg
train_93615_17,train,93615,Nhat Tan Bridge,../../data/landmark_vietnam_dataset_split\train\93615\train_93615_17.jpg
train_93615_18,train,93615,Nhat Tan Bridge,../../data/landmark_vietnam_dataset_split\train\93615\train_93615_18.jpg
train_93615_19,train,93615,Nhat Tan Bridge,../../data/landmark_vietnam_dataset_split\train\93615\train_93615_19.jpg
train_93615_20,train,93615,Nhat Tan Bridge,../../data/landmark_vietnam_dataset_split\train\93615\train_93615_20.jpg
train_93615_21,train,93615,Nhat Tan Bridge,../../data/landmark_vietnam_dataset_split\train\93615\train_93615_21.jpg
train_93932_1,train,93932,Giac Lam Pagoda,../../data/landmark_vietnam_dataset_split\train\93932\train_93932_1.jpg
train_93932_2,train,93932,Giac Lam Pagoda,../../data/landmark_vietnam_dataset_split\train\93932\train_93932_2.jpg
train_93932_3,train,93932,Giac Lam Pagoda,../../data/landmark_vietnam_dataset_split\train\93932\train_93932_3.jpg
train_93932_4,train,93932,Giac Lam Pagoda,../../data/landmark_vietnam_dataset_split\train\93932\train_93932_4.jpg
train_93932_5,train,93932,Giac Lam Pagoda,../../data/landmark_vietnam_dataset_split\train\93932\train_93932_5.jpg
train_93932_6,train,93932,Giac Lam Pagoda,../../data/landmark_vietnam_dataset_split\train\93932\train_93932_6.jpg
train_93932_7,train,93932,Giac Lam Pagoda,../../data/landmark_vietnam_dataset_split\train\93932\train_93932_7.jpg
train_93932_8,train,93932,Giac Lam Pagoda,../../data/landmark_vietnam_dataset_split\train\93932\train_93932_8.jpg
train_93932_9,train,93932,Giac Lam Pagoda,../../data/landmark_vietnam_dataset_split\train\93932\train_93932_9.jpg
train_93932_10,train,93932,Giac Lam Pagoda,../../data/landmark_vietnam_dataset_split\train\93932\train_93932_10.jpg
train_93932_11,train,93932,Giac Lam Pagoda,../../data/landmark_vietnam_dataset_split\train\93932\train_93932_11.jpg
train_93932_12,train,93932,Giac Lam Pagoda,../../data/landmark_vietnam_dataset_split\train\93932\train_93932_12.jpg
train_93932_13,train,93932,Giac Lam Pagoda,../../data/landmark_vietnam_dataset_split\train\93932\train_93932_13.jpg
train_93932_14,train,93932,Giac Lam Pagoda,../../data/landmark_vietnam_dataset_split\train\93932\train_93932_14.jpg
train_93932_15,train,93932,Giac Lam Pagoda,../../data/landmark_vietnam_dataset_split\train\93932\train_93932_15.jpg
train_93932_16,train,93932,Giac Lam Pagoda,../../data/landmark_vietnam_dataset_split\train\93932\train_93932_16.jpg
train_93932_17,train,93932,Giac Lam Pagoda,../../data/landmark_vietnam_dataset_split\train\93932\train_93932_17.jpg
train_93932_18,train,93932,Giac Lam Pagoda,../../data/landmark_vietnam_dataset_split\train\93932\train_93932_18.jpg
train_93932_19,train,93932,Giac Lam Pagoda,../../data/landmark_vietnam_dataset_split\train\93932\train_93932_19.jpg
train_93932_20,train,93932,Giac Lam Pagoda,../../data/landmark_vietnam_dataset_split\train\93932\train_93932_20.jpg
train_93932_21,train,93932,Giac Lam Pagoda,../../data/landmark_vietnam_dataset_split\train\93932\train_93932_21.jpg
train_93932_22,train,93932,Giac Lam Pagoda,../../data/landmark_vietnam_dataset_split\train\93932\train_93932_22.jpg
train_93932_23,train,93932,Giac Lam Pagoda,../../data/landmark_vietnam_dataset_split\train\93932\train_93932_23.jpg
train_93932_24,train,93932,Giac Lam Pagoda,../../data/landmark_vietnam_dataset_split\train\93932\train_93932_24.jpg
train_94769_1,train,94769,Vinh Trang Pagoda,../../data/landmark_vietnam_dataset_split\train\94769\train_94769_1.jpg
train_94769_2,train,94769,Vinh Trang Pagoda,../../data/landmark_vietnam_dataset_split\train\94769\train_94769_2.jpg
train_94769_3,train,94769,Vinh Trang Pagoda,../../data/landmark_vietnam_dataset_split\train\94769\train_94769_3.jpg
train_94769_4,train,94769,Vinh Trang Pagoda,../../data/landmark_vietnam_dataset_split\train\94769\train_94769_4.jpg
train_94769_5,train,94769,Vinh Trang Pagoda,../../data/landmark_vietnam_dataset_split\train\94769\train_94769_5.jpg
train_94769_6,train,94769,Vinh Trang Pagoda,../../data/landmark_vietnam_dataset_split\train\94769\train_94769_6.jpg
train_94769_7,train,94769,Vinh Trang Pagoda,../../data/landmark_vietnam_dataset_split\train\94769\train_94769_7.jpg
train_94769_8,train,94769,Vinh Trang Pagoda,../../data/landmark_vietnam_dataset_split\train\94769\train_94769_8.jpg
train_94769_9,train,94769,Vinh Trang Pagoda,../../data/landmark_vietnam_dataset_split\train\94769\train_94769_9.jpg
train_94769_10,train,94769,Vinh Trang Pagoda,../../data/landmark_vietnam_dataset_split\train\94769\train_94769_10.jpg
train_94769_11,train,94769,Vinh Trang Pagoda,../../data/landmark_vietnam_dataset_split\train\94769\train_94769_11.jpg
train_94769_12,train,94769,Vinh Trang Pagoda,../../data/landmark_vietnam_dataset_split\train\94769\train_94769_12.jpg
train_94769_13,train,94769,Vinh Trang Pagoda,../../data/landmark_vietnam_dataset_split\train\94769\train_94769_13.jpg
train_94769_14,train,94769,Vinh Trang Pagoda,../../data/landmark_vietnam_dataset_split\train\94769\train_94769_14.jpg
train_94769_15,train,94769,Vinh Trang Pagoda,../../data/landmark_vietnam_dataset_split\train\94769\train_94769_15.jpg
train_95547_1,train,95547,Đan Viện Thánh Mẫu Châu Sơn Đơn Dương,../../data/landmark_vietnam_dataset_split\train\95547\train_95547_1.jpg
train_95547_2,train,95547,Đan Viện Thánh Mẫu Châu Sơn Đơn Dương,../../data/landmark_vietnam_dataset_split\train\95547\train_95547_2.jpg
train_95547_3,train,95547,Đan Viện Thánh Mẫu Châu Sơn Đơn Dương,../../data/landmark_vietnam_dataset_split\train\95547\train_95547_3.jpg
train_95547_4,train,95547,Đan Viện Thánh Mẫu Châu Sơn Đơn Dương,../../data/landmark_vietnam_dataset_split\train\95547\train_95547_4.jpg
train_95547_5,train,95547,Đan Viện Thánh Mẫu Châu Sơn Đơn Dương,../../data/landmark_vietnam_dataset_split\train\95547\train_95547_5.jpg
train_95547_6,train,95547,Đan Viện Thánh Mẫu Châu Sơn Đơn Dương,../../data/landmark_vietnam_dataset_split\train\95547\train_95547_6.jpg
train_95547_7,train,95547,Đan Viện Thánh Mẫu Châu Sơn Đơn Dương,../../data/landmark_vietnam_dataset_split\train\95547\train_95547_7.jpg
train_95547_8,train,95547,Đan Viện Thánh Mẫu Châu Sơn Đơn Dương,../../data/landmark_vietnam_dataset_split\train\95547\train_95547_8.jpg
train_95547_9,train,95547,Đan Viện Thánh Mẫu Châu Sơn Đơn Dương,../../data/landmark_vietnam_dataset_split\train\95547\train_95547_9.jpg
train_95547_10,train,95547,Đan Viện Thánh Mẫu Châu Sơn Đơn Dương,../../data/landmark_vietnam_dataset_split\train\95547\train_95547_10.jpg
train_95547_11,train,95547,Đan Viện Thánh Mẫu Châu Sơn Đơn Dương,../../data/landmark_vietnam_dataset_split\train\95547\train_95547_11.jpg
train_95547_12,train,95547,Đan Viện Thánh Mẫu Châu Sơn Đơn Dương,../../data/landmark_vietnam_dataset_split\train\95547\train_95547_12.jpg
train_97272_1,train,97272,Linh Son Pagoda,../../data/landmark_vietnam_dataset_split\train\97272\train_97272_1.jpg
train_97272_2,train,97272,Linh Son Pagoda,../../data/landmark_vietnam_dataset_split\train\97272\train_97272_2.jpg
train_97272_3,train,97272,Linh Son Pagoda,../../data/landmark_vietnam_dataset_split\train\97272\train_97272_3.jpg
train_97272_4,train,97272,Linh Son Pagoda,../../data/landmark_vietnam_dataset_split\train\97272\train_97272_4.jpg
train_97272_5,train,97272,Linh Son Pagoda,../../data/landmark_vietnam_dataset_split\train\97272\train_97272_5.jpg
train_97272_6,train,97272,Linh Son Pagoda,../../data/landmark_vietnam_dataset_split\train\97272\train_97272_6.jpg
train_97272_7,train,97272,Linh Son Pagoda,../../data/landmark_vietnam_dataset_split\train\97272\train_97272_7.jpg
train_97272_8,train,97272,Linh Son Pagoda,../../data/landmark_vietnam_dataset_split\train\97272\train_97272_8.jpg
train_97272_9,train,97272,Linh Son Pagoda,../../data/landmark_vietnam_dataset_split\train\97272\train_97272_9.jpg
train_97272_10,train,97272,Linh Son Pagoda,../../data/landmark_vietnam_dataset_split\train\97272\train_97272_10.jpg
train_97272_11,train,97272,Linh Son Pagoda,../../data/landmark_vietnam_dataset_split\train\97272\train_97272_11.jpg
train_97272_12,train,97272,Linh Son Pagoda,../../data/landmark_vietnam_dataset_split\train\97272\train_97272_12.jpg
train_97272_13,train,97272,Linh Son Pagoda,../../data/landmark_vietnam_dataset_split\train\97272\train_97272_13.jpg
train_97272_14,train,97272,Linh Son Pagoda,../../data/landmark_vietnam_dataset_split\train\97272\train_97272_14.jpg
train_97272_15,train,97272,Linh Son Pagoda,../../data/landmark_vietnam_dataset_split\train\97272\train_97272_15.jpg
train_97272_16,train,97272,Linh Son Pagoda,../../data/landmark_vietnam_dataset_split\train\97272\train_97272_16.jpg
train_97272_17,train,97272,Linh Son Pagoda,../../data/landmark_vietnam_dataset_split\train\97272\train_97272_17.jpg
train_97272_18,train,97272,Linh Son Pagoda,../../data/landmark_vietnam_dataset_split\train\97272\train_97272_18.jpg
train_97272_19,train,97272,Linh Son Pagoda,../../data/landmark_vietnam_dataset_split\train\97272\train_97272_19.jpg
train_97272_20,train,97272,Linh Son Pagoda,../../data/landmark_vietnam_dataset_split\train\97272\train_97272_20.jpg
train_97272_21,train,97272,Linh Son Pagoda,../../data/landmark_vietnam_dataset_split\train\97272\train_97272_21.jpg
train_97272_22,train,97272,Linh Son Pagoda,../../data/landmark_vietnam_dataset_split\train\97272\train_97272_22.jpg
train_97272_23,train,97272,Linh Son Pagoda,../../data/landmark_vietnam_dataset_split\train\97272\train_97272_23.jpg
train_97272_24,train,97272,Linh Son Pagoda,../../data/landmark_vietnam_dataset_split\train\97272\train_97272_24.jpg
train_97272_25,train,97272,Linh Son Pagoda,../../data/landmark_vietnam_dataset_split\train\97272\train_97272_25.jpg
train_97272_26,train,97272,Linh Son Pagoda,../../data/landmark_vietnam_dataset_split\train\97272\train_97272_26.jpg
train_97272_27,train,97272,Linh Son Pagoda,../../data/landmark_vietnam_dataset_split\train\97272\train_97272_27.jpg
train_97846_1,train,97846,Hoằng Pháp Temple,../../data/landmark_vietnam_dataset_split\train\97846\train_97846_1.jpg
train_97846_2,train,97846,Hoằng Pháp Temple,../../data/landmark_vietnam_dataset_split\train\97846\train_97846_2.jpg
train_97846_3,train,97846,Hoằng Pháp Temple,../../data/landmark_vietnam_dataset_split\train\97846\train_97846_3.jpg
train_97846_4,train,97846,Hoằng Pháp Temple,../../data/landmark_vietnam_dataset_split\train\97846\train_97846_4.jpg
train_97846_5,train,97846,Hoằng Pháp Temple,../../data/landmark_vietnam_dataset_split\train\97846\train_97846_5.jpg
train_97846_6,train,97846,Hoằng Pháp Temple,../../data/landmark_vietnam_dataset_split\train\97846\train_97846_6.jpg
train_97846_7,train,97846,Hoằng Pháp Temple,../../data/landmark_vietnam_dataset_split\train\97846\train_97846_7.jpg
train_97846_8,train,97846,Hoằng Pháp Temple,../../data/landmark_vietnam_dataset_split\train\97846\train_97846_8.jpg
train_97846_9,train,97846,Hoằng Pháp Temple,../../data/landmark_vietnam_dataset_split\train\97846\train_97846_9.jpg
train_97846_10,train,97846,Hoằng Pháp Temple,../../data/landmark_vietnam_dataset_split\train\97846\train_97846_10.jpg
train_97846_11,train,97846,Hoằng Pháp Temple,../../data/landmark_vietnam_dataset_split\train\97846\train_97846_11.jpg
train_97846_12,train,97846,Hoằng Pháp Temple,../../data/landmark_vietnam_dataset_split\train\97846\train_97846_12.jpg
train_97846_13,train,97846,Hoằng Pháp Temple,../../data/landmark_vietnam_dataset_split\train\97846\train_97846_13.jpg
train_97846_14,train,97846,Hoằng Pháp Temple,../../data/landmark_vietnam_dataset_split\train\97846\train_97846_14.jpg
train_97846_15,train,97846,Hoằng Pháp Temple,../../data/landmark_vietnam_dataset_split\train\97846\train_97846_15.jpg
train_97846_16,train,97846,Hoằng Pháp Temple,../../data/landmark_vietnam_dataset_split\train\97846\train_97846_16.jpg
train_97846_17,train,97846,Hoằng Pháp Temple,../../data/landmark_vietnam_dataset_split\train\97846\train_97846_17.jpg
train_97846_18,train,97846,Hoằng Pháp Temple,../../data/landmark_vietnam_dataset_split\train\97846\train_97846_18.jpg
train_97846_19,train,97846,Hoằng Pháp Temple,../../data/landmark_vietnam_dataset_split\train\97846\train_97846_19.jpg
train_97846_20,train,97846,Hoằng Pháp Temple,../../data/landmark_vietnam_dataset_split\train\97846\train_97846_20.jpg
train_97846_21,train,97846,Hoằng Pháp Temple,../../data/landmark_vietnam_dataset_split\train\97846\train_97846_21.jpg
val_10363_1,val,10363,"Pham Ngu Lao Street, Ho Chi Minh City",../../data/landmark_vietnam_dataset_split\val\10363\val_10363_1.jpg
val_10363_2,val,10363,"Pham Ngu Lao Street, Ho Chi Minh City",../../data/landmark_vietnam_dataset_split\val\10363\val_10363_2.jpg
val_104622_1,val,104622,Kim Lien shrine,../../data/landmark_vietnam_dataset_split\val\104622\val_104622_1.jpg
val_104622_2,val,104622,Kim Lien shrine,../../data/landmark_vietnam_dataset_split\val\104622\val_104622_2.jpg
val_104627_1,val,104627,Pavilion of Splendour (Citadel of Huế),../../data/landmark_vietnam_dataset_split\val\104627\val_104627_1.jpg
val_104627_2,val,104627,Pavilion of Splendour (Citadel of Huế),../../data/landmark_vietnam_dataset_split\val\104627\val_104627_2.jpg
val_104896_1,val,104896,Angkorajaborey Pagoda,../../data/landmark_vietnam_dataset_split\val\104896\val_104896_1.jpg
val_107747_1,val,107747,"Imperial City, Huế",../../data/landmark_vietnam_dataset_split\val\107747\val_107747_1.jpg
val_10877_1,val,10877,Phat Tich pagoda,../../data/landmark_vietnam_dataset_split\val\10877\val_10877_1.jpg
val_10877_2,val,10877,Phat Tich pagoda,../../data/landmark_vietnam_dataset_split\val\10877\val_10877_2.jpg
val_109509_1,val,109509,Bach Ma,../../data/landmark_vietnam_dataset_split\val\109509\val_109509_1.jpg
val_109993_1,val,109993,Nui Coc Lake,../../data/landmark_vietnam_dataset_split\val\109993\val_109993_1.jpg
val_110950_1,val,110950,Pagoda of the Celestial Lady,../../data/landmark_vietnam_dataset_split\val\110950\val_110950_1.jpg
val_110950_2,val,110950,Pagoda of the Celestial Lady,../../data/landmark_vietnam_dataset_split\val\110950\val_110950_2.jpg
val_111065_1,val,111065,Flag Tower of Huế,../../data/landmark_vietnam_dataset_split\val\111065\val_111065_1.jpg
val_111065_2,val,111065,Flag Tower of Huế,../../data/landmark_vietnam_dataset_split\val\111065\val_111065_2.jpg
val_112557_1,val,112557,Tinh Xa Trung Tam,../../data/landmark_vietnam_dataset_split\val\112557\val_112557_1.jpg
val_112557_2,val,112557,Tinh Xa Trung Tam,../../data/landmark_vietnam_dataset_split\val\112557\val_112557_2.jpg
val_113331_1,val,113331,Phu My Bridge,../../data/landmark_vietnam_dataset_split\val\113331\val_113331_1.jpg
val_113331_2,val,113331,Phu My Bridge,../../data/landmark_vietnam_dataset_split\val\113331\val_113331_2.jpg
val_115883_1,val,115883,Phat Diem Church,../../data/landmark_vietnam_dataset_split\val\115883\val_115883_1.jpg
val_115883_2,val,115883,Phat Diem Church,../../data/landmark_vietnam_dataset_split\val\115883\val_115883_2.jpg
val_116334_1,val,116334,"Thien Hau Temple, Ho Chi Minh City",../../data/landmark_vietnam_dataset_split\val\116334\val_116334_1.jpg
val_116334_2,val,116334,"Thien Hau Temple, Ho Chi Minh City",../../data/landmark_vietnam_dataset_split\val\116334\val_116334_2.jpg
val_117500_1,val,117500,Chùa Đại Giác,../../data/landmark_vietnam_dataset_split\val\117500\val_117500_1.jpg
val_117500_2,val,117500,Chùa Đại Giác,../../data/landmark_vietnam_dataset_split\val\117500\val_117500_2.jpg
val_117745_1,val,117745,Miếu Nhị Phủ,../../data/landmark_vietnam_dataset_split\val\117745\val_117745_1.jpg
val_117745_2,val,117745,Miếu Nhị Phủ,../../data/landmark_vietnam_dataset_split\val\117745\val_117745_2.jpg
val_118748_1,val,118748,Cu Chi Tunnel,../../data/landmark_vietnam_dataset_split\val\118748\val_118748_1.jpg
val_118748_2,val,118748,Cu Chi Tunnel,../../data/landmark_vietnam_dataset_split\val\118748\val_118748_2.jpg
val_119206_1,val,119206,Thánh thất Đa Phước,../../data/landmark_vietnam_dataset_split\val\119206\val_119206_1.jpg
val_119206_2,val,119206,Thánh thất Đa Phước,../../data/landmark_vietnam_dataset_split\val\119206\val_119206_2.jpg
val_119243_1,val,119243,Bạch Dinh,../../data/landmark_vietnam_dataset_split\val\119243\val_119243_1.jpg
val_119243_2,val,119243,Bạch Dinh,../../data/landmark_vietnam_dataset_split\val\119243\val_119243_2.jpg
val_120976_1,val,120976,Kim Liên Pagoda,../../data/landmark_vietnam_dataset_split\val\120976\val_120976_1.jpg
val_120976_2,val,120976,Kim Liên Pagoda,../../data/landmark_vietnam_dataset_split\val\120976\val_120976_2.jpg
val_121100_1,val,121100,Son Doong Cave,../../data/landmark_vietnam_dataset_split\val\121100\val_121100_1.jpg
val_121100_2,val,121100,Son Doong Cave,../../data/landmark_vietnam_dataset_split\val\121100\val_121100_2.jpg
val_121481_1,val,121481,One Pillar Pagoda,../../data/landmark_vietnam_dataset_split\val\121481\val_121481_1.jpg
val_121481_2,val,121481,One Pillar Pagoda,../../data/landmark_vietnam_dataset_split\val\121481\val_121481_2.jpg
val_121533_1,val,121533,Keangnam Hanoi Landmark Tower,../../data/landmark_vietnam_dataset_split\val\121533\val_121533_1.jpg
val_121533_2,val,121533,Keangnam Hanoi Landmark Tower,../../data/landmark_vietnam_dataset_split\val\121533\val_121533_2.jpg
val_121721_1,val,121721,Thien Duong Cave,../../data/landmark_vietnam_dataset_split\val\121721\val_121721_1.jpg
val_121721_2,val,121721,Thien Duong Cave,../../data/landmark_vietnam_dataset_split\val\121721\val_121721_2.jpg
val_122786_1,val,122786,Regina Pacis Cathedral (Long Xuyen),../../data/landmark_vietnam_dataset_split\val\122786\val_122786_1.jpg
val_122786_2,val,122786,Regina Pacis Cathedral (Long Xuyen),../../data/landmark_vietnam_dataset_split\val\122786\val_122786_2.jpg
val_124454_1,val,124454,Hanoi Botanical Garden,../../data/landmark_vietnam_dataset_split\val\124454\val_124454_1.jpg
val_125300_1,val,125300,Chùa Cầu,../../data/landmark_vietnam_dataset_split\val\125300\val_125300_1.jpg
val_125300_2,val,125300,Chùa Cầu,../../data/landmark_vietnam_dataset_split\val\125300\val_125300_2.jpg
val_128015_1,val,128015,Cam Ranh Bay,../../data/landmark_vietnam_dataset_split\val\128015\val_128015_1.jpg
val_128228_1,val,128228,Thac Ba Lake,../../data/landmark_vietnam_dataset_split\val\128228\val_128228_1.jpg
val_128310_1,val,128310,Chi Lang Stadium,../../data/landmark_vietnam_dataset_split\val\128310\val_128310_1.jpg
val_128374_1,val,128374,Vung Tau lighthouse,../../data/landmark_vietnam_dataset_split\val\128374\val_128374_1.jpg
val_128374_2,val,128374,Vung Tau lighthouse,../../data/landmark_vietnam_dataset_split\val\128374\val_128374_2.jpg
val_129798_1,val,129798,Vietnamese Women's Museum,../../data/landmark_vietnam_dataset_split\val\129798\val_129798_1.jpg
val_129798_2,val,129798,Vietnamese Women's Museum,../../data/landmark_vietnam_dataset_split\val\129798\val_129798_2.jpg
val_130230_1,val,130230,Museum of Cham Sculpture,../../data/landmark_vietnam_dataset_split\val\130230\val_130230_1.jpg
val_131182_1,val,131182,National Library of Vietnam,../../data/landmark_vietnam_dataset_split\val\131182\val_131182_1.jpg
val_131182_2,val,131182,National Library of Vietnam,../../data/landmark_vietnam_dataset_split\val\131182\val_131182_2.jpg
val_133325_1,val,133325,Bai Chay Bridge,../../data/landmark_vietnam_dataset_split\val\133325\val_133325_1.jpg
val_133572_1,val,133572,Đền Mẫu Âu Cơ,../../data/landmark_vietnam_dataset_split\val\133572\val_133572_1.jpg
val_133572_2,val,133572,Đền Mẫu Âu Cơ,../../data/landmark_vietnam_dataset_split\val\133572\val_133572_2.jpg
val_133933_1,val,133933,Lotte Center Hanoi,../../data/landmark_vietnam_dataset_split\val\133933\val_133933_1.jpg
val_133933_2,val,133933,Lotte Center Hanoi,../../data/landmark_vietnam_dataset_split\val\133933\val_133933_2.jpg
val_134053_1,val,134053,Kim Bồng Village,../../data/landmark_vietnam_dataset_split\val\134053\val_134053_1.jpg
val_134422_1,val,134422,Trấn Quốc Pagoda,../../data/landmark_vietnam_dataset_split\val\134422\val_134422_1.jpg
val_134422_2,val,134422,Trấn Quốc Pagoda,../../data/landmark_vietnam_dataset_split\val\134422\val_134422_2.jpg
val_134878_1,val,134878,Turtle Tower,../../data/landmark_vietnam_dataset_split\val\134878\val_134878_1.jpg
val_134878_2,val,134878,Turtle Tower,../../data/landmark_vietnam_dataset_split\val\134878\val_134878_2.jpg
val_135320_1,val,135320,"Quan Am Pagoda, Ho Chi Minh City",../../data/landmark_vietnam_dataset_split\val\135320\val_135320_1.jpg
val_136317_1,val,136317,Bình An Cemetery,../../data/landmark_vietnam_dataset_split\val\136317\val_136317_1.jpg
val_136317_2,val,136317,Bình An Cemetery,../../data/landmark_vietnam_dataset_split\val\136317\val_136317_2.jpg
val_136610_1,val,136610,The Rockpile,../../data/landmark_vietnam_dataset_split\val\136610\val_136610_1.jpg
val_136610_2,val,136610,The Rockpile,../../data/landmark_vietnam_dataset_split\val\136610\val_136610_2.jpg
val_137130_1,val,137130,Linh Phuoc Pagoda,../../data/landmark_vietnam_dataset_split\val\137130\val_137130_1.jpg
val_137130_2,val,137130,Linh Phuoc Pagoda,../../data/landmark_vietnam_dataset_split\val\137130\val_137130_2.jpg
val_137138_1,val,137138,Xuan Huong Lake,../../data/landmark_vietnam_dataset_split\val\137138\val_137138_1.jpg
val_139377_1,val,139377,Deutsches Haus Ho Chi Minh Stadt,../../data/landmark_vietnam_dataset_split\val\139377\val_139377_1.jpg
val_139377_2,val,139377,Deutsches Haus Ho Chi Minh Stadt,../../data/landmark_vietnam_dataset_split\val\139377\val_139377_2.jpg
val_14034_1,val,14034,"Presidential Palace, Hanoi",../../data/landmark_vietnam_dataset_split\val\14034\val_14034_1.jpg
val_14034_2,val,14034,"Presidential Palace, Hanoi",../../data/landmark_vietnam_dataset_split\val\14034\val_14034_2.jpg
val_140932_1,val,140932,Vietnam Museum of Ethnology,../../data/landmark_vietnam_dataset_split\val\140932\val_140932_1.jpg
val_140932_2,val,140932,Vietnam Museum of Ethnology,../../data/landmark_vietnam_dataset_split\val\140932\val_140932_2.jpg
val_14098_1,val,14098,My Son,../../data/landmark_vietnam_dataset_split\val\14098\val_14098_1.jpg
val_14098_2,val,14098,My Son,../../data/landmark_vietnam_dataset_split\val\14098\val_14098_2.jpg
val_141206_1,val,141206,"Truc Lam Zen Monastery, Da Lat",../../data/landmark_vietnam_dataset_split\val\141206\val_141206_1.jpg
val_141206_2,val,141206,"Truc Lam Zen Monastery, Da Lat",../../data/landmark_vietnam_dataset_split\val\141206\val_141206_2.jpg
val_141856_1,val,141856,My Dinh National Stadium,../../data/landmark_vietnam_dataset_split\val\141856\val_141856_1.jpg
val_141856_2,val,141856,My Dinh National Stadium,../../data/landmark_vietnam_dataset_split\val\141856\val_141856_2.jpg
val_142465_1,val,142465,People's Committee Building of Ho Chi Minh City,../../data/landmark_vietnam_dataset_split\val\142465\val_142465_1.jpg
val_142465_2,val,142465,People's Committee Building of Ho Chi Minh City,../../data/landmark_vietnam_dataset_split\val\142465\val_142465_2.jpg
val_144275_1,val,144275,Da Lat Flower Park,../../data/landmark_vietnam_dataset_split\val\144275\val_144275_1.jpg
val_145173_1,val,145173,Thần-quang Pagoda (Trực-ninh),../../data/landmark_vietnam_dataset_split\val\145173\val_145173_1.jpg
val_145844_1,val,145844,Flag Tower of Hanoi,../../data/landmark_vietnam_dataset_split\val\145844\val_145844_1.jpg
val_145844_2,val,145844,Flag Tower of Hanoi,../../data/landmark_vietnam_dataset_split\val\145844\val_145844_2.jpg
val_148756_1,val,148756,Suoi Tien Amusement Park,../../data/landmark_vietnam_dataset_split\val\148756\val_148756_1.jpg
val_148756_2,val,148756,Suoi Tien Amusement Park,../../data/landmark_vietnam_dataset_split\val\148756\val_148756_2.jpg
val_149285_1,val,149285,Vietnam Military History Museum,../../data/landmark_vietnam_dataset_split\val\149285\val_149285_1.jpg
val_149285_2,val,149285,Vietnam Military History Museum,../../data/landmark_vietnam_dataset_split\val\149285\val_149285_2.jpg
val_149368_1,val,149368,Thap Poshaknu cham towers,../../data/landmark_vietnam_dataset_split\val\149368\val_149368_1.jpg
val_149535_1,val,149535,InterContinental hotels,../../data/landmark_vietnam_dataset_split\val\149535\val_149535_1.jpg
val_149877_1,val,149877,Son La Dam,../../data/landmark_vietnam_dataset_split\val\149877\val_149877_1.jpg
val_149877_2,val,149877,Son La Dam,../../data/landmark_vietnam_dataset_split\val\149877\val_149877_2.jpg
val_151011_1,val,151011,Quán Thánh Temple,../../data/landmark_vietnam_dataset_split\val\151011\val_151011_1.jpg
val_151011_2,val,151011,Quán Thánh Temple,../../data/landmark_vietnam_dataset_split\val\151011\val_151011_2.jpg
val_151058_1,val,151058,Dragon Wharf,../../data/landmark_vietnam_dataset_split\val\151058\val_151058_1.jpg
val_151058_2,val,151058,Dragon Wharf,../../data/landmark_vietnam_dataset_split\val\151058\val_151058_2.jpg
val_152377_1,val,152377,Long Bien Bridge,../../data/landmark_vietnam_dataset_split\val\152377\val_152377_1.jpg
val_152437_1,val,152437,Kính Thiên Palace,../../data/landmark_vietnam_dataset_split\val\152437\val_152437_1.jpg
val_152501_1,val,152501,Cốc Lếu Bridge,../../data/landmark_vietnam_dataset_split\val\152501\val_152501_1.jpg
val_153668_1,val,153668,Saigon Notre-Dame Basilica,../../data/landmark_vietnam_dataset_split\val\153668\val_153668_1.jpg
val_153668_2,val,153668,Saigon Notre-Dame Basilica,../../data/landmark_vietnam_dataset_split\val\153668\val_153668_2.jpg
val_154569_1,val,154569,Jade Emperor Pagoda,../../data/landmark_vietnam_dataset_split\val\154569\val_154569_1.jpg
val_155319_1,val,155319,Ben Thanh Market,../../data/landmark_vietnam_dataset_split\val\155319\val_155319_1.jpg
val_155319_2,val,155319,Ben Thanh Market,../../data/landmark_vietnam_dataset_split\val\155319\val_155319_2.jpg
val_156825_1,val,156825,Hang Pagoda (Tra Vinh Province),../../data/landmark_vietnam_dataset_split\val\156825\val_156825_1.jpg
val_156825_2,val,156825,Hang Pagoda (Tra Vinh Province),../../data/landmark_vietnam_dataset_split\val\156825\val_156825_2.jpg
val_157989_1,val,157989,U Minh Thuong,../../data/landmark_vietnam_dataset_split\val\157989\val_157989_1.jpg
val_157989_2,val,157989,U Minh Thuong,../../data/landmark_vietnam_dataset_split\val\157989\val_157989_2.jpg
val_158425_1,val,158425,Long Tan Cross,../../data/landmark_vietnam_dataset_split\val\158425\val_158425_1.jpg
val_159148_1,val,159148,Vietnam National Museum of Fine Arts,../../data/landmark_vietnam_dataset_split\val\159148\val_159148_1.jpg
val_159672_1,val,159672,An Dinh Residence,../../data/landmark_vietnam_dataset_split\val\159672\val_159672_1.jpg
val_159672_2,val,159672,An Dinh Residence,../../data/landmark_vietnam_dataset_split\val\159672\val_159672_2.jpg
val_162524_1,val,162524,Cathedral of Da Lat,../../data/landmark_vietnam_dataset_split\val\162524\val_162524_1.jpg
val_162524_2,val,162524,Cathedral of Da Lat,../../data/landmark_vietnam_dataset_split\val\162524\val_162524_2.jpg
val_162703_1,val,162703,Tân Định Church,../../data/landmark_vietnam_dataset_split\val\162703\val_162703_1.jpg
val_162703_2,val,162703,Tân Định Church,../../data/landmark_vietnam_dataset_split\val\162703\val_162703_2.jpg
val_16314_1,val,16314,Opera House of Ho Chi Minh City,../../data/landmark_vietnam_dataset_split\val\16314\val_16314_1.jpg
val_16314_2,val,16314,Opera House of Ho Chi Minh City,../../data/landmark_vietnam_dataset_split\val\16314\val_16314_2.jpg
val_163230_1,val,163230,Bà Lụa Islands,../../data/landmark_vietnam_dataset_split\val\163230\val_163230_1.jpg
val_164543_1,val,164543,Đồng Xuân Market,../../data/landmark_vietnam_dataset_split\val\164543\val_164543_1.jpg
val_165388_1,val,165388,Hang Cop Waterfall,../../data/landmark_vietnam_dataset_split\val\165388\val_165388_1.jpg
val_165388_2,val,165388,Hang Cop Waterfall,../../data/landmark_vietnam_dataset_split\val\165388\val_165388_2.jpg
val_165669_1,val,165669,Ba Vi National Park,../../data/landmark_vietnam_dataset_split\val\165669\val_165669_1.jpg
val_165669_2,val,165669,Ba Vi National Park,../../data/landmark_vietnam_dataset_split\val\165669\val_165669_2.jpg
val_168064_1,val,168064,Xa Loi Pagoda,../../data/landmark_vietnam_dataset_split\val\168064\val_168064_1.jpg
val_168064_2,val,168064,Xa Loi Pagoda,../../data/landmark_vietnam_dataset_split\val\168064\val_168064_2.jpg
val_173200_1,val,173200,Hang Nga guesthouse,../../data/landmark_vietnam_dataset_split\val\173200\val_173200_1.jpg
val_174562_1,val,174562,Can Tho Bridge,../../data/landmark_vietnam_dataset_split\val\174562\val_174562_1.jpg
val_174562_2,val,174562,Can Tho Bridge,../../data/landmark_vietnam_dataset_split\val\174562\val_174562_2.jpg
val_177220_1,val,177220,Cat Tien National Park,../../data/landmark_vietnam_dataset_split\val\177220\val_177220_1.jpg
val_177220_2,val,177220,Cat Tien National Park,../../data/landmark_vietnam_dataset_split\val\177220\val_177220_2.jpg
val_178816_1,val,178816,Phu Quoc,../../data/landmark_vietnam_dataset_split\val\178816\val_178816_1.jpg
val_178816_2,val,178816,Phu Quoc,../../data/landmark_vietnam_dataset_split\val\178816\val_178816_2.jpg
val_179766_1,val,179766,Cù Hill,../../data/landmark_vietnam_dataset_split\val\179766\val_179766_1.jpg
val_179766_2,val,179766,Cù Hill,../../data/landmark_vietnam_dataset_split\val\179766\val_179766_2.jpg
val_180385_1,val,180385,Tay An Pagoda,../../data/landmark_vietnam_dataset_split\val\180385\val_180385_1.jpg
val_180385_2,val,180385,Tay An Pagoda,../../data/landmark_vietnam_dataset_split\val\180385\val_180385_2.jpg
val_182673_1,val,182673,Tomb of Emperor Gia Long,../../data/landmark_vietnam_dataset_split\val\182673\val_182673_1.jpg
val_182673_2,val,182673,Tomb of Emperor Gia Long,../../data/landmark_vietnam_dataset_split\val\182673\val_182673_2.jpg
val_183876_1,val,183876,Con Dao Islands,../../data/landmark_vietnam_dataset_split\val\183876\val_183876_1.jpg
val_184326_1,val,184326,Ban Gioc Waterfalls,../../data/landmark_vietnam_dataset_split\val\184326\val_184326_1.jpg
val_184326_2,val,184326,Ban Gioc Waterfalls,../../data/landmark_vietnam_dataset_split\val\184326\val_184326_2.jpg
val_184716_1,val,184716,Ly Bat De Shrine,../../data/landmark_vietnam_dataset_split\val\184716\val_184716_1.jpg
val_184716_2,val,184716,Ly Bat De Shrine,../../data/landmark_vietnam_dataset_split\val\184716\val_184716_2.jpg
val_184903_1,val,184903,Cổ Loa Citadel,../../data/landmark_vietnam_dataset_split\val\184903\val_184903_1.jpg
val_185687_1,val,185687,Saigon Times Square,../../data/landmark_vietnam_dataset_split\val\185687\val_185687_1.jpg
val_185687_2,val,185687,Saigon Times Square,../../data/landmark_vietnam_dataset_split\val\185687\val_185687_2.jpg
val_185771_1,val,185771,Hanoi Ceramic Mosaic Mural,../../data/landmark_vietnam_dataset_split\val\185771\val_185771_1.jpg
val_185834_1,val,185834,Po Nagar,../../data/landmark_vietnam_dataset_split\val\185834\val_185834_1.jpg
val_185834_2,val,185834,Po Nagar,../../data/landmark_vietnam_dataset_split\val\185834\val_185834_2.jpg
val_186946_1,val,186946,Hanoi Hilton,../../data/landmark_vietnam_dataset_split\val\186946\val_186946_1.jpg
val_186946_2,val,186946,Hanoi Hilton,../../data/landmark_vietnam_dataset_split\val\186946\val_186946_2.jpg
val_18959_1,val,18959,Saint Joseph Church (Ho Chi Minh City),../../data/landmark_vietnam_dataset_split\val\18959\val_18959_1.jpg
val_18959_2,val,18959,Saint Joseph Church (Ho Chi Minh City),../../data/landmark_vietnam_dataset_split\val\18959\val_18959_2.jpg
val_189744_1,val,189744,West Lake (Hanoi),../../data/landmark_vietnam_dataset_split\val\189744\val_189744_1.jpg
val_189744_2,val,189744,West Lake (Hanoi),../../data/landmark_vietnam_dataset_split\val\189744\val_189744_2.jpg
val_189897_1,val,189897,Cao Dai Holy See,../../data/landmark_vietnam_dataset_split\val\189897\val_189897_1.jpg
val_189897_2,val,189897,Cao Dai Holy See,../../data/landmark_vietnam_dataset_split\val\189897\val_189897_2.jpg
val_19003_1,val,19003,Bến Dược Memorial Temple,../../data/landmark_vietnam_dataset_split\val\19003\val_19003_1.jpg
val_19003_2,val,19003,Bến Dược Memorial Temple,../../data/landmark_vietnam_dataset_split\val\19003\val_19003_2.jpg
val_19003_3,val,19003,Bến Dược Memorial Temple,../../data/landmark_vietnam_dataset_split\val\19003\val_19003_3.jpg
val_190292_1,val,190292,Zone 5 Military Museum,../../data/landmark_vietnam_dataset_split\val\190292\val_190292_1.jpg
val_190292_2,val,190292,Zone 5 Military Museum,../../data/landmark_vietnam_dataset_split\val\190292\val_190292_2.jpg
val_191801_1,val,191801,Gò Đậu Stadium,../../data/landmark_vietnam_dataset_split\val\191801\val_191801_1.jpg
val_191801_2,val,191801,Gò Đậu Stadium,../../data/landmark_vietnam_dataset_split\val\191801\val_191801_2.jpg
val_194348_1,val,194348,Tomb of Emperor Thiệu Trị,../../data/landmark_vietnam_dataset_split\val\194348\val_194348_1.jpg
val_194954_1,val,194954,The Huc Bridge,../../data/landmark_vietnam_dataset_split\val\194954\val_194954_1.jpg
val_194954_2,val,194954,The Huc Bridge,../../data/landmark_vietnam_dataset_split\val\194954\val_194954_2.jpg
val_195083_1,val,195083,Reunification Palace,../../data/landmark_vietnam_dataset_split\val\195083\val_195083_1.jpg
val_195083_2,val,195083,Reunification Palace,../../data/landmark_vietnam_dataset_split\val\195083\val_195083_2.jpg
val_19534_1,val,19534,Dam Sen Cultural Park,../../data/landmark_vietnam_dataset_split\val\19534\val_19534_1.jpg
val_195579_1,val,195579,Tà Cú,../../data/landmark_vietnam_dataset_split\val\195579\val_195579_1.jpg
val_195579_2,val,195579,Tà Cú,../../data/landmark_vietnam_dataset_split\val\195579\val_195579_2.jpg
val_195954_1,val,195954,Tomb of Emperor Tự Đức,../../data/landmark_vietnam_dataset_split\val\195954\val_195954_1.jpg
val_195954_2,val,195954,Tomb of Emperor Tự Đức,../../data/landmark_vietnam_dataset_split\val\195954\val_195954_2.jpg
val_19621_1,val,19621,Hoa Phong Tower,../../data/landmark_vietnam_dataset_split\val\19621\val_19621_1.jpg
val_198060_1,val,198060,Saint Francis Xavier Church (Ho Chi Minh City),../../data/landmark_vietnam_dataset_split\val\198060\val_198060_1.jpg
val_198060_2,val,198060,Saint Francis Xavier Church (Ho Chi Minh City),../../data/landmark_vietnam_dataset_split\val\198060\val_198060_2.jpg
val_199566_1,val,199566,Thuan Phuoc Bridge,../../data/landmark_vietnam_dataset_split\val\199566\val_199566_1.jpg
val_199566_2,val,199566,Thuan Phuoc Bridge,../../data/landmark_vietnam_dataset_split\val\199566\val_199566_2.jpg
val_201016_1,val,201016,Valley of Love,../../data/landmark_vietnam_dataset_split\val\201016\val_201016_1.jpg
val_201016_2,val,201016,Valley of Love,../../data/landmark_vietnam_dataset_split\val\201016\val_201016_2.jpg
val_201016_3,val,201016,Valley of Love,../../data/landmark_vietnam_dataset_split\val\201016\val_201016_3.jpg
val_22656_1,val,22656,Hòn Dáu,../../data/landmark_vietnam_dataset_split\val\22656\val_22656_1.jpg
val_2414_1,val,2414,"St. Joseph's Cathedral, Hanoi",../../data/landmark_vietnam_dataset_split\val\2414\val_2414_1.jpg
val_2414_2,val,2414,"St. Joseph's Cathedral, Hanoi",../../data/landmark_vietnam_dataset_split\val\2414\val_2414_2.jpg
val_24264_1,val,24264,Hall of Supreme Harmony (Citadel of Huế),../../data/landmark_vietnam_dataset_split\val\24264\val_24264_1.jpg
val_24264_2,val,24264,Hall of Supreme Harmony (Citadel of Huế),../../data/landmark_vietnam_dataset_split\val\24264\val_24264_2.jpg
val_25073_1,val,25073,Anh Sao Bridge,../../data/landmark_vietnam_dataset_split\val\25073\val_25073_1.jpg
val_25569_1,val,25569,Cathedral of Christ the King (Nha Trang),../../data/landmark_vietnam_dataset_split\val\25569\val_25569_1.jpg
val_25569_2,val,25569,Cathedral of Christ the King (Nha Trang),../../data/landmark_vietnam_dataset_split\val\25569\val_25569_2.jpg
val_25693_1,val,25693,Hai Bà Trưng Temple,../../data/landmark_vietnam_dataset_split\val\25693\val_25693_1.jpg
val_25693_2,val,25693,Hai Bà Trưng Temple,../../data/landmark_vietnam_dataset_split\val\25693\val_25693_2.jpg
val_26359_1,val,26359,War Remnants Museum,../../data/landmark_vietnam_dataset_split\val\26359\val_26359_1.jpg
val_26688_1,val,26688,Gia Long Falls,../../data/landmark_vietnam_dataset_split\val\26688\val_26688_1.jpg
val_26854_1,val,26854,Huu Tiep Lake,../../data/landmark_vietnam_dataset_split\val\26854\val_26854_1.jpg
val_26854_2,val,26854,Huu Tiep Lake,../../data/landmark_vietnam_dataset_split\val\26854\val_26854_2.jpg
val_27048_1,val,27048,Museum of Vietnamese History,../../data/landmark_vietnam_dataset_split\val\27048\val_27048_1.jpg
val_27048_2,val,27048,Museum of Vietnamese History,../../data/landmark_vietnam_dataset_split\val\27048\val_27048_2.jpg
val_27605_1,val,27605,Datanla Waterfall,../../data/landmark_vietnam_dataset_split\val\27605\val_27605_1.jpg
val_27605_2,val,27605,Datanla Waterfall,../../data/landmark_vietnam_dataset_split\val\27605\val_27605_2.jpg
val_2809_1,val,2809,Xuan Thuy National Park,../../data/landmark_vietnam_dataset_split\val\2809\val_2809_1.jpg
val_2809_2,val,2809,Xuan Thuy National Park,../../data/landmark_vietnam_dataset_split\val\2809\val_2809_2.jpg
val_29884_1,val,29884,Bobla Waterfall,../../data/landmark_vietnam_dataset_split\val\29884\val_29884_1.jpg
val_29884_2,val,29884,Bobla Waterfall,../../data/landmark_vietnam_dataset_split\val\29884\val_29884_2.jpg
val_30807_1,val,30807,Chuong Duong Bridge,../../data/landmark_vietnam_dataset_split\val\30807\val_30807_1.jpg
val_30807_2,val,30807,Chuong Duong Bridge,../../data/landmark_vietnam_dataset_split\val\30807\val_30807_2.jpg
val_3113_1,val,3113,Van Hanh Zen Monastery,../../data/landmark_vietnam_dataset_split\val\3113\val_3113_1.jpg
val_3113_2,val,3113,Van Hanh Zen Monastery,../../data/landmark_vietnam_dataset_split\val\3113\val_3113_2.jpg
val_31603_1,val,31603,Buôn Akõ Dhông,../../data/landmark_vietnam_dataset_split\val\31603\val_31603_1.jpg
val_31603_2,val,31603,Buôn Akõ Dhông,../../data/landmark_vietnam_dataset_split\val\31603\val_31603_2.jpg
val_31769_1,val,31769,Fansipan,../../data/landmark_vietnam_dataset_split\val\31769\val_31769_1.jpg
val_31889_1,val,31889,Tomb of Emperor Khải Định,../../data/landmark_vietnam_dataset_split\val\31889\val_31889_1.jpg
val_31889_2,val,31889,Tomb of Emperor Khải Định,../../data/landmark_vietnam_dataset_split\val\31889\val_31889_2.jpg
val_32276_1,val,32276,Cat Ba,../../data/landmark_vietnam_dataset_split\val\32276\val_32276_1.jpg
val_32276_2,val,32276,Cat Ba,../../data/landmark_vietnam_dataset_split\val\32276\val_32276_2.jpg
val_33080_1,val,33080,Prenn Waterfall,../../data/landmark_vietnam_dataset_split\val\33080\val_33080_1.jpg
val_33080_2,val,33080,Prenn Waterfall,../../data/landmark_vietnam_dataset_split\val\33080\val_33080_2.jpg
val_34266_1,val,34266,Tomb of Emperor Minh Mạng,../../data/landmark_vietnam_dataset_split\val\34266\val_34266_1.jpg
val_34266_2,val,34266,Tomb of Emperor Minh Mạng,../../data/landmark_vietnam_dataset_split\val\34266\val_34266_2.jpg
val_34387_1,val,34387,Times City,../../data/landmark_vietnam_dataset_split\val\34387\val_34387_1.jpg
val_34610_1,val,34610,Ha Tien Islands,../../data/landmark_vietnam_dataset_split\val\34610\val_34610_1.jpg
val_35438_1,val,35438,Thu Thiem Tunnel,../../data/landmark_vietnam_dataset_split\val\35438\val_35438_1.jpg
val_35484_1,val,35484,Tram Chim National Park,../../data/landmark_vietnam_dataset_split\val\35484\val_35484_1.jpg
val_35484_2,val,35484,Tram Chim National Park,../../data/landmark_vietnam_dataset_split\val\35484\val_35484_2.jpg
val_35573_1,val,35573,Saigon Central Post Office,../../data/landmark_vietnam_dataset_split\val\35573\val_35573_1.jpg
val_35573_2,val,35573,Saigon Central Post Office,../../data/landmark_vietnam_dataset_split\val\35573\val_35573_2.jpg
val_35734_1,val,35734,Saigon Zoo and Botanical Gardens,../../data/landmark_vietnam_dataset_split\val\35734\val_35734_1.jpg
val_35734_2,val,35734,Saigon Zoo and Botanical Gardens,../../data/landmark_vietnam_dataset_split\val\35734\val_35734_2.jpg
val_36336_1,val,36336,Voi Waterfall,../../data/landmark_vietnam_dataset_split\val\36336\val_36336_1.jpg
val_36336_2,val,36336,Voi Waterfall,../../data/landmark_vietnam_dataset_split\val\36336\val_36336_2.jpg
val_37461_1,val,37461,National Museum of Vietnamese History,../../data/landmark_vietnam_dataset_split\val\37461\val_37461_1.jpg
val_40430_1,val,40430,Cuc Phuong National Park,../../data/landmark_vietnam_dataset_split\val\40430\val_40430_1.jpg
val_40430_2,val,40430,Cuc Phuong National Park,../../data/landmark_vietnam_dataset_split\val\40430\val_40430_2.jpg
val_40463_1,val,40463,Dai Nam Van Hien,../../data/landmark_vietnam_dataset_split\val\40463\val_40463_1.jpg
val_40463_2,val,40463,Dai Nam Van Hien,../../data/landmark_vietnam_dataset_split\val\40463\val_40463_2.jpg
val_4125_1,val,4125,Bitexco Financial Tower,../../data/landmark_vietnam_dataset_split\val\4125\val_4125_1.jpg
val_4125_2,val,4125,Bitexco Financial Tower,../../data/landmark_vietnam_dataset_split\val\4125\val_4125_2.jpg
val_41376_1,val,41376,Da Lat Market,../../data/landmark_vietnam_dataset_split\val\41376\val_41376_1.jpg
val_41376_2,val,41376,Da Lat Market,../../data/landmark_vietnam_dataset_split\val\41376\val_41376_2.jpg
val_44226_1,val,44226,Hàng Đẫy Stadium,../../data/landmark_vietnam_dataset_split\val\44226\val_44226_1.jpg
val_44280_1,val,44280,Tràng Tiền Plaza,../../data/landmark_vietnam_dataset_split\val\44280\val_44280_1.jpg
val_44280_2,val,44280,Tràng Tiền Plaza,../../data/landmark_vietnam_dataset_split\val\44280\val_44280_2.jpg
val_44895_1,val,44895,Hanoi Opera House,../../data/landmark_vietnam_dataset_split\val\44895\val_44895_1.jpg
val_44895_2,val,44895,Hanoi Opera House,../../data/landmark_vietnam_dataset_split\val\44895\val_44895_2.jpg
val_44907_1,val,44907,Saigon Centre,../../data/landmark_vietnam_dataset_split\val\44907\val_44907_1.jpg
val_44907_2,val,44907,Saigon Centre,../../data/landmark_vietnam_dataset_split\val\44907\val_44907_2.jpg
val_45282_1,val,45282,Tam Coc,../../data/landmark_vietnam_dataset_split\val\45282\val_45282_1.jpg
val_45282_2,val,45282,Tam Coc,../../data/landmark_vietnam_dataset_split\val\45282\val_45282_2.jpg
val_46072_1,val,46072,Vietcombank Tower,../../data/landmark_vietnam_dataset_split\val\46072\val_46072_1.jpg
val_46072_2,val,46072,Vietcombank Tower,../../data/landmark_vietnam_dataset_split\val\46072\val_46072_2.jpg
val_46328_1,val,46328,Basilica of Phu Nhai,../../data/landmark_vietnam_dataset_split\val\46328\val_46328_1.jpg
val_46540_1,val,46540,Chùa Huê Nghiêm,../../data/landmark_vietnam_dataset_split\val\46540\val_46540_1.jpg
val_46540_2,val,46540,Chùa Huê Nghiêm,../../data/landmark_vietnam_dataset_split\val\46540\val_46540_2.jpg
val_47137_1,val,47137,Domaine de Marie,../../data/landmark_vietnam_dataset_split\val\47137\val_47137_1.jpg
val_47137_2,val,47137,Domaine de Marie,../../data/landmark_vietnam_dataset_split\val\47137\val_47137_2.jpg
val_48766_1,val,48766,Cat Ba National Park,../../data/landmark_vietnam_dataset_split\val\48766\val_48766_1.jpg
val_49144_1,val,49144,Ba Na Hills,../../data/landmark_vietnam_dataset_split\val\49144\val_49144_1.jpg
val_4958_1,val,4958,"Ba Đình Square, Hanoi",../../data/landmark_vietnam_dataset_split\val\4958\val_4958_1.jpg
val_4958_2,val,4958,"Ba Đình Square, Hanoi",../../data/landmark_vietnam_dataset_split\val\4958\val_4958_2.jpg
val_4986_1,val,4986,Tien Chau Pagoda,../../data/landmark_vietnam_dataset_split\val\4986\val_4986_1.jpg
val_4986_2,val,4986,Tien Chau Pagoda,../../data/landmark_vietnam_dataset_split\val\4986\val_4986_2.jpg
val_50819_1,val,50819,Christ of Vung Tau,../../data/landmark_vietnam_dataset_split\val\50819\val_50819_1.jpg
val_51050_1,val,51050,Ho Chi Minh Museum,../../data/landmark_vietnam_dataset_split\val\51050\val_51050_1.jpg
val_51494_1,val,51494,"Bao Dai Villa, Nha Trang",../../data/landmark_vietnam_dataset_split\val\51494\val_51494_1.jpg
val_51698_1,val,51698,Cổ Pháp Pagoda,../../data/landmark_vietnam_dataset_split\val\51698\val_51698_1.jpg
val_51835_1,val,51835,Museum of Ho Chi Minh City,../../data/landmark_vietnam_dataset_split\val\51835\val_51835_1.jpg
val_51835_2,val,51835,Museum of Ho Chi Minh City,../../data/landmark_vietnam_dataset_split\val\51835\val_51835_2.jpg
val_52015_1,val,52015,Hoa Binh Dam,../../data/landmark_vietnam_dataset_split\val\52015\val_52015_1.jpg
val_52015_2,val,52015,Hoa Binh Dam,../../data/landmark_vietnam_dataset_split\val\52015\val_52015_2.jpg
val_52885_1,val,52885,Kê Gà Lighthouse,../../data/landmark_vietnam_dataset_split\val\52885\val_52885_1.jpg
val_54989_1,val,54989,Vạn Niên Pagoda,../../data/landmark_vietnam_dataset_split\val\54989\val_54989_1.jpg
val_54989_2,val,54989,Vạn Niên Pagoda,../../data/landmark_vietnam_dataset_split\val\54989\val_54989_2.jpg
val_55647_1,val,55647,Hanoi Museum,../../data/landmark_vietnam_dataset_split\val\55647\val_55647_1.jpg
val_55647_2,val,55647,Hanoi Museum,../../data/landmark_vietnam_dataset_split\val\55647\val_55647_2.jpg
val_58737_1,val,58737,Bằng An,../../data/landmark_vietnam_dataset_split\val\58737\val_58737_1.jpg
val_58737_2,val,58737,Bằng An,../../data/landmark_vietnam_dataset_split\val\58737\val_58737_2.jpg
val_58815_1,val,58815,"Golden Valley, Da Lat",../../data/landmark_vietnam_dataset_split\val\58815\val_58815_1.jpg
val_58815_2,val,58815,"Golden Valley, Da Lat",../../data/landmark_vietnam_dataset_split\val\58815\val_58815_2.jpg
val_60036_1,val,60036,Thống Nhất Stadium,../../data/landmark_vietnam_dataset_split\val\60036\val_60036_1.jpg
val_60036_2,val,60036,Thống Nhất Stadium,../../data/landmark_vietnam_dataset_split\val\60036\val_60036_2.jpg
val_60252_1,val,60252,My Thuan Bridge,../../data/landmark_vietnam_dataset_split\val\60252\val_60252_1.jpg
val_60252_2,val,60252,My Thuan Bridge,../../data/landmark_vietnam_dataset_split\val\60252\val_60252_2.jpg
val_60719_1,val,60719,Tuyen Lam Lake,../../data/landmark_vietnam_dataset_split\val\60719\val_60719_1.jpg
val_60719_2,val,60719,Tuyen Lam Lake,../../data/landmark_vietnam_dataset_split\val\60719\val_60719_2.jpg
val_62292_1,val,62292,Vĩnh Tế Canal,../../data/landmark_vietnam_dataset_split\val\62292\val_62292_1.jpg
val_62292_2,val,62292,Vĩnh Tế Canal,../../data/landmark_vietnam_dataset_split\val\62292\val_62292_2.jpg
val_62708_1,val,62708,Hai Van Pass,../../data/landmark_vietnam_dataset_split\val\62708\val_62708_1.jpg
val_62827_1,val,62827,Jeanne d'Arc Church (Ho Chi Minh City),../../data/landmark_vietnam_dataset_split\val\62827\val_62827_1.jpg
val_62827_2,val,62827,Jeanne d'Arc Church (Ho Chi Minh City),../../data/landmark_vietnam_dataset_split\val\62827\val_62827_2.jpg
val_66659_1,val,66659,Hoàng Liên Sơn mountain range,../../data/landmark_vietnam_dataset_split\val\66659\val_66659_1.jpg
val_66659_2,val,66659,Hoàng Liên Sơn mountain range,../../data/landmark_vietnam_dataset_split\val\66659\val_66659_2.jpg
val_66988_1,val,66988,Vinh Nghiem Temple,../../data/landmark_vietnam_dataset_split\val\66988\val_66988_1.jpg
val_66988_2,val,66988,Vinh Nghiem Temple,../../data/landmark_vietnam_dataset_split\val\66988\val_66988_2.jpg
val_67114_1,val,67114,Bai Dinh Pagoda,../../data/landmark_vietnam_dataset_split\val\67114\val_67114_1.jpg
val_67114_2,val,67114,Bai Dinh Pagoda,../../data/landmark_vietnam_dataset_split\val\67114\val_67114_2.jpg
val_69727_1,val,69727,Da Nang Cathedral,../../data/landmark_vietnam_dataset_split\val\69727\val_69727_1.jpg
val_69727_2,val,69727,Da Nang Cathedral,../../data/landmark_vietnam_dataset_split\val\69727\val_69727_2.jpg
val_71126_1,val,71126,Ho Chi Minh City Museum of Fine Arts,../../data/landmark_vietnam_dataset_split\val\71126\val_71126_1.jpg
val_71126_2,val,71126,Ho Chi Minh City Museum of Fine Arts,../../data/landmark_vietnam_dataset_split\val\71126\val_71126_2.jpg
val_71489_1,val,71489,Hoi Khanh Temple,../../data/landmark_vietnam_dataset_split\val\71489\val_71489_1.jpg
val_71489_2,val,71489,Hoi Khanh Temple,../../data/landmark_vietnam_dataset_split\val\71489\val_71489_2.jpg
val_72275_1,val,72275,Temple of the Jade Mountain,../../data/landmark_vietnam_dataset_split\val\72275\val_72275_1.jpg
val_72275_2,val,72275,Temple of the Jade Mountain,../../data/landmark_vietnam_dataset_split\val\72275\val_72275_2.jpg
val_73161_1,val,73161,Han River Bridge,../../data/landmark_vietnam_dataset_split\val\73161\val_73161_1.jpg
val_73161_2,val,73161,Han River Bridge,../../data/landmark_vietnam_dataset_split\val\73161\val_73161_2.jpg
val_73264_1,val,73264,Phong Nha-Ke Bang National Park,../../data/landmark_vietnam_dataset_split\val\73264\val_73264_1.jpg
val_73264_2,val,73264,Phong Nha-Ke Bang National Park,../../data/landmark_vietnam_dataset_split\val\73264\val_73264_2.jpg
val_73542_1,val,73542,Ho Chi Minh Mausoleum,../../data/landmark_vietnam_dataset_split\val\73542\val_73542_1.jpg
val_73542_2,val,73542,Ho Chi Minh Mausoleum,../../data/landmark_vietnam_dataset_split\val\73542\val_73542_2.jpg
val_75786_1,val,75786,Church of Our Lady of La Vang,../../data/landmark_vietnam_dataset_split\val\75786\val_75786_1.jpg
val_75786_2,val,75786,Church of Our Lady of La Vang,../../data/landmark_vietnam_dataset_split\val\75786\val_75786_2.jpg
val_76871_1,val,76871,Perfume Pagoda,../../data/landmark_vietnam_dataset_split\val\76871\val_76871_1.jpg
val_76871_2,val,76871,Perfume Pagoda,../../data/landmark_vietnam_dataset_split\val\76871\val_76871_2.jpg
val_78442_1,val,78442,"1-5 Square, Hanoi",../../data/landmark_vietnam_dataset_split\val\78442\val_78442_1.jpg
val_79053_1,val,79053,InterContinental Nha Trang,../../data/landmark_vietnam_dataset_split\val\79053\val_79053_1.jpg
val_79053_2,val,79053,InterContinental Nha Trang,../../data/landmark_vietnam_dataset_split\val\79053\val_79053_2.jpg
val_79684_1,val,79684,Quốc Học - Huế,../../data/landmark_vietnam_dataset_split\val\79684\val_79684_1.jpg
val_79684_2,val,79684,Quốc Học - Huế,../../data/landmark_vietnam_dataset_split\val\79684\val_79684_2.jpg
val_79723_1,val,79723,Bich Dong Pagodas,../../data/landmark_vietnam_dataset_split\val\79723\val_79723_1.jpg
val_79723_2,val,79723,Bich Dong Pagodas,../../data/landmark_vietnam_dataset_split\val\79723\val_79723_2.jpg
val_84401_1,val,84401,Dragon Bridge (Danang),../../data/landmark_vietnam_dataset_split\val\84401\val_84401_1.jpg
val_84401_2,val,84401,Dragon Bridge (Danang),../../data/landmark_vietnam_dataset_split\val\84401\val_84401_2.jpg
val_84676_1,val,84676,Côn Đảo Prison,../../data/landmark_vietnam_dataset_split\val\84676\val_84676_1.jpg
val_84676_2,val,84676,Côn Đảo Prison,../../data/landmark_vietnam_dataset_split\val\84676\val_84676_2.jpg
val_86503_1,val,86503,The Mieu Temple,../../data/landmark_vietnam_dataset_split\val\86503\val_86503_1.jpg
val_86503_2,val,86503,The Mieu Temple,../../data/landmark_vietnam_dataset_split\val\86503\val_86503_2.jpg
val_87182_1,val,87182,Black Virgin Mountain,../../data/landmark_vietnam_dataset_split\val\87182\val_87182_1.jpg
val_87182_2,val,87182,Black Virgin Mountain,../../data/landmark_vietnam_dataset_split\val\87182\val_87182_2.jpg
val_89775_1,val,89775,Hang Pagoda (An Giang Province),../../data/landmark_vietnam_dataset_split\val\89775\val_89775_1.jpg
val_89775_2,val,89775,Hang Pagoda (An Giang Province),../../data/landmark_vietnam_dataset_split\val\89775\val_89775_2.jpg
val_89882_1,val,89882,But Thap Temple,../../data/landmark_vietnam_dataset_split\val\89882\val_89882_1.jpg
val_89882_2,val,89882,But Thap Temple,../../data/landmark_vietnam_dataset_split\val\89882\val_89882_2.jpg
val_90776_1,val,90776,Chùa Giác Viên,../../data/landmark_vietnam_dataset_split\val\90776\val_90776_1.jpg
val_90811_1,val,90811,Saigon One Tower,../../data/landmark_vietnam_dataset_split\val\90811\val_90811_1.jpg
val_91317_1,val,91317,Quán Sứ Temple,../../data/landmark_vietnam_dataset_split\val\91317\val_91317_1.jpg
val_93380_1,val,93380,Saigon Trade Center,../../data/landmark_vietnam_dataset_split\val\93380\val_93380_1.jpg
val_93380_2,val,93380,Saigon Trade Center,../../data/landmark_vietnam_dataset_split\val\93380\val_93380_2.jpg
val_93615_1,val,93615,Nhat Tan Bridge,../../data/landmark_vietnam_dataset_split\val\93615\val_93615_1.jpg
val_93615_2,val,93615,Nhat Tan Bridge,../../data/landmark_vietnam_dataset_split\val\93615\val_93615_2.jpg
val_93932_1,val,93932,Giac Lam Pagoda,../../data/landmark_vietnam_dataset_split\val\93932\val_93932_1.jpg
val_93932_2,val,93932,Giac Lam Pagoda,../../data/landmark_vietnam_dataset_split\val\93932\val_93932_2.jpg
val_94769_1,val,94769,Vinh Trang Pagoda,../../data/landmark_vietnam_dataset_split\val\94769\val_94769_1.jpg
val_95547_1,val,95547,Đan Viện Thánh Mẫu Châu Sơn Đơn Dương,../../data/landmark_vietnam_dataset_split\val\95547\val_95547_1.jpg
val_97272_1,val,97272,Linh Son Pagoda,../../data/landmark_vietnam_dataset_split\val\97272\val_97272_1.jpg
val_97272_2,val,97272,Linh Son Pagoda,../../data/landmark_vietnam_dataset_split\val\97272\val_97272_2.jpg
val_97846_1,val,97846,Hoằng Pháp Temple,../../data/landmark_vietnam_dataset_split\val\97846\val_97846_1.jpg
val_97846_2,val,97846,Hoằng Pháp Temple,../../data/landmark_vietnam_dataset_split\val\97846\val_97846_2.jpg
test_10363_1,test,10363,"Pham Ngu Lao Street, Ho Chi Minh City",../../data/landmark_vietnam_dataset_split\test\10363\test_10363_1.jpg
test_10363_2,test,10363,"Pham Ngu Lao Street, Ho Chi Minh City",../../data/landmark_vietnam_dataset_split\test\10363\test_10363_2.jpg
test_104622_1,test,104622,Kim Lien shrine,../../data/landmark_vietnam_dataset_split\test\104622\test_104622_1.jpg
test_104627_1,test,104627,Pavilion of Splendour (Citadel of Huế),../../data/landmark_vietnam_dataset_split\test\104627\test_104627_1.jpg
test_104627_2,test,104627,Pavilion of Splendour (Citadel of Huế),../../data/landmark_vietnam_dataset_split\test\104627\test_104627_2.jpg
test_104627_3,test,104627,Pavilion of Splendour (Citadel of Huế),../../data/landmark_vietnam_dataset_split\test\104627\test_104627_3.jpg
test_104896_1,test,104896,Angkorajaborey Pagoda,../../data/landmark_vietnam_dataset_split\test\104896\test_104896_1.jpg
test_104896_2,test,104896,Angkorajaborey Pagoda,../../data/landmark_vietnam_dataset_split\test\104896\test_104896_2.jpg
test_107747_1,test,107747,"Imperial City, Huế",../../data/landmark_vietnam_dataset_split\test\107747\test_107747_1.jpg
test_107747_2,test,107747,"Imperial City, Huế",../../data/landmark_vietnam_dataset_split\test\107747\test_107747_2.jpg
test_10877_1,test,10877,Phat Tich pagoda,../../data/landmark_vietnam_dataset_split\test\10877\test_10877_1.jpg
test_10877_2,test,10877,Phat Tich pagoda,../../data/landmark_vietnam_dataset_split\test\10877\test_10877_2.jpg
test_109509_1,test,109509,Bach Ma,../../data/landmark_vietnam_dataset_split\test\109509\test_109509_1.jpg
test_109509_2,test,109509,Bach Ma,../../data/landmark_vietnam_dataset_split\test\109509\test_109509_2.jpg
test_109993_1,test,109993,Nui Coc Lake,../../data/landmark_vietnam_dataset_split\test\109993\test_109993_1.jpg
test_109993_2,test,109993,Nui Coc Lake,../../data/landmark_vietnam_dataset_split\test\109993\test_109993_2.jpg
test_110950_1,test,110950,Pagoda of the Celestial Lady,../../data/landmark_vietnam_dataset_split\test\110950\test_110950_1.jpg
test_110950_2,test,110950,Pagoda of the Celestial Lady,../../data/landmark_vietnam_dataset_split\test\110950\test_110950_2.jpg
test_111065_1,test,111065,Flag Tower of Huế,../../data/landmark_vietnam_dataset_split\test\111065\test_111065_1.jpg
test_111065_2,test,111065,Flag Tower of Huế,../../data/landmark_vietnam_dataset_split\test\111065\test_111065_2.jpg
test_111065_3,test,111065,Flag Tower of Huế,../../data/landmark_vietnam_dataset_split\test\111065\test_111065_3.jpg
test_112557_1,test,112557,Tinh Xa Trung Tam,../../data/landmark_vietnam_dataset_split\test\112557\test_112557_1.jpg
test_113331_1,test,113331,Phu My Bridge,../../data/landmark_vietnam_dataset_split\test\113331\test_113331_1.jpg
test_113331_2,test,113331,Phu My Bridge,../../data/landmark_vietnam_dataset_split\test\113331\test_113331_2.jpg
test_113331_3,test,113331,Phu My Bridge,../../data/landmark_vietnam_dataset_split\test\113331\test_113331_3.jpg
test_115883_1,test,115883,Phat Diem Church,../../data/landmark_vietnam_dataset_split\test\115883\test_115883_1.jpg
test_115883_2,test,115883,Phat Diem Church,../../data/landmark_vietnam_dataset_split\test\115883\test_115883_2.jpg
test_116334_1,test,116334,"Thien Hau Temple, Ho Chi Minh City",../../data/landmark_vietnam_dataset_split\test\116334\test_116334_1.jpg
test_116334_2,test,116334,"Thien Hau Temple, Ho Chi Minh City",../../data/landmark_vietnam_dataset_split\test\116334\test_116334_2.jpg
test_116334_3,test,116334,"Thien Hau Temple, Ho Chi Minh City",../../data/landmark_vietnam_dataset_split\test\116334\test_116334_3.jpg
test_117500_1,test,117500,Chùa Đại Giác,../../data/landmark_vietnam_dataset_split\test\117500\test_117500_1.jpg
test_117745_1,test,117745,Miếu Nhị Phủ,../../data/landmark_vietnam_dataset_split\test\117745\test_117745_1.jpg
test_117745_2,test,117745,Miếu Nhị Phủ,../../data/landmark_vietnam_dataset_split\test\117745\test_117745_2.jpg
test_118748_1,test,118748,Cu Chi Tunnel,../../data/landmark_vietnam_dataset_split\test\118748\test_118748_1.jpg
test_118748_2,test,118748,Cu Chi Tunnel,../../data/landmark_vietnam_dataset_split\test\118748\test_118748_2.jpg
test_119206_1,test,119206,Thánh thất Đa Phước,../../data/landmark_vietnam_dataset_split\test\119206\test_119206_1.jpg
test_119206_2,test,119206,Thánh thất Đa Phước,../../data/landmark_vietnam_dataset_split\test\119206\test_119206_2.jpg
test_119243_1,test,119243,Bạch Dinh,../../data/landmark_vietnam_dataset_split\test\119243\test_119243_1.jpg
test_119243_2,test,119243,Bạch Dinh,../../data/landmark_vietnam_dataset_split\test\119243\test_119243_2.jpg
test_120976_1,test,120976,Kim Liên Pagoda,../../data/landmark_vietnam_dataset_split\test\120976\test_120976_1.jpg
test_120976_2,test,120976,Kim Liên Pagoda,../../data/landmark_vietnam_dataset_split\test\120976\test_120976_2.jpg
test_121100_1,test,121100,Son Doong Cave,../../data/landmark_vietnam_dataset_split\test\121100\test_121100_1.jpg
test_121481_1,test,121481,One Pillar Pagoda,../../data/landmark_vietnam_dataset_split\test\121481\test_121481_1.jpg
test_121481_2,test,121481,One Pillar Pagoda,../../data/landmark_vietnam_dataset_split\test\121481\test_121481_2.jpg
test_121533_1,test,121533,Keangnam Hanoi Landmark Tower,../../data/landmark_vietnam_dataset_split\test\121533\test_121533_1.jpg
test_121533_2,test,121533,Keangnam Hanoi Landmark Tower,../../data/landmark_vietnam_dataset_split\test\121533\test_121533_2.jpg
test_121721_1,test,121721,Thien Duong Cave,../../data/landmark_vietnam_dataset_split\test\121721\test_121721_1.jpg
test_121721_2,test,121721,Thien Duong Cave,../../data/landmark_vietnam_dataset_split\test\121721\test_121721_2.jpg
test_122786_1,test,122786,Regina Pacis Cathedral (Long Xuyen),../../data/landmark_vietnam_dataset_split\test\122786\test_122786_1.jpg
test_122786_2,test,122786,Regina Pacis Cathedral (Long Xuyen),../../data/landmark_vietnam_dataset_split\test\122786\test_122786_2.jpg
test_124454_1,test,124454,Hanoi Botanical Garden,../../data/landmark_vietnam_dataset_split\test\124454\test_124454_1.jpg
test_125300_1,test,125300,Chùa Cầu,../../data/landmark_vietnam_dataset_split\test\125300\test_125300_1.jpg
test_128015_1,test,128015,Cam Ranh Bay,../../data/landmark_vietnam_dataset_split\test\128015\test_128015_1.jpg
test_128015_2,test,128015,Cam Ranh Bay,../../data/landmark_vietnam_dataset_split\test\128015\test_128015_2.jpg
test_128228_1,test,128228,Thac Ba Lake,../../data/landmark_vietnam_dataset_split\test\128228\test_128228_1.jpg
test_128310_1,test,128310,Chi Lang Stadium,../../data/landmark_vietnam_dataset_split\test\128310\test_128310_1.jpg
test_128310_2,test,128310,Chi Lang Stadium,../../data/landmark_vietnam_dataset_split\test\128310\test_128310_2.jpg
test_128374_1,test,128374,Vung Tau lighthouse,../../data/landmark_vietnam_dataset_split\test\128374\test_128374_1.jpg
test_128374_2,test,128374,Vung Tau lighthouse,../../data/landmark_vietnam_dataset_split\test\128374\test_128374_2.jpg
test_129798_1,test,129798,Vietnamese Women's Museum,../../data/landmark_vietnam_dataset_split\test\129798\test_129798_1.jpg
test_129798_2,test,129798,Vietnamese Women's Museum,../../data/landmark_vietnam_dataset_split\test\129798\test_129798_2.jpg
test_130230_1,test,130230,Museum of Cham Sculpture,../../data/landmark_vietnam_dataset_split\test\130230\test_130230_1.jpg
test_130230_2,test,130230,Museum of Cham Sculpture,../../data/landmark_vietnam_dataset_split\test\130230\test_130230_2.jpg
test_131182_1,test,131182,National Library of Vietnam,../../data/landmark_vietnam_dataset_split\test\131182\test_131182_1.jpg
test_131182_2,test,131182,National Library of Vietnam,../../data/landmark_vietnam_dataset_split\test\131182\test_131182_2.jpg
test_133325_1,test,133325,Bai Chay Bridge,../../data/landmark_vietnam_dataset_split\test\133325\test_133325_1.jpg
test_133325_2,test,133325,Bai Chay Bridge,../../data/landmark_vietnam_dataset_split\test\133325\test_133325_2.jpg
test_133572_1,test,133572,Đền Mẫu Âu Cơ,../../data/landmark_vietnam_dataset_split\test\133572\test_133572_1.jpg
test_133572_2,test,133572,Đền Mẫu Âu Cơ,../../data/landmark_vietnam_dataset_split\test\133572\test_133572_2.jpg
test_133933_1,test,133933,Lotte Center Hanoi,../../data/landmark_vietnam_dataset_split\test\133933\test_133933_1.jpg
test_133933_2,test,133933,Lotte Center Hanoi,../../data/landmark_vietnam_dataset_split\test\133933\test_133933_2.jpg
test_134053_1,test,134053,Kim Bồng Village,../../data/landmark_vietnam_dataset_split\test\134053\test_134053_1.jpg
test_134053_2,test,134053,Kim Bồng Village,../../data/landmark_vietnam_dataset_split\test\134053\test_134053_2.jpg
test_134422_1,test,134422,Trấn Quốc Pagoda,../../data/landmark_vietnam_dataset_split\test\134422\test_134422_1.jpg
test_134422_2,test,134422,Trấn Quốc Pagoda,../../data/landmark_vietnam_dataset_split\test\134422\test_134422_2.jpg
test_134878_1,test,134878,Turtle Tower,../../data/landmark_vietnam_dataset_split\test\134878\test_134878_1.jpg
test_134878_2,test,134878,Turtle Tower,../../data/landmark_vietnam_dataset_split\test\134878\test_134878_2.jpg
test_135320_1,test,135320,"Quan Am Pagoda, Ho Chi Minh City",../../data/landmark_vietnam_dataset_split\test\135320\test_135320_1.jpg
test_135320_2,test,135320,"Quan Am Pagoda, Ho Chi Minh City",../../data/landmark_vietnam_dataset_split\test\135320\test_135320_2.jpg
test_136317_1,test,136317,Bình An Cemetery,../../data/landmark_vietnam_dataset_split\test\136317\test_136317_1.jpg
test_136317_2,test,136317,Bình An Cemetery,../../data/landmark_vietnam_dataset_split\test\136317\test_136317_2.jpg
test_136610_1,test,136610,The Rockpile,../../data/landmark_vietnam_dataset_split\test\136610\test_136610_1.jpg
test_136610_2,test,136610,The Rockpile,../../data/landmark_vietnam_dataset_split\test\136610\test_136610_2.jpg
test_137130_1,test,137130,Linh Phuoc Pagoda,../../data/landmark_vietnam_dataset_split\test\137130\test_137130_1.jpg
test_137130_2,test,137130,Linh Phuoc Pagoda,../../data/landmark_vietnam_dataset_split\test\137130\test_137130_2.jpg
test_137138_1,test,137138,Xuan Huong Lake,../../data/landmark_vietnam_dataset_split\test\137138\test_137138_1.jpg
test_137138_2,test,137138,Xuan Huong Lake,../../data/landmark_vietnam_dataset_split\test\137138\test_137138_2.jpg
test_139377_1,test,139377,Deutsches Haus Ho Chi Minh Stadt,../../data/landmark_vietnam_dataset_split\test\139377\test_139377_1.jpg
test_139377_2,test,139377,Deutsches Haus Ho Chi Minh Stadt,../../data/landmark_vietnam_dataset_split\test\139377\test_139377_2.jpg
test_14034_1,test,14034,"Presidential Palace, Hanoi",../../data/landmark_vietnam_dataset_split\test\14034\test_14034_1.jpg
test_140932_1,test,140932,Vietnam Museum of Ethnology,../../data/landmark_vietnam_dataset_split\test\140932\test_140932_1.jpg
test_14098_1,test,14098,My Son,../../data/landmark_vietnam_dataset_split\test\14098\test_14098_1.jpg
test_14098_2,test,14098,My Son,../../data/landmark_vietnam_dataset_split\test\14098\test_14098_2.jpg
test_141206_1,test,141206,"Truc Lam Zen Monastery, Da Lat",../../data/landmark_vietnam_dataset_split\test\141206\test_141206_1.jpg
test_141856_1,test,141856,My Dinh National Stadium,../../data/landmark_vietnam_dataset_split\test\141856\test_141856_1.jpg
test_141856_2,test,141856,My Dinh National Stadium,../../data/landmark_vietnam_dataset_split\test\141856\test_141856_2.jpg
test_142465_1,test,142465,People's Committee Building of Ho Chi Minh City,../../data/landmark_vietnam_dataset_split\test\142465\test_142465_1.jpg
test_144275_1,test,144275,Da Lat Flower Park,../../data/landmark_vietnam_dataset_split\test\144275\test_144275_1.jpg
test_144275_2,test,144275,Da Lat Flower Park,../../data/landmark_vietnam_dataset_split\test\144275\test_144275_2.jpg
test_145173_1,test,145173,Thần-quang Pagoda (Trực-ninh),../../data/landmark_vietnam_dataset_split\test\145173\test_145173_1.jpg
test_145173_2,test,145173,Thần-quang Pagoda (Trực-ninh),../../data/landmark_vietnam_dataset_split\test\145173\test_145173_2.jpg
test_145844_1,test,145844,Flag Tower of Hanoi,../../data/landmark_vietnam_dataset_split\test\145844\test_145844_1.jpg
test_145844_2,test,145844,Flag Tower of Hanoi,../../data/landmark_vietnam_dataset_split\test\145844\test_145844_2.jpg
test_148756_1,test,148756,Suoi Tien Amusement Park,../../data/landmark_vietnam_dataset_split\test\148756\test_148756_1.jpg
test_148756_2,test,148756,Suoi Tien Amusement Park,../../data/landmark_vietnam_dataset_split\test\148756\test_148756_2.JPG
test_149285_1,test,149285,Vietnam Military History Museum,../../data/landmark_vietnam_dataset_split\test\149285\test_149285_1.jpg
test_149285_2,test,149285,Vietnam Military History Museum,../../data/landmark_vietnam_dataset_split\test\149285\test_149285_2.jpg
test_149368_1,test,149368,Thap Poshaknu cham towers,../../data/landmark_vietnam_dataset_split\test\149368\test_149368_1.jpg
test_149368_2,test,149368,Thap Poshaknu cham towers,../../data/landmark_vietnam_dataset_split\test\149368\test_149368_2.jpg
test_149535_1,test,149535,InterContinental hotels,../../data/landmark_vietnam_dataset_split\test\149535\test_149535_1.jpg
test_149535_2,test,149535,InterContinental hotels,../../data/landmark_vietnam_dataset_split\test\149535\test_149535_2.jpg
test_149877_1,test,149877,Son La Dam,../../data/landmark_vietnam_dataset_split\test\149877\test_149877_1.jpg
test_149877_2,test,149877,Son La Dam,../../data/landmark_vietnam_dataset_split\test\149877\test_149877_2.jpg
test_151011_1,test,151011,Quán Thánh Temple,../../data/landmark_vietnam_dataset_split\test\151011\test_151011_1.jpg
test_151058_1,test,151058,Dragon Wharf,../../data/landmark_vietnam_dataset_split\test\151058\test_151058_1.jpg
test_151058_2,test,151058,Dragon Wharf,../../data/landmark_vietnam_dataset_split\test\151058\test_151058_2.jpg
test_152377_1,test,152377,Long Bien Bridge,../../data/landmark_vietnam_dataset_split\test\152377\test_152377_1.jpg
test_152377_2,test,152377,Long Bien Bridge,../../data/landmark_vietnam_dataset_split\test\152377\test_152377_2.jpg
test_152437_1,test,152437,Kính Thiên Palace,../../data/landmark_vietnam_dataset_split\test\152437\test_152437_1.jpg
test_152437_2,test,152437,Kính Thiên Palace,../../data/landmark_vietnam_dataset_split\test\152437\test_152437_2.jpg
test_152501_1,test,152501,Cốc Lếu Bridge,../../data/landmark_vietnam_dataset_split\test\152501\test_152501_1.jpg
test_152501_2,test,152501,Cốc Lếu Bridge,../../data/landmark_vietnam_dataset_split\test\152501\test_152501_2.jpg
test_153668_1,test,153668,Saigon Notre-Dame Basilica,../../data/landmark_vietnam_dataset_split\test\153668\test_153668_1.jpg
test_153668_2,test,153668,Saigon Notre-Dame Basilica,../../data/landmark_vietnam_dataset_split\test\153668\test_153668_2.jpg
test_154569_1,test,154569,Jade Emperor Pagoda,../../data/landmark_vietnam_dataset_split\test\154569\test_154569_1.jpg
test_155319_1,test,155319,Ben Thanh Market,../../data/landmark_vietnam_dataset_split\test\155319\test_155319_1.jpg
test_155319_2,test,155319,Ben Thanh Market,../../data/landmark_vietnam_dataset_split\test\155319\test_155319_2.jpg
test_156825_1,test,156825,Hang Pagoda (Tra Vinh Province),../../data/landmark_vietnam_dataset_split\test\156825\test_156825_1.jpg
test_156825_2,test,156825,Hang Pagoda (Tra Vinh Province),../../data/landmark_vietnam_dataset_split\test\156825\test_156825_2.jpg
test_157989_1,test,157989,U Minh Thuong,../../data/landmark_vietnam_dataset_split\test\157989\test_157989_1.jpg
test_157989_2,test,157989,U Minh Thuong,../../data/landmark_vietnam_dataset_split\test\157989\test_157989_2.jpg
test_158425_1,test,158425,Long Tan Cross,../../data/landmark_vietnam_dataset_split\test\158425\test_158425_1.jpg
test_158425_2,test,158425,Long Tan Cross,../../data/landmark_vietnam_dataset_split\test\158425\test_158425_2.jpg
test_159148_1,test,159148,Vietnam National Museum of Fine Arts,../../data/landmark_vietnam_dataset_split\test\159148\test_159148_1.jpg
test_159148_2,test,159148,Vietnam National Museum of Fine Arts,../../data/landmark_vietnam_dataset_split\test\159148\test_159148_2.jpg
test_159672_1,test,159672,An Dinh Residence,../../data/landmark_vietnam_dataset_split\test\159672\test_159672_1.jpg
test_162524_1,test,162524,Cathedral of Da Lat,../../data/landmark_vietnam_dataset_split\test\162524\test_162524_1.jpg
test_162524_2,test,162524,Cathedral of Da Lat,../../data/landmark_vietnam_dataset_split\test\162524\test_162524_2.jpg
test_162524_3,test,162524,Cathedral of Da Lat,../../data/landmark_vietnam_dataset_split\test\162524\test_162524_3.jpg
test_162703_1,test,162703,Tân Định Church,../../data/landmark_vietnam_dataset_split\test\162703\test_162703_1.jpg
test_16314_1,test,16314,Opera House of Ho Chi Minh City,../../data/landmark_vietnam_dataset_split\test\16314\test_16314_1.jpg
test_16314_2,test,16314,Opera House of Ho Chi Minh City,../../data/landmark_vietnam_dataset_split\test\16314\test_16314_2.jpg
test_163230_1,test,163230,Bà Lụa Islands,../../data/landmark_vietnam_dataset_split\test\163230\test_163230_1.jpg
test_163230_2,test,163230,Bà Lụa Islands,../../data/landmark_vietnam_dataset_split\test\163230\test_163230_2.jpg
test_164543_1,test,164543,Đồng Xuân Market,../../data/landmark_vietnam_dataset_split\test\164543\test_164543_1.jpg
test_164543_2,test,164543,Đồng Xuân Market,../../data/landmark_vietnam_dataset_split\test\164543\test_164543_2.jpg
test_165388_1,test,165388,Hang Cop Waterfall,../../data/landmark_vietnam_dataset_split\test\165388\test_165388_1.jpg
test_165669_1,test,165669,Ba Vi National Park,../../data/landmark_vietnam_dataset_split\test\165669\test_165669_1.jpg
test_165669_2,test,165669,Ba Vi National Park,../../data/landmark_vietnam_dataset_split\test\165669\test_165669_2.jpg
test_168064_1,test,168064,Xa Loi Pagoda,../../data/landmark_vietnam_dataset_split\test\168064\test_168064_1.jpg
test_168064_2,test,168064,Xa Loi Pagoda,../../data/landmark_vietnam_dataset_split\test\168064\test_168064_2.jpg
test_173200_1,test,173200,Hang Nga guesthouse,../../data/landmark_vietnam_dataset_split\test\173200\test_173200_1.jpg
test_173200_2,test,173200,Hang Nga guesthouse,../../data/landmark_vietnam_dataset_split\test\173200\test_173200_2.jpg
test_174562_1,test,174562,Can Tho Bridge,../../data/landmark_vietnam_dataset_split\test\174562\test_174562_1.jpg
test_174562_2,test,174562,Can Tho Bridge,../../data/landmark_vietnam_dataset_split\test\174562\test_174562_2.jpg
test_174562_3,test,174562,Can Tho Bridge,../../data/landmark_vietnam_dataset_split\test\174562\test_174562_3.jpg
test_177220_1,test,177220,Cat Tien National Park,../../data/landmark_vietnam_dataset_split\test\177220\test_177220_1.jpg
test_178816_1,test,178816,Phu Quoc,../../data/landmark_vietnam_dataset_split\test\178816\test_178816_1.jpg
test_178816_2,test,178816,Phu Quoc,../../data/landmark_vietnam_dataset_split\test\178816\test_178816_2.jpg
test_179766_1,test,179766,Cù Hill,../../data/landmark_vietnam_dataset_split\test\179766\test_179766_1.jpg
test_179766_2,test,179766,Cù Hill,../../data/landmark_vietnam_dataset_split\test\179766\test_179766_2.jpg
test_180385_1,test,180385,Tay An Pagoda,../../data/landmark_vietnam_dataset_split\test\180385\test_180385_1.jpg
test_180385_2,test,180385,Tay An Pagoda,../../data/landmark_vietnam_dataset_split\test\180385\test_180385_2.jpg
test_182673_1,test,182673,Tomb of Emperor Gia Long,../../data/landmark_vietnam_dataset_split\test\182673\test_182673_1.jpg
test_182673_2,test,182673,Tomb of Emperor Gia Long,../../data/landmark_vietnam_dataset_split\test\182673\test_182673_2.jpg
test_183876_1,test,183876,Con Dao Islands,../../data/landmark_vietnam_dataset_split\test\183876\test_183876_1.jpg
test_183876_2,test,183876,Con Dao Islands,../../data/landmark_vietnam_dataset_split\test\183876\test_183876_2.jpg
test_184326_1,test,184326,Ban Gioc Waterfalls,../../data/landmark_vietnam_dataset_split\test\184326\test_184326_1.jpg
test_184326_2,test,184326,Ban Gioc Waterfalls,../../data/landmark_vietnam_dataset_split\test\184326\test_184326_2.jpg
test_184716_1,test,184716,Ly Bat De Shrine,../../data/landmark_vietnam_dataset_split\test\184716\test_184716_1.jpg
test_184716_2,test,184716,Ly Bat De Shrine,../../data/landmark_vietnam_dataset_split\test\184716\test_184716_2.jpg
test_184903_1,test,184903,Cổ Loa Citadel,../../data/landmark_vietnam_dataset_split\test\184903\test_184903_1.jpg
test_184903_2,test,184903,Cổ Loa Citadel,../../data/landmark_vietnam_dataset_split\test\184903\test_184903_2.jpg
test_185687_1,test,185687,Saigon Times Square,../../data/landmark_vietnam_dataset_split\test\185687\test_185687_1.jpg
test_185687_2,test,185687,Saigon Times Square,../../data/landmark_vietnam_dataset_split\test\185687\test_185687_2.jpg
test_185687_3,test,185687,Saigon Times Square,../../data/landmark_vietnam_dataset_split\test\185687\test_185687_3.jpg
test_185771_1,test,185771,Hanoi Ceramic Mosaic Mural,../../data/landmark_vietnam_dataset_split\test\185771\test_185771_1.jpg
test_185771_2,test,185771,Hanoi Ceramic Mosaic Mural,../../data/landmark_vietnam_dataset_split\test\185771\test_185771_2.jpg
test_185834_1,test,185834,Po Nagar,../../data/landmark_vietnam_dataset_split\test\185834\test_185834_1.jpg
test_185834_2,test,185834,Po Nagar,../../data/landmark_vietnam_dataset_split\test\185834\test_185834_2.jpg
test_186946_1,test,186946,Hanoi Hilton,../../data/landmark_vietnam_dataset_split\test\186946\test_186946_1.jpg
test_186946_2,test,186946,Hanoi Hilton,../../data/landmark_vietnam_dataset_split\test\186946\test_186946_2.jpg
test_186946_3,test,186946,Hanoi Hilton,../../data/landmark_vietnam_dataset_split\test\186946\test_186946_3.jpg
test_18959_1,test,18959,Saint Joseph Church (Ho Chi Minh City),../../data/landmark_vietnam_dataset_split\test\18959\test_18959_1.jpg
test_18959_2,test,18959,Saint Joseph Church (Ho Chi Minh City),../../data/landmark_vietnam_dataset_split\test\18959\test_18959_2.jpg
test_189744_1,test,189744,West Lake (Hanoi),../../data/landmark_vietnam_dataset_split\test\189744\test_189744_1.jpg
test_189744_2,test,189744,West Lake (Hanoi),../../data/landmark_vietnam_dataset_split\test\189744\test_189744_2.jpg
test_189897_1,test,189897,Cao Dai Holy See,../../data/landmark_vietnam_dataset_split\test\189897\test_189897_1.jpg
test_189897_2,test,189897,Cao Dai Holy See,../../data/landmark_vietnam_dataset_split\test\189897\test_189897_2.jpg
test_19003_1,test,19003,Bến Dược Memorial Temple,../../data/landmark_vietnam_dataset_split\test\19003\test_19003_1.jpg
test_19003_2,test,19003,Bến Dược Memorial Temple,../../data/landmark_vietnam_dataset_split\test\19003\test_19003_2.jpg
test_190292_1,test,190292,Zone 5 Military Museum,../../data/landmark_vietnam_dataset_split\test\190292\test_190292_1.jpg
test_190292_2,test,190292,Zone 5 Military Museum,../../data/landmark_vietnam_dataset_split\test\190292\test_190292_2.jpg
test_190292_3,test,190292,Zone 5 Military Museum,../../data/landmark_vietnam_dataset_split\test\190292\test_190292_3.jpg
test_191801_1,test,191801,Gò Đậu Stadium,../../data/landmark_vietnam_dataset_split\test\191801\test_191801_1.jpg
test_191801_2,test,191801,Gò Đậu Stadium,../../data/landmark_vietnam_dataset_split\test\191801\test_191801_2.jpg
test_194348_1,test,194348,Tomb of Emperor Thiệu Trị,../../data/landmark_vietnam_dataset_split\test\194348\test_194348_1.jpg
test_194954_1,test,194954,The Huc Bridge,../../data/landmark_vietnam_dataset_split\test\194954\test_194954_1.jpg
test_194954_2,test,194954,The Huc Bridge,../../data/landmark_vietnam_dataset_split\test\194954\test_194954_2.jpg
test_194954_3,test,194954,The Huc Bridge,../../data/landmark_vietnam_dataset_split\test\194954\test_194954_3.jpg
test_195083_1,test,195083,Reunification Palace,../../data/landmark_vietnam_dataset_split\test\195083\test_195083_1.jpg
test_195083_2,test,195083,Reunification Palace,../../data/landmark_vietnam_dataset_split\test\195083\test_195083_2.jpg
test_195083_3,test,195083,Reunification Palace,../../data/landmark_vietnam_dataset_split\test\195083\test_195083_3.jpg
test_19534_1,test,19534,Dam Sen Cultural Park,../../data/landmark_vietnam_dataset_split\test\19534\test_19534_1.jpg
test_19534_2,test,19534,Dam Sen Cultural Park,../../data/landmark_vietnam_dataset_split\test\19534\test_19534_2.jpg
test_195579_1,test,195579,Tà Cú,../../data/landmark_vietnam_dataset_split\test\195579\test_195579_1.jpg
test_195579_2,test,195579,Tà Cú,../../data/landmark_vietnam_dataset_split\test\195579\test_195579_2.jpg
test_195954_1,test,195954,Tomb of Emperor Tự Đức,../../data/landmark_vietnam_dataset_split\test\195954\test_195954_1.jpg
test_195954_2,test,195954,Tomb of Emperor Tự Đức,../../data/landmark_vietnam_dataset_split\test\195954\test_195954_2.jpg
test_195954_3,test,195954,Tomb of Emperor Tự Đức,../../data/landmark_vietnam_dataset_split\test\195954\test_195954_3.jpg
test_19621_1,test,19621,Hoa Phong Tower,../../data/landmark_vietnam_dataset_split\test\19621\test_19621_1.jpg
test_19621_2,test,19621,Hoa Phong Tower,../../data/landmark_vietnam_dataset_split\test\19621\test_19621_2.jpg
test_198060_1,test,198060,Saint Francis Xavier Church (Ho Chi Minh City),../../data/landmark_vietnam_dataset_split\test\198060\test_198060_1.jpg
test_199566_1,test,199566,Thuan Phuoc Bridge,../../data/landmark_vietnam_dataset_split\test\199566\test_199566_1.jpg
test_199566_2,test,199566,Thuan Phuoc Bridge,../../data/landmark_vietnam_dataset_split\test\199566\test_199566_2.jpg
test_199566_3,test,199566,Thuan Phuoc Bridge,../../data/landmark_vietnam_dataset_split\test\199566\test_199566_3.jpg
test_201016_1,test,201016,Valley of Love,../../data/landmark_vietnam_dataset_split\test\201016\test_201016_1.jpg
test_201016_2,test,201016,Valley of Love,../../data/landmark_vietnam_dataset_split\test\201016\test_201016_2.jpg
test_22656_1,test,22656,Hòn Dáu,../../data/landmark_vietnam_dataset_split\test\22656\test_22656_1.jpg
test_22656_2,test,22656,Hòn Dáu,../../data/landmark_vietnam_dataset_split\test\22656\test_22656_2.jpg
test_2414_1,test,2414,"St. Joseph's Cathedral, Hanoi",../../data/landmark_vietnam_dataset_split\test\2414\test_2414_1.jpg
test_24264_1,test,24264,Hall of Supreme Harmony (Citadel of Huế),../../data/landmark_vietnam_dataset_split\test\24264\test_24264_1.jpg
test_24264_2,test,24264,Hall of Supreme Harmony (Citadel of Huế),../../data/landmark_vietnam_dataset_split\test\24264\test_24264_2.jpg
test_25073_1,test,25073,Anh Sao Bridge,../../data/landmark_vietnam_dataset_split\test\25073\test_25073_1.jpg
test_25073_2,test,25073,Anh Sao Bridge,../../data/landmark_vietnam_dataset_split\test\25073\test_25073_2.jpg
test_25569_1,test,25569,Cathedral of Christ the King (Nha Trang),../../data/landmark_vietnam_dataset_split\test\25569\test_25569_1.jpg
test_25569_2,test,25569,Cathedral of Christ the King (Nha Trang),../../data/landmark_vietnam_dataset_split\test\25569\test_25569_2.jpg
test_25693_1,test,25693,Hai Bà Trưng Temple,../../data/landmark_vietnam_dataset_split\test\25693\test_25693_1.jpg
test_26359_1,test,26359,War Remnants Museum,../../data/landmark_vietnam_dataset_split\test\26359\test_26359_1.jpg
test_26359_2,test,26359,War Remnants Museum,../../data/landmark_vietnam_dataset_split\test\26359\test_26359_2.jpg
test_26688_1,test,26688,Gia Long Falls,../../data/landmark_vietnam_dataset_split\test\26688\test_26688_1.jpg
test_26688_2,test,26688,Gia Long Falls,../../data/landmark_vietnam_dataset_split\test\26688\test_26688_2.jpg
test_26854_1,test,26854,Huu Tiep Lake,../../data/landmark_vietnam_dataset_split\test\26854\test_26854_1.jpg
test_26854_2,test,26854,Huu Tiep Lake,../../data/landmark_vietnam_dataset_split\test\26854\test_26854_2.jpg
test_27048_1,test,27048,Museum of Vietnamese History,../../data/landmark_vietnam_dataset_split\test\27048\test_27048_1.jpg
test_27048_2,test,27048,Museum of Vietnamese History,../../data/landmark_vietnam_dataset_split\test\27048\test_27048_2.jpg
test_27605_1,test,27605,Datanla Waterfall,../../data/landmark_vietnam_dataset_split\test\27605\test_27605_1.jpg
test_27605_2,test,27605,Datanla Waterfall,../../data/landmark_vietnam_dataset_split\test\27605\test_27605_2.jpg
test_2809_1,test,2809,Xuan Thuy National Park,../../data/landmark_vietnam_dataset_split\test\2809\test_2809_1.jpg
test_2809_2,test,2809,Xuan Thuy National Park,../../data/landmark_vietnam_dataset_split\test\2809\test_2809_2.jpg
test_29884_1,test,29884,Bobla Waterfall,../../data/landmark_vietnam_dataset_split\test\29884\test_29884_1.jpg
test_29884_2,test,29884,Bobla Waterfall,../../data/landmark_vietnam_dataset_split\test\29884\test_29884_2.jpg
test_30807_1,test,30807,Chuong Duong Bridge,../../data/landmark_vietnam_dataset_split\test\30807\test_30807_1.jpg
test_30807_2,test,30807,Chuong Duong Bridge,../../data/landmark_vietnam_dataset_split\test\30807\test_30807_2.jpg
test_3113_1,test,3113,Van Hanh Zen Monastery,../../data/landmark_vietnam_dataset_split\test\3113\test_3113_1.jpg
test_3113_2,test,3113,Van Hanh Zen Monastery,../../data/landmark_vietnam_dataset_split\test\3113\test_3113_2.jpg
test_31603_1,test,31603,Buôn Akõ Dhông,../../data/landmark_vietnam_dataset_split\test\31603\test_31603_1.jpg
test_31603_2,test,31603,Buôn Akõ Dhông,../../data/landmark_vietnam_dataset_split\test\31603\test_31603_2.jpg
test_31603_3,test,31603,Buôn Akõ Dhông,../../data/landmark_vietnam_dataset_split\test\31603\test_31603_3.jpg
test_31769_1,test,31769,Fansipan,../../data/landmark_vietnam_dataset_split\test\31769\test_31769_1.jpg
test_31769_2,test,31769,Fansipan,../../data/landmark_vietnam_dataset_split\test\31769\test_31769_2.jpg
test_31889_1,test,31889,Tomb of Emperor Khải Định,../../data/landmark_vietnam_dataset_split\test\31889\test_31889_1.jpg
test_31889_2,test,31889,Tomb of Emperor Khải Định,../../data/landmark_vietnam_dataset_split\test\31889\test_31889_2.jpg
test_32276_1,test,32276,Cat Ba,../../data/landmark_vietnam_dataset_split\test\32276\test_32276_1.jpg
test_32276_2,test,32276,Cat Ba,../../data/landmark_vietnam_dataset_split\test\32276\test_32276_2.jpg
test_33080_1,test,33080,Prenn Waterfall,../../data/landmark_vietnam_dataset_split\test\33080\test_33080_1.jpg
test_33080_2,test,33080,Prenn Waterfall,../../data/landmark_vietnam_dataset_split\test\33080\test_33080_2.jpg
test_34266_1,test,34266,Tomb of Emperor Minh Mạng,../../data/landmark_vietnam_dataset_split\test\34266\test_34266_1.jpg
test_34387_1,test,34387,Times City,../../data/landmark_vietnam_dataset_split\test\34387\test_34387_1.jpg
test_34387_2,test,34387,Times City,../../data/landmark_vietnam_dataset_split\test\34387\test_34387_2.jpg
test_34610_1,test,34610,Ha Tien Islands,../../data/landmark_vietnam_dataset_split\test\34610\test_34610_1.jpg
test_34610_2,test,34610,Ha Tien Islands,../../data/landmark_vietnam_dataset_split\test\34610\test_34610_2.jpg
test_35438_1,test,35438,Thu Thiem Tunnel,../../data/landmark_vietnam_dataset_split\test\35438\test_35438_1.jpg
test_35438_2,test,35438,Thu Thiem Tunnel,../../data/landmark_vietnam_dataset_split\test\35438\test_35438_2.jpg
test_35484_1,test,35484,Tram Chim National Park,../../data/landmark_vietnam_dataset_split\test\35484\test_35484_1.jpg
test_35484_2,test,35484,Tram Chim National Park,../../data/landmark_vietnam_dataset_split\test\35484\test_35484_2.jpg
test_35573_1,test,35573,Saigon Central Post Office,../../data/landmark_vietnam_dataset_split\test\35573\test_35573_1.jpg
test_35573_2,test,35573,Saigon Central Post Office,../../data/landmark_vietnam_dataset_split\test\35573\test_35573_2.jpg
test_35734_1,test,35734,Saigon Zoo and Botanical Gardens,../../data/landmark_vietnam_dataset_split\test\35734\test_35734_1.jpg
test_35734_2,test,35734,Saigon Zoo and Botanical Gardens,../../data/landmark_vietnam_dataset_split\test\35734\test_35734_2.jpg
test_36336_1,test,36336,Voi Waterfall,../../data/landmark_vietnam_dataset_split\test\36336\test_36336_1.jpg
test_36336_2,test,36336,Voi Waterfall,../../data/landmark_vietnam_dataset_split\test\36336\test_36336_2.jpg
test_37461_1,test,37461,National Museum of Vietnamese History,../../data/landmark_vietnam_dataset_split\test\37461\test_37461_1.jpg
test_37461_2,test,37461,National Museum of Vietnamese History,../../data/landmark_vietnam_dataset_split\test\37461\test_37461_2.jpg
test_40430_1,test,40430,Cuc Phuong National Park,../../data/landmark_vietnam_dataset_split\test\40430\test_40430_1.jpg
test_40430_2,test,40430,Cuc Phuong National Park,../../data/landmark_vietnam_dataset_split\test\40430\test_40430_2.jpg
test_40463_1,test,40463,Dai Nam Van Hien,../../data/landmark_vietnam_dataset_split\test\40463\test_40463_1.jpg
test_40463_2,test,40463,Dai Nam Van Hien,../../data/landmark_vietnam_dataset_split\test\40463\test_40463_2.jpg
test_4125_1,test,4125,Bitexco Financial Tower,../../data/landmark_vietnam_dataset_split\test\4125\test_4125_1.jpg
test_4125_2,test,4125,Bitexco Financial Tower,../../data/landmark_vietnam_dataset_split\test\4125\test_4125_2.jpg
test_4125_3,test,4125,Bitexco Financial Tower,../../data/landmark_vietnam_dataset_split\test\4125\test_4125_3.jpg
test_41376_1,test,41376,Da Lat Market,../../data/landmark_vietnam_dataset_split\test\41376\test_41376_1.jpg
test_41376_2,test,41376,Da Lat Market,../../data/landmark_vietnam_dataset_split\test\41376\test_41376_2.jpg
test_44226_1,test,44226,Hàng Đẫy Stadium,../../data/landmark_vietnam_dataset_split\test\44226\test_44226_1.jpg
test_44226_2,test,44226,Hàng Đẫy Stadium,../../data/landmark_vietnam_dataset_split\test\44226\test_44226_2.jpg
test_44280_1,test,44280,Tràng Tiền Plaza,../../data/landmark_vietnam_dataset_split\test\44280\test_44280_1.jpg
test_44280_2,test,44280,Tràng Tiền Plaza,../../data/landmark_vietnam_dataset_split\test\44280\test_44280_2.jpg
test_44895_1,test,44895,Hanoi Opera House,../../data/landmark_vietnam_dataset_split\test\44895\test_44895_1.jpg
test_44895_2,test,44895,Hanoi Opera House,../../data/landmark_vietnam_dataset_split\test\44895\test_44895_2.jpg
test_44907_1,test,44907,Saigon Centre,../../data/landmark_vietnam_dataset_split\test\44907\test_44907_1.jpg
test_44907_2,test,44907,Saigon Centre,../../data/landmark_vietnam_dataset_split\test\44907\test_44907_2.jpg
test_45282_1,test,45282,Tam Coc,../../data/landmark_vietnam_dataset_split\test\45282\test_45282_1.jpg
test_45282_2,test,45282,Tam Coc,../../data/landmark_vietnam_dataset_split\test\45282\test_45282_2.jpg
test_46072_1,test,46072,Vietcombank Tower,../../data/landmark_vietnam_dataset_split\test\46072\test_46072_1.jpg
test_46328_1,test,46328,Basilica of Phu Nhai,../../data/landmark_vietnam_dataset_split\test\46328\test_46328_1.jpg
test_46328_2,test,46328,Basilica of Phu Nhai,../../data/landmark_vietnam_dataset_split\test\46328\test_46328_2.jpg
test_46540_1,test,46540,Chùa Huê Nghiêm,../../data/landmark_vietnam_dataset_split\test\46540\test_46540_1.jpg
test_46540_2,test,46540,Chùa Huê Nghiêm,../../data/landmark_vietnam_dataset_split\test\46540\test_46540_2.jpg
test_47137_1,test,47137,Domaine de Marie,../../data/landmark_vietnam_dataset_split\test\47137\test_47137_1.jpg
test_47137_2,test,47137,Domaine de Marie,../../data/landmark_vietnam_dataset_split\test\47137\test_47137_2.jpg
test_48766_1,test,48766,Cat Ba National Park,../../data/landmark_vietnam_dataset_split\test\48766\test_48766_1.jpg
test_48766_2,test,48766,Cat Ba National Park,../../data/landmark_vietnam_dataset_split\test\48766\test_48766_2.jpg
test_49144_1,test,49144,Ba Na Hills,../../data/landmark_vietnam_dataset_split\test\49144\test_49144_1.jpg
test_49144_2,test,49144,Ba Na Hills,../../data/landmark_vietnam_dataset_split\test\49144\test_49144_2.jpg
test_4958_1,test,4958,"Ba Đình Square, Hanoi",../../data/landmark_vietnam_dataset_split\test\4958\test_4958_1.jpg
test_4958_2,test,4958,"Ba Đình Square, Hanoi",../../data/landmark_vietnam_dataset_split\test\4958\test_4958_2.jpg
test_4958_3,test,4958,"Ba Đình Square, Hanoi",../../data/landmark_vietnam_dataset_split\test\4958\test_4958_3.jpg
test_4986_1,test,4986,Tien Chau Pagoda,../../data/landmark_vietnam_dataset_split\test\4986\test_4986_1.jpg
test_4986_2,test,4986,Tien Chau Pagoda,../../data/landmark_vietnam_dataset_split\test\4986\test_4986_2.jpg
test_50819_1,test,50819,Christ of Vung Tau,../../data/landmark_vietnam_dataset_split\test\50819\test_50819_1.jpg
test_50819_2,test,50819,Christ of Vung Tau,../../data/landmark_vietnam_dataset_split\test\50819\test_50819_2.jpg
test_51050_1,test,51050,Ho Chi Minh Museum,../../data/landmark_vietnam_dataset_split\test\51050\test_51050_1.jpg
test_51494_1,test,51494,"Bao Dai Villa, Nha Trang",../../data/landmark_vietnam_dataset_split\test\51494\test_51494_1.jpg
test_51494_2,test,51494,"Bao Dai Villa, Nha Trang",../../data/landmark_vietnam_dataset_split\test\51494\test_51494_2.jpg
test_51698_1,test,51698,Cổ Pháp Pagoda,../../data/landmark_vietnam_dataset_split\test\51698\test_51698_1.jpg
test_51835_1,test,51835,Museum of Ho Chi Minh City,../../data/landmark_vietnam_dataset_split\test\51835\test_51835_1.jpg
test_52015_1,test,52015,Hoa Binh Dam,../../data/landmark_vietnam_dataset_split\test\52015\test_52015_1.jpg
test_52885_1,test,52885,Kê Gà Lighthouse,../../data/landmark_vietnam_dataset_split\test\52885\test_52885_1.jpg
test_52885_2,test,52885,Kê Gà Lighthouse,../../data/landmark_vietnam_dataset_split\test\52885\test_52885_2.jpg
test_54989_1,test,54989,Vạn Niên Pagoda,../../data/landmark_vietnam_dataset_split\test\54989\test_54989_1.jpg
test_54989_2,test,54989,Vạn Niên Pagoda,../../data/landmark_vietnam_dataset_split\test\54989\test_54989_2.jpg
test_55647_1,test,55647,Hanoi Museum,../../data/landmark_vietnam_dataset_split\test\55647\test_55647_1.jpg
test_55647_2,test,55647,Hanoi Museum,../../data/landmark_vietnam_dataset_split\test\55647\test_55647_2.jpg
test_58737_1,test,58737,Bằng An,../../data/landmark_vietnam_dataset_split\test\58737\test_58737_1.jpg
test_58737_2,test,58737,Bằng An,../../data/landmark_vietnam_dataset_split\test\58737\test_58737_2.jpg
test_58815_1,test,58815,"Golden Valley, Da Lat",../../data/landmark_vietnam_dataset_split\test\58815\test_58815_1.jpg
test_58815_2,test,58815,"Golden Valley, Da Lat",../../data/landmark_vietnam_dataset_split\test\58815\test_58815_2.jpg
test_60036_1,test,60036,Thống Nhất Stadium,../../data/landmark_vietnam_dataset_split\test\60036\test_60036_1.jpg
test_60252_1,test,60252,My Thuan Bridge,../../data/landmark_vietnam_dataset_split\test\60252\test_60252_1.jpg
test_60252_2,test,60252,My Thuan Bridge,../../data/landmark_vietnam_dataset_split\test\60252\test_60252_2.jpg
test_60252_3,test,60252,My Thuan Bridge,../../data/landmark_vietnam_dataset_split\test\60252\test_60252_3.jpg
test_60719_1,test,60719,Tuyen Lam Lake,../../data/landmark_vietnam_dataset_split\test\60719\test_60719_1.jpg
test_62292_1,test,62292,Vĩnh Tế Canal,../../data/landmark_vietnam_dataset_split\test\62292\test_62292_1.jpg
test_62292_2,test,62292,Vĩnh Tế Canal,../../data/landmark_vietnam_dataset_split\test\62292\test_62292_2.jpg
test_62708_1,test,62708,Hai Van Pass,../../data/landmark_vietnam_dataset_split\test\62708\test_62708_1.jpg
test_62708_2,test,62708,Hai Van Pass,../../data/landmark_vietnam_dataset_split\test\62708\test_62708_2.jpg
test_62827_1,test,62827,Jeanne d'Arc Church (Ho Chi Minh City),../../data/landmark_vietnam_dataset_split\test\62827\test_62827_1.jpg
test_62827_2,test,62827,Jeanne d'Arc Church (Ho Chi Minh City),../../data/landmark_vietnam_dataset_split\test\62827\test_62827_2.jpg
test_66659_1,test,66659,Hoàng Liên Sơn mountain range,../../data/landmark_vietnam_dataset_split\test\66659\test_66659_1.jpg
test_66659_2,test,66659,Hoàng Liên Sơn mountain range,../../data/landmark_vietnam_dataset_split\test\66659\test_66659_2.jpg
test_66988_1,test,66988,Vinh Nghiem Temple,../../data/landmark_vietnam_dataset_split\test\66988\test_66988_1.jpg
test_66988_2,test,66988,Vinh Nghiem Temple,../../data/landmark_vietnam_dataset_split\test\66988\test_66988_2.jpg
test_67114_1,test,67114,Bai Dinh Pagoda,../../data/landmark_vietnam_dataset_split\test\67114\test_67114_1.jpg
test_69727_1,test,69727,Da Nang Cathedral,../../data/landmark_vietnam_dataset_split\test\69727\test_69727_1.jpg
test_69727_2,test,69727,Da Nang Cathedral,../../data/landmark_vietnam_dataset_split\test\69727\test_69727_2.jpg
test_71126_1,test,71126,Ho Chi Minh City Museum of Fine Arts,../../data/landmark_vietnam_dataset_split\test\71126\test_71126_1.jpg
test_71126_2,test,71126,Ho Chi Minh City Museum of Fine Arts,../../data/landmark_vietnam_dataset_split\test\71126\test_71126_2.jpg
test_71489_1,test,71489,Hoi Khanh Temple,../../data/landmark_vietnam_dataset_split\test\71489\test_71489_1.jpg
test_71489_2,test,71489,Hoi Khanh Temple,../../data/landmark_vietnam_dataset_split\test\71489\test_71489_2.jpg
test_72275_1,test,72275,Temple of the Jade Mountain,../../data/landmark_vietnam_dataset_split\test\72275\test_72275_1.jpg
test_73161_1,test,73161,Han River Bridge,../../data/landmark_vietnam_dataset_split\test\73161\test_73161_1.jpg
test_73161_2,test,73161,Han River Bridge,../../data/landmark_vietnam_dataset_split\test\73161\test_73161_2.jpg
test_73264_1,test,73264,Phong Nha-Ke Bang National Park,../../data/landmark_vietnam_dataset_split\test\73264\test_73264_1.jpg
test_73264_2,test,73264,Phong Nha-Ke Bang National Park,../../data/landmark_vietnam_dataset_split\test\73264\test_73264_2.jpg
test_73542_1,test,73542,Ho Chi Minh Mausoleum,../../data/landmark_vietnam_dataset_split\test\73542\test_73542_1.jpg
test_73542_2,test,73542,Ho Chi Minh Mausoleum,../../data/landmark_vietnam_dataset_split\test\73542\test_73542_2.jpg
test_75786_1,test,75786,Church of Our Lady of La Vang,../../data/landmark_vietnam_dataset_split\test\75786\test_75786_1.jpg
test_76871_1,test,76871,Perfume Pagoda,../../data/landmark_vietnam_dataset_split\test\76871\test_76871_1.jpg
test_76871_2,test,76871,Perfume Pagoda,../../data/landmark_vietnam_dataset_split\test\76871\test_76871_2.jpg
test_78442_1,test,78442,"1-5 Square, Hanoi",../../data/landmark_vietnam_dataset_split\test\78442\test_78442_1.jpg
test_78442_2,test,78442,"1-5 Square, Hanoi",../../data/landmark_vietnam_dataset_split\test\78442\test_78442_2.jpg
test_79053_1,test,79053,InterContinental Nha Trang,../../data/landmark_vietnam_dataset_split\test\79053\test_79053_1.jpg
test_79053_2,test,79053,InterContinental Nha Trang,../../data/landmark_vietnam_dataset_split\test\79053\test_79053_2.jpg
test_79684_1,test,79684,Quốc Học - Huế,../../data/landmark_vietnam_dataset_split\test\79684\test_79684_1.jpg
test_79684_2,test,79684,Quốc Học - Huế,../../data/landmark_vietnam_dataset_split\test\79684\test_79684_2.jpg
test_79723_1,test,79723,Bich Dong Pagodas,../../data/landmark_vietnam_dataset_split\test\79723\test_79723_1.jpg
test_79723_2,test,79723,Bich Dong Pagodas,../../data/landmark_vietnam_dataset_split\test\79723\test_79723_2.jpg
test_84401_1,test,84401,Dragon Bridge (Danang),../../data/landmark_vietnam_dataset_split\test\84401\test_84401_1.jpg
test_84401_2,test,84401,Dragon Bridge (Danang),../../data/landmark_vietnam_dataset_split\test\84401\test_84401_2.jpg
test_84676_1,test,84676,Côn Đảo Prison,../../data/landmark_vietnam_dataset_split\test\84676\test_84676_1.jpg
test_86503_1,test,86503,The Mieu Temple,../../data/landmark_vietnam_dataset_split\test\86503\test_86503_1.jpg
test_86503_2,test,86503,The Mieu Temple,../../data/landmark_vietnam_dataset_split\test\86503\test_86503_2.jpg
test_87182_1,test,87182,Black Virgin Mountain,../../data/landmark_vietnam_dataset_split\test\87182\test_87182_1.jpg
test_87182_2,test,87182,Black Virgin Mountain,../../data/landmark_vietnam_dataset_split\test\87182\test_87182_2.jpg
test_89775_1,test,89775,Hang Pagoda (An Giang Province),../../data/landmark_vietnam_dataset_split\test\89775\test_89775_1.jpg
test_89882_1,test,89882,But Thap Temple,../../data/landmark_vietnam_dataset_split\test\89882\test_89882_1.jpg
test_89882_2,test,89882,But Thap Temple,../../data/landmark_vietnam_dataset_split\test\89882\test_89882_2.jpg
test_90776_1,test,90776,Chùa Giác Viên,../../data/landmark_vietnam_dataset_split\test\90776\test_90776_1.jpg
test_90776_2,test,90776,Chùa Giác Viên,../../data/landmark_vietnam_dataset_split\test\90776\test_90776_2.jpg
test_90811_1,test,90811,Saigon One Tower,../../data/landmark_vietnam_dataset_split\test\90811\test_90811_1.jpg
test_90811_2,test,90811,Saigon One Tower,../../data/landmark_vietnam_dataset_split\test\90811\test_90811_2.jpg
test_91317_1,test,91317,Quán Sứ Temple,../../data/landmark_vietnam_dataset_split\test\91317\test_91317_1.jpg
test_91317_2,test,91317,Quán Sứ Temple,../../data/landmark_vietnam_dataset_split\test\91317\test_91317_2.jpg
test_93380_1,test,93380,Saigon Trade Center,../../data/landmark_vietnam_dataset_split\test\93380\test_93380_1.jpg
test_93615_1,test,93615,Nhat Tan Bridge,../../data/landmark_vietnam_dataset_split\test\93615\test_93615_1.jpg
test_93932_1,test,93932,Giac Lam Pagoda,../../data/landmark_vietnam_dataset_split\test\93932\test_93932_1.jpg
test_93932_2,test,93932,Giac Lam Pagoda,../../data/landmark_vietnam_dataset_split\test\93932\test_93932_2.jpg
test_94769_1,test,94769,Vinh Trang Pagoda,../../data/landmark_vietnam_dataset_split\test\94769\test_94769_1.jpg
test_94769_2,test,94769,Vinh Trang Pagoda,../../data/landmark_vietnam_dataset_split\test\94769\test_94769_2.jpg
test_95547_1,test,95547,Đan Viện Thánh Mẫu Châu Sơn Đơn Dương,../../data/landmark_vietnam_dataset_split\test\95547\test_95547_1.jpg
test_97272_1,test,97272,Linh Son Pagoda,../../data/landmark_vietnam_dataset_split\test\97272\test_97272_1.jpg
test_97272_2,test,97272,Linh Son Pagoda,../../data/landmark_vietnam_dataset_split\test\97272\test_97272_2.jpg
test_97272_3,test,97272,Linh Son Pagoda,../../data/landmark_vietnam_dataset_split\test\97272\test_97272_3.jpg
test_97846_1,test,97846,Hoằng Pháp Temple,../../data/landmark_vietnam_dataset_split\test\97846\test_97846_1.jpg
test_97846_2,test,97846,Hoằng Pháp Temple,../../data/landmark_vietnam_dataset_split\test\97846\test_97846_2.jpg
